{
    "basic_metrics": {
        "mse": 2.9845214157830924e-05,
        "rmse": 0.00546307722106576,
        "mae": 0.003302591387182474,
        "r2": 0.9998606443405151,
        "pred_mean": -0.22325584292411804,
        "pred_std": 0.4631013572216034,
        "true_mean": -0.22294828295707703,
        "true_std": 0.4628254771232605
    },
    "bias_analysis": {
        "bias_range_2": -0.0015264080138877034,
        "bias_range_3": 0.003988890442997217,
        "bias_range_4": -0.0021609137766063213
    },
    "top_k_metrics": {
        "ndcg@10": 0.9999261988451502,
        "precision@10": 1.0,
        "recall@10": 1.0
    },
    "cold_start_metrics": {
        "cold_both": {
            "count": 2286,
            "mse": 2.9845214157830924e-05,
            "rmse": 0.00546307722106576,
            "mae": 0.003302591387182474,
            "r2": 0.9998606443405151,
            "pred_mean": -0.22325584292411804,
            "pred_std": 0.4631013572216034,
            "true_mean": -0.22294828295707703,
            "true_std": 0.4628254771232605
        }
    }
}