{
    "basic_metrics": {
        "mse": 7.188371091615409e-05,
        "rmse": 0.00847842637449503,
        "mae": 0.00569083821028471,
        "r2": 0.9996644258499146,
        "pred_mean": -0.21903754770755768,
        "pred_std": 0.4664979577064514,
        "true_mean": -0.22294828295707703,
        "true_std": 0.4628254771232605
    },
    "bias_analysis": {
        "bias_range_2": 0.001061323913745582,
        "bias_range_3": 0.0066596572287380695,
        "bias_range_4": 0.0068604652769863605
    },
    "top_k_metrics": {
        "ndcg@10": 0.9973431920656678,
        "precision@10": 0.9,
        "recall@10": 0.9
    },
    "cold_start_metrics": {
        "cold_both": {
            "count": 2286,
            "mse": 7.188371091615409e-05,
            "rmse": 0.00847842637449503,
            "mae": 0.00569083821028471,
            "r2": 0.9996644258499146,
            "pred_mean": -0.21903754770755768,
            "pred_std": 0.4664979577064514,
            "true_mean": -0.22294828295707703,
            "true_std": 0.4628254771232605
        }
    }
}