{
    "error_mean": 0.003910736180841923,
    "error_std": 0.007522622123360634,
    "error_median": 0.0020524635910987854,
    "error_mae": 0.00569083821028471,
    "error_rmse": 0.00847842637449503,
    "correlation": 0.9999001818671303
}