{
    "train_loss": [
        67.67675671836203,
        1.5537138926659444,
        0.2772343650373609,
        0.1063806138023041,
        0.05058768324106354,
        0.03798153565821144,
        0.03078588201166239,
        0.02065744059694599,
        0.018256866245877083,
        0.01834323427860098,
        0.016475838461038908,
        0.015141644297608052,
        0.011171249481903518,
        0.009351143846288323,
        0.00765166470290039,
        0.006394789176956974,
        0.006160135255935205,
        0.004970516010490787,
        0.005676965806777625,
        0.007282988702546256,
        0.004286491530478116,
        0.004085161380267652,
        0.004078482090434161,
        0.004104742822968293,
        0.003540532822971586,
        0.003718367870716566,
        0.002790442571565581,
        0.0028204333069625984,
        0.003152368619565152,
        0.0024870934693346724,
        0.003120637196702738,
        0.0029144234284794665,
        0.002699455510632698,
        0.00385799594115206,
        0.0020257158602214266,
        0.001955791184423282,
        0.0019294706358467843,
        0.0016296487722352738,
        0.0020725484918252485,
        0.0014821951608751114,
        0.0018163254922670998,
        0.0013464826004410003,
        0.0016712172566272334,
        0.0016309287563298447,
        0.0012278695313405253,
        0.0010306194955153687,
        0.0025132665319942196,
        0.0010100694300716044,
        0.0014594214301251324,
        0.0010430435727322438,
        0.0010079939293204951,
        0.0009231351465104119,
        0.0025370696364620396,
        0.0009511301987497642,
        0.0011466796530903382,
        0.0008996842657360284,
        0.0009202682611134531,
        0.00119618191301431,
        0.001023039136172404,
        0.0007044011069883145,
        0.0008732212668820826
    ],
    "train_rmse": [
        6.768954514506229,
        1.1560296087166264,
        0.5083647515701252,
        0.3139051669196945,
        0.2163830145148868,
        0.1867269655329424,
        0.16271933955942816,
        0.13742452313639603,
        0.12864475483646481,
        0.12675615032474363,
        0.1161834456688745,
        0.11567501852003739,
        0.10001754617406834,
        0.09125810726511334,
        0.08237251770584558,
        0.07630293243310408,
        0.07385807610742727,
        0.06669980464660137,
        0.07040194790574689,
        0.06865542728482,
        0.06222267362101055,
        0.060780773727988235,
        0.060513659745474443,
        0.06060086038849516,
        0.05655059732401771,
        0.056069279364588616,
        0.05079063374757352,
        0.05058085598225914,
        0.05143023159083699,
        0.04721599292664383,
        0.04934131785362918,
        0.04985317760911359,
        0.04435638738342159,
        0.046543971727984655,
        0.043009384513074185,
        0.041425086970641144,
        0.041561254220878356,
        0.03884464952283505,
        0.04254337847833112,
        0.03656310833010174,
        0.03603698476867698,
        0.0350580378072372,
        0.03506093703199091,
        0.03225113944141605,
        0.03149147717232957,
        0.03053338715788037,
        0.03168256763643126,
        0.029642790881725035,
        0.03213982208563357,
        0.030368467150571562,
        0.030335513089291517,
        0.028542847975272956,
        0.03215019137521799,
        0.029194781076623988,
        0.029764093505053504,
        0.02781422579674689,
        0.028691991711879833,
        0.026982374483569948,
        0.02715594204003369,
        0.024878230631034347,
        0.02706908618507616
    ],
    "train_mae": [
        4.929623753756516,
        0.8444554605918337,
        0.38169113529282944,
        0.23960903500632721,
        0.1673480150138223,
        0.14897647098630898,
        0.12865442466423954,
        0.10969468087766522,
        0.1033604717993921,
        0.1031412053275709,
        0.09240907182296117,
        0.09435573624548062,
        0.08148500061947708,
        0.07500132940016514,
        0.06689474263856578,
        0.06210445874016876,
        0.05953571208312299,
        0.053278185419969315,
        0.057432033886858656,
        0.05579016443572996,
        0.049930662400442964,
        0.04899743079503839,
        0.04838177215221316,
        0.04885691415893939,
        0.045183683666147924,
        0.04441555003209632,
        0.04037230143453493,
        0.04020532715141542,
        0.04100529063319744,
        0.037527099482772885,
        0.03950719728834869,
        0.03887040734060051,
        0.035527141880272894,
        0.03727176526287036,
        0.03429393976378117,
        0.032724180785838025,
        0.032955859704737286,
        0.030657708081741664,
        0.03393825592992957,
        0.029570758270547372,
        0.0287268317752164,
        0.028424945298957734,
        0.028185591278525518,
        0.026028473031266715,
        0.02524699423779813,
        0.024395785897306,
        0.02567853786903181,
        0.02367173292305927,
        0.02576468330483104,
        0.02423486085031037,
        0.024302476977337468,
        0.022795929739526075,
        0.02623968730254691,
        0.023440697443375524,
        0.023863790253567142,
        0.022299733355843513,
        0.023045608867681765,
        0.02127886658837629,
        0.021637593590935995,
        0.020061363469693783,
        0.021601660372039606
    ],
    "val_loss": [
        2.8791692729653984,
        0.21202642624748164,
        0.09241655019336734,
        0.025568536723610657,
        0.025667232621846527,
        0.006600385202608746,
        0.006660167031503957,
        0.004239975298144694,
        0.015284583486359695,
        0.004507668958655719,
        0.01272036722893345,
        0.006237624783133124,
        0.00720142092202501,
        0.005688383003118737,
        0.0009750388402106433,
        0.004492750158533454,
        0.001493292190295098,
        0.0019358975154444061,
        0.0012965372097196765,
        0.001879589604053261,
        0.0008509579728807098,
        0.0005100934499280591,
        0.0013371390121956837,
        0.0005672966056816472,
        0.00047019094977415456,
        0.0010307459281115182,
        0.0008069649740154373,
        0.00045274644999780916,
        0.0005614552330747567,
        0.00073688386152659,
        0.001014325324172989,
        0.000451463883329215,
        0.00044179672439550533,
        0.0015842786604731247,
        0.0005460829807220605,
        0.0009369867540703252,
        0.0003362093216153504,
        0.0016910227734178048,
        0.0011119140263903759,
        0.0008741733798725081,
        0.0006648964953111035,
        0.0009136244369638635,
        0.00040232366179758364,
        0.0005341271452348808,
        0.0002606374704367321,
        0.00011699140605773649,
        0.00042826911797827304,
        0.0005896021431344079,
        0.00041172790626096056,
        0.0002628303336678073,
        0.0001152769909822382,
        0.0002637519275344073,
        0.0009566056923459059,
        0.00018885708464197172,
        0.00032130390373540335,
        0.0003014748067000945,
        0.00021377937258060636,
        0.00014578216861740783,
        0.000125957385723174,
        0.00029785696272577707,
        0.0002029115210712791
    ],