{
    "train_loss": [
        3.294540122151375,
        2.3058663941919804,
        1.9263661354780197,
        1.5284557864069939,
        1.3076455928385258,
        1.1112797986716032,
        0.9067387972027063,
        0.7338633816689253,
        0.5626710318028927,
        0.43615950644016266,
        0.3280575764365494,
        0.24638596223667264,
        0.1750019732862711,
        0.12239508982747793,
        0.08935236663091928,
        0.06199356133583933,
        0.05109352752333507,
        0.04127859172876924,
        0.0321945920586586,
        0.02928167366189882,
        0.027542528114281595,
        0.023392814211547375,
        0.023220159171614796,
        0.021165717334952205,
        0.020511944487225264,
        0.01917823826079257,
        0.018868480809032917,
        0.017246193019673228,
        0.017415124806575477,
        0.016387545445468277,
        0.017185927514219657
    ],
    "val_loss": [
        0.6749604046344757,
        0.33597760115350994,
        0.215279082102435,
        0.1994990078466279,
        0.1699911787041596,
        0.12847493482487543,
        0.08669627138546535,
        0.07610204416726317,
        0.0754992136997836,
        0.049468906064118655,
        0.04294526443949768,
        0.02590233593114785,
        0.02216321017060961,
        0.019708847693566765,
        0.011449073840464865,
        0.010174045405749763,
        0.00931174321366208,
        0.005525240208953619,
        0.004366951462413583,
        0.0044248792941549,
        0.0037887802879725185,
        0.003052191825450531,
        0.003757965152284929,
        0.002835904746981604,
        0.0023010376441691604,
        0.0014898641051591507,
        0.002390672469378582,
        0.0025888669936518583,
        0.0022080160062094884,
        0.00174417975358665,
        0.0022636837592082365
    ],
    "lr": [
        0.0005,
        0.0005,
        0.0005,
        0.0005,
        0.0005,
        0.0005,
        0.0005,
        0.0005,
        0.0005,
        0.0005,
        0.0005,
        0.0005,
        0.0005,
        0.0005,
        0.0005,
        0.0005,
        0.0005,
        0.0005,
        0.0005,
        0.0005,
        0.0005,
        0.0005,
        0.0005,
        0.0005,
        0.0005,
        0.0005,
        0.0005,
        0.0005,
        0.0005,
        0.0005,
        0.0005
    ]
}