{
    "train_loss": [
        3.6414863765239716,
        2.702420637011528,
        2.1646658778190613,
        1.7952226884663105,
        1.448132585734129,
        1.2083821259438992,
        0.9762663375586271,
        0.7860381901264191,
        0.6314273159950972,
        0.4761095615103841,
        0.34211301198229194,
        0.2526143630966544,
        0.18250616919249296,
        0.13068581419065595,
        0.08620082889683545,
        0.0637240830110386,
        0.04939550289418548,
        0.04058772826101631,
        0.03434777690563351,
        0.03029162879101932,
        0.026881969533860683,
        0.026006022468209267,
        0.023405868792906404,
        0.02173554798355326,
        0.020985787792596966,
        0.01977521480876021,
        0.019099336699582636,
        0.018677732470678166,
        0.01801959061413072,
        0.016868107515620068,
        0.017137820890638977,
        0.015909751848084852,
        0.01591133209876716,
        0.0156890306097921,
        0.015112931025214493,
        0.014956884348066524,
        0.015848854556679726,
        0.014473832939984277,
        0.01425927274976857,
        0.01385133049916476,
        0.014121588377747685,
        0.014119477476924658,
        0.01328216545516625
    ],
    "val_loss": [
        0.600727413381849,
        0.3362706686769213,
        0.25949948600360323,
        0.19134528615645,
        0.14162266201206616,
        0.11884926791701998,
        0.10401607624122075,
        0.07809027497257505,
        0.07358631810971669,
        0.06040911749005318,
        0.03954910673201084,
        0.03014469106814691,
        0.02114171308598348,
        0.01618439830573542,
        0.01482266214277063,
        0.01240301484774266,
        0.00891378615051508,
        0.007455671871347087,
        0.00672645860218576,
        0.005276394375999059,
        0.004808459198102355,
        0.003911360200228435,
        0.00437045400030911,
        0.0030140524530517204,
        0.0032520381500944495,
        0.0025084515967007193,
        0.0024774799322975533,
        0.0023821600978927954,
        0.0026302705352593747,
        0.0019122300769335457,
        0.001952531057343419,
        0.0019421877223066986,
        0.0014912192709743977,
        0.0017178004075373923,
        0.00153336238249072,
        0.001530601443456752,
        0.002155231262025024,
        0.0012755665063325847,
        0.0016010824807121285,
        0.0020019934911813054,
        0.001374357654380479,
        0.0017202435992658138,
        0.0014663919656803565
    ],
    "lr": [
        0.0005,
        0.0005,
        0.0005,
        0.0005,
        0.0005,
        0.0005,
        0.0005,
        0.0005,
        0.0005,
        0.0005,
        0.0005,
        0.0005,
        0.0005,
        0.0005,
        0.0005,
        0.0005,
        0.0005,
        0.0005,
        0.0005,
        0.0005,
        0.0005,
        0.0005,
        0.0005,
        0.0005,
        0.0005,
        0.0005,
        0.0005,
        0.0005,
        0.0005,
        0.0005,
        0.0005,
        0.0005,
        0.0005,
        0.0005,
        0.0005,
        0.0005,
        0.0005,
        0.0005,
        0.0005,
        0.0005,
        0.0005,
        0.0005,
        0.0005
    ]
}