{
    "train_loss": [
        3.685485430061817,
        2.7343532107770443,
        2.1805685088038445,
        1.87527010217309,
        1.5205665118992329,
        1.3049021661281586,
        1.0891638565808535,
        0.8753121085464954,
        0.7752780113369226,
        0.5510249808430672,
        0.43423952255398035,
        0.3471935694105923,
        0.24844345171004534,
        0.17370216944254935,
        0.13852209481410682,
        0.0948662533191964,
        0.06646324251778424,
        0.05359936482273042,
        0.046155471238307655,
        0.03806484455708414,
        0.032813439902383834,
        0.029217188828624785,
        0.026577296142932028,
        0.025060335639864206,
        0.02406877768225968,
        0.02212679578224197,
        0.02146408797125332,
        0.019726795493625104,
        0.020335007982794195,
        0.01904034079052508,
        0.01884671740117483,
        0.017846186994574964,
        0.018253871763590723,
        0.0170166632742621,
        0.01703373616328463,
        0.016007089929189533,
        0.015264071960700676,
        0.015011936804512516,
        0.015207269956590608,
        0.01465729993651621,
        0.014433089934755117,
        0.014648938929894939,
        0.014027114404598251,
        0.013854738790541887
    ],
    "val_loss": [
        0.27048732127462116,
        0.2288515301687377,
        0.17678615876606532,
        0.1486942789384297,
        0.12957928702235222,
        0.10662366236959185,
        0.08667915367654391,
        0.0657607971557549,
        0.051578675263694355,
        0.04496306979230472,
        0.03510937999401774,
        0.02625205713723387,
        0.023590178495006903,
        0.019537879952362606,
        0.01664803423253553,
        0.013705439998635225,
        0.010771405284426041,
        0.00949523611260312,
        0.007076208878840719,
        0.007561852789617011,
        0.006227436342409679,
        0.005293350600238357,
        0.005107526135231767,
        0.0045033029081033805,
        0.0037962233847273247,
        0.0033700998672949417,
        0.003185663339016693,
        0.002901562489569187,
        0.002245261782913336,
        0.0029763098739619765,
        0.0022013073903508484,
        0.002190008917490819,
        0.002028858497007085,
        0.0018500394653528929,
        0.0022738499600174172,
        0.002288486043523465,
        0.0023985355759837796,
        0.0014421154545353992,
        0.0012437116238288581,
        0.001271772090279098,
        0.0014984186605683395,
        0.0014525635467310036,
        0.0016969784212830877,
        0.0013462049953107322
    ],
    "lr": [
        0.0005,
        0.0005,
        0.0005,
        0.0005,
        0.0005,
        0.0005,
        0.0005,
        0.0005,
        0.0005,
        0.0005,
        0.0005,
        0.0005,
        0.0005,
        0.0005,
        0.0005,
        0.0005,
        0.0005,
        0.0005,
        0.0005,
        0.0005,
        0.0005,
        0.0005,
        0.0005,
        0.0005,
        0.0005,
        0.0005,
        0.0005,
        0.0005,
        0.0005,
        0.0005,
        0.0005,
        0.0005,
        0.0005,
        0.0005,
        0.0005,
        0.0005,
        0.0005,
        0.0005,
        0.0005,
        0.0005,
        0.0005,
        0.0005,
        0.0005,
        0.0005
    ]
}