{
    "train_loss": [
        2.4897583193249173,
        1.2630731794569228,
        0.9939856827259064,
        0.7555195457405515,
        0.6063235219981935,
        0.466492450899548,
        0.4049482097228368,
        0.29544366813368267,
        0.24143234971496794,
        0.19261839158005184,
        0.17054213335116705,
        0.13158876076340675,
        0.09055500311983956,
        0.07405731330315272,
        0.06180787686672476,
        0.04635088828702768,
        0.04074304406013754,
        0.03365757719924053,
        0.028663441952731874,
        0.023461821489036083,
        0.018807385427256424,
        0.017623827534003392,
        0.01533574585078491,
        0.014250686754369073,
        0.012377637800657086,
        0.011112856057782968,
        0.011130591647492515,
        0.010611161900063356,
        0.009942227250172032,
        0.00928896815619535,
        0.009164287268908488,
        0.00901486008014116,
        0.008286731653950281,
        0.008143896806157298,
        0.00830922606918547,
        0.008218663873978786,
        0.007798878993425105,
        0.007527040265914466,
        0.007084739316875736,
        0.007157524245687657,
        0.006914276138154997,
        0.006549463089969423,
        0.006537001890440782,
        0.006452818737468786,
        0.006516608176752925,
        0.006707064264143507,
        0.006469103869878584,
        0.006558115930399961,
        0.005979378733577,
        0.006338103260431025,
        0.006007195967766974,
        0.006241533957007859,
        0.006090034290941225,
        0.006022994613481892,
        0.005895159181414379,
        0.0058453865349292755,
        0.005939848488196731,
        0.006100579190792309,
        0.0058543062510175835,
        0.00600872465616299,
        0.005547186980644862,
        0.005373093661748701,
        0.005493301691280471,
        0.005614848160702322,
        0.005608309422516161,
        0.00552322138618264,
        0.005480056240533789,
        0.005335763795301318,
        0.005441216855413384,
        0.005244628215829532,
        0.0052599242319249446,
        0.005446209805086255,
        0.005264638095266289,
        0.005104407047231992,
        0.00523848660911123,
        0.005299002087364594,
        0.005066594652210672
    ],
    "val_loss": [
        0.4030727565288544,
        0.19564360082149507,
        0.11136476397514343,
        0.08256900161504746,
        0.05667978823184967,
        0.03724996075034141,
        0.03380076438188553,
        0.024672003462910652,
        0.024010633677244188,
        0.017690450325608252,
        0.012494707107543945,
        0.009901420585811139,
        0.008745890296995639,
        0.007846464775502682,
        0.004498166497796774,
        0.004348670458421111,
        0.0038869800977408887,
        0.0031336603686213495,
        0.0028879648074507714,
        0.002005093125626445,
        0.0019891449948772786,
        0.001963389036245644,
        0.002318534767255187,
        0.0012766221072524786,
        0.0013746307697147131,
        0.0013492907863110303,
        0.0012033244129270315,
        0.0010358734405599534,
        0.000937609001994133,
        0.0010237214271910488,
        0.0009176673251204192,
        0.00103001797106117,
        0.0010699633508920669,
        0.0009134473861195147,
        0.0007891877554357052,
        0.0007568988366983831,
        0.0006935156183317303,
        0.0006945946137420833,
        0.0008031755685806274,
        0.0007177219726145267,
        0.0006995648378506303,
        0.0006731212954036892,
        0.000623300380539149,
        0.0006123750819824636,
        0.0006645557470619679,
        0.0005074680491816252,
        0.0005301549856085331,
        0.0010928360512480139,
        0.000736650952603668,
        0.0005250067624729127,
        0.0005691585130989552,
        0.0005266145919449628,
        0.0005938861868344247,
        0.0005191168980672956,
        0.0004950843227561563,
        0.0006778419250622391,
        0.0006471824133768677,
        0.0007178131141699851,
        0.000527465168852359,
        0.000486623274628073,
        0.0005525935615878552,
        0.0007074210327118636,
        0.0004717953968793154,
        0.00046193875023163854,
        0.00048053953214548527,
        0.0004323827393818647,
        0.0004159104661084712,
        0.00046090023242868484,
        0.0005507975642103702,
        0.00044301699963398276,
        0.00045112252701073885,
        0.0005589422711636871,
        0.0004908456292469054,
        0.0004406996420584619,
        0.0004871626035310328,
        0.0004321142041590065,
        0.0004946159489918501
    ],
    "lr": [
        0.001,
        0.001,
        0.001,
        0.001,
        0.001,
        0.001,
        0.001,
        0.001,
        0.001,
        0.001,
        0.001,
        0.001,
        0.001,
        0.001,
        0.001,
        0.001,
        0.001,
        0.001,
        0.001,
        0.001,
        0.001,
        0.001,
        0.001,
        0.001,
        0.001,
        0.001,
        0.001,
        0.001,
        0.001,
        0.001,
        0.001,
        0.001,
        0.001,
        0.001,
        0.001,
        0.001,
        0.001,
        0.001,
        0.001,
        0.001,
        0.001,
        0.001,
        0.001,
        0.001,
        0.001,
        0.001,
        0.001,
        0.001,
        0.001,
        0.001,
        0.001,
        0.001,
        0.0005,
        0.0005,
        0.0005,
        0.0005,
        0.0005,
        0.0005,
        0.0005,
        0.0005,
        0.0005,
        0.0005,
        0.0005,
        0.0005,
        0.0005,
        0.0005,
        0.0005,
        0.0005,
        0.0005,
        0.0005,
        0.0005,
        0.0005,
        0.0005,
        0.00025,
        0.00025,
        0.00025,
        0.00025
    ]
}