{
    "train_loss": [
        3.2717437863349916,
        2.47083380818367,
        2.059331488609314,
        1.7901758193969726,
        1.6556713581085205,
        1.4746975779533387,
        1.3435753792524339,
        1.073403349518776,
        1.0448472827672959,
        0.9134985774755477,
        0.7641579359769821,
        0.6944456368684768,
        0.5971297204494477,
        0.49209270179271697,
        0.4538122579455376,
        0.3716876745223999,
        0.32314649894833564,
        0.2896399937570095,
        0.2554240122437477,
        0.20599067434668542,
        0.20847408026456832,
        0.1634160965681076,
        0.15035401433706283,
        0.13309375680983065,
        0.12423605732619762,
        0.10831582359969616,
        0.08979027196764947,
        0.08166490122675896,
        0.08069072924554348,
        0.07562352269887924,
        0.06858594175428152,
        0.06440521478652954,
        0.0625279776751995,
        0.05709377899765968,
        0.05716201141476631,
        0.0523048197850585,
        0.05088620111346245,
        0.05117410719394684,
        0.04651610590517521,
        0.04811104331165552,
        0.04934107754379511,
        0.04686072412878275,
        0.0482816506177187,
        0.045225088484585285,
        0.04506526365876198,
        0.04450515154749155,
        0.045716766454279426,
        0.04666644483804703,
        0.04651409517973661,
        0.04447403363883495
    ],
    "val_loss": [
        0.2240220540099674,
        0.18341393603218925,
        0.1592374402615759,
        0.1443317722943094,
        0.13112353616290623,
        0.11850682314899233,
        0.10009354435735279,
        0.07831692861186133,
        0.06732631847262383,
        0.05935633720623122,
        0.05874194328983625,
        0.054797977209091187,
        0.0440862158106433,
        0.043755346495244235,
        0.039887689881854586,
        0.033090191789799266,
        0.028928025315205257,
        0.02647569899757703,
        0.026519007566902373,
        0.022974822877181902,
        0.020692752881182566,
        0.01994958830376466,
        0.017817337686816852,
        0.016480683245592646,
        0.016141022245089214,
        0.01423629331919882,
        0.014115863376193576,
        0.013262952574425273,
        0.012029988277289603,
        0.011366894054743979,
        0.011377966238392724,
        0.010444522628353702,
        0.010201102847026454,
        0.010089657476378812,
        0.010186682662202252,
        0.009369833239664635,
        0.008806717840747701,
        0.008838026059998406,
        0.008717107638302777,
        0.008296087022042938,
        0.008210738758660026,
        0.00845756521448493,
        0.008515456225723028,
        0.008146559457398124,
        0.007530346978455782,
        0.007736138740761412,
        0.007867873128917482,
        0.008184231714242034,
        0.008728954268412458,
        0.008372284937649965
    ],
    "diversity_loss": [
        0.00011028472436009906,
        0.00012109285162296147,
        0.0001269119507924188,
        0.00012820544725400396,
        0.00013323489256436005,
        0.00014191582231433132,
        0.00014735602890141307,
        0.0001477567340771202,
        0.00015355466821347362,
        0.0001613797401660122,
        0.00016685271621099673,
        0.00017183028539875523,
        0.0001744666777085513,
        0.00017221697271452285,
        0.00017536403029225767,
        0.00017890522431116552,
        0.0001823670907469932,
        0.0001845954539021477,
        0.0001840602002630476,
        0.00017840942236944102,
        0.00018303586039110088,
        0.00018347830773564057,
        0.0001838664240494836,
        0.00018601191695779561,
        0.00018599568211357108,
        0.00018236949690617621,
        0.0001816373500332702,
        0.00018292751847184263,
        0.00018161943662562408,
        0.00018157549420720897,
        0.00017934846036951057,
        0.00018139477688237094,
        0.0001802447164664045,
        0.00018106830102624372,
        0.0001795291893358808,
        0.00017804954113671557,
        0.00017702617624308913,
        0.00017591783471289092,
        0.0001760150204063393,
        0.00017491923717898316,
        0.0001767823843692895,
        0.00017543035428388976,
        0.0001758307102136314,
        0.00017444471232010982,
        0.00017533584396005607,
        0.00017573327786521987,
        0.00017579140039742925,
        0.00017431559463148004,
        0.00017509107492514887,
        0.00017384908642270602
    ],
    "lr": [
        0.0005,
        0.0004995116152859972,
        0.0004980483885753332,
        0.0004956160945553504,
        0.0004922243323793361,
        0.0004878864877830504,
        0.0004826196802573421,
        0.00047644469548533975,
        0.0004693859033108561,
        0.0004614711615617486,
        0.00045273170610779935,
        0.0004432020275870077,
        0.0004329197352867992,
        0.0004219254087173503,
        0.0004102624374628005,
        0.000397976849942387,
        0.0003851171317573015,
        0.0003717340343401744,
        0.0003578803746623554,
        0.0003436108267894577,
        0.00032898170610779935,
        0.0003140507470733014,
        0.00029887687535996675,
        0.00028351997530716525,
        0.00026804065358350496,
        0.0002524999999999999,
        0.00023695934641649485,
        0.0002214800246928346,
        0.00020612312464003305,
        0.00019094925292669835,
        0.00017601829389220051,
        0.00016138917321054222,
        0.00014711962533764446,
        0.00013326596565982538,
        0.00011988286824269821,
        0.00010702315005761287,
        9.473756253719923e-05,
        8.30745912826495e-05,
        7.208026471320066e-05,
        6.179797241299216e-05,
        5.226829389220051e-05,
        4.35288384382513e-05,
        3.561409668914375e-05,
        2.85553045146602e-05,
        2.2380319742657782e-05,
        1.7113512216949496e-05,
        1.2775667620663833e-05,
        9.38390544464954e-06,
        6.951611424666753e-06,
        5.488384714002789e-06
    ]
}