{
    "train_loss": [
        63.77253723144531,
        0.25053611397743225,
        0.026314718648791313,
        0.013775371946394444,
        0.01146463118493557,
        0.01000077836215496,
        0.008112701587378979,
        0.007246071007102728,
        0.006179869640618563,
        0.006677644792944193,
        0.005215569864958525,
        0.004680104553699493,
        0.004512295592576265,
        0.004779048729687929,
        0.0038237750995904207,
        0.0035531404428184032,
        0.0034566279500722885,
        0.0029947319999337196,
        0.002340247156098485,
        0.002491346327587962,
        0.0023883944377303123,
        0.0020250047091394663,
        0.001724936068058014,
        0.005733089055866003,
        0.0017539557302370667,
        0.002815206302329898,
        0.001469539594836533,
        0.001150259980931878,
        0.0015308335423469543,
        0.0011000999948009849,
        0.0012615674640983343,
        0.0011097234673798084,
        0.00099374249111861,
        0.0008543693111278117,
        0.0008244994096457958,
        0.0009437613771297038,
        0.000822977686766535,
        0.0008215699344873428,
        0.0010433666175231338,
        0.0007359290029853582,
        0.0007281973958015442,
        0.0006944518536329269,
        0.0007228141184896231,
        0.0008373722084797919,
        0.0004794190463144332,
        0.0005240668542683125,
        0.00048038113163784146,
        0.0005164325702935457,
        0.0005638899747282267,
        0.0004500107606872916
    ],
    "train_rmse": [
        6.3334926513040966,
        0.4313100368422427,
        0.15483283583754848,
        0.11258935025330212,
        0.10098765899701936,
        0.09424927822614908,
        0.08433048623747758,
        0.0794922048594206,
        0.07347111268592281,
        0.07181757133249062,
        0.06700932125805605,
        0.06329366049610635,
        0.06247771725595007,
        0.06298093471984481,
        0.05750558546349939,
        0.05509740893432811,
        0.0535600270518845,
        0.05032990935849662,
        0.04542837590324844,
        0.04582068234319592,
        0.045701834819508944,
        0.041422198315682786,
        0.03856402969979553,
        0.046832004165814116,
        0.039043049510630784,
        0.04065593090070897,
        0.03585294230753612,
        0.03142495472012952,
        0.032964934588823665,
        0.03096961781940804,
        0.030109382933101406,
        0.031051183758683702,
        0.029050871702894346,
        0.027393862977836064,
        0.026401994661127377,
        0.0281781514931405,
        0.026336444004852157,
        0.02665824902689192,
        0.025302667861698724,
        0.02512897274873505,
        0.024807089494737283,
        0.023935671554931617,
        0.02500041158024249,
        0.02166729924574655,
        0.019833992801677244,
        0.020752662835445808,
        0.01946838569527025,
        0.02059130293884682,
        0.020758324822388062,
        0.019320897504321324
    ],
    "train_mae": [
        4.617818832397461,
        0.3242160677909851,
        0.11878152936697006,
        0.08983772993087769,
        0.08301486074924469,
        0.07792803645133972,
        0.07010676711797714,
        0.06644269824028015,
        0.06099860742688179,
        0.0598892942070961,
        0.05572068318724632,
        0.05208330601453781,
        0.051550332456827164,
        0.050979673862457275,
        0.04653920978307724,
        0.044762928038835526,
        0.04263553395867348,
        0.04059095308184624,
        0.03600383549928665,
        0.036477070301771164,
        0.036505427211523056,
        0.03281029686331749,
        0.030463308095932007,
        0.03426118567585945,
        0.030764810740947723,
        0.03147854655981064,
        0.0284833125770092,
        0.024665769189596176,
        0.026478111743927002,
        0.02423078939318657,
        0.024049600586295128,
        0.024522600695490837,
        0.023662466555833817,
        0.021513216197490692,
        0.021325040608644485,
        0.022965848445892334,
        0.02101849392056465,
        0.021168699488043785,
        0.020465046167373657,
        0.019904496148228645,
        0.019818933680653572,
        0.01937437802553177,
        0.02016080543398857,
        0.01676948554813862,
        0.015866583213210106,
        0.016334589570760727,
        0.015511015430092812,
        0.01642778143286705,
        0.016195712611079216,
        0.015398445539176464
    ],
    "train_ndcg": [
        -0.7808054998740843,
        0.33095478026201774,
        0.7746857127766739,
        0.8677266013714694,
        0.9070504148339116,
        0.9337246503478797,
        0.9496275521526041,
        0.964174498652303,
        0.9687566653240559,
        0.9772533709688704,
        0.980180784944416,
        0.9805896591770557,
        0.9844589150229166,
        0.98556445873985,
        0.9874165834382523,
        0.9909657604934633,
        0.9895065325175145,
        0.9905274868473526,
        0.9915282901867416,
        0.9918602485527364,
        0.9922578930854797,
        0.9927447371242583,
        0.9940422170383986,
        0.9917775411014409,
        0.9950844791046408,
        0.9918628062388694,
        0.995026268238245,
        0.9959417006304098,
        0.9962067278318627,
        0.9955074717832166,
        0.9961166603620663,
        0.9964556654756384,
        0.9972115427024605,
        0.997387276370396,
        0.9977219395859297,
        0.9978291861308638,
        0.9984228897464368,
        0.9981948206591051,
        0.9983133840006452,
        0.9975657737994379,
        0.9986651983372,
        0.9989117139069609,
        0.9983259940794272,
        0.9990303768206013,
        0.99916567127834,
        0.9991139298261598,
        0.9991496313911999,
        0.9992734972358674,
        0.9991884631241938,
        0.9988094991029695
    ],
    "val_loss": [
        1.162858009338379,
        0.019635992124676704,
        0.0065207453444600105,
        0.0075477114878594875,
        0.004352443851530552,
        0.00283701135776937,
        0.002654841635376215,
        0.0021426782477647066,
        0.0013623180566355586,
        0.0018440603744238615,
        0.0015146461082622409,
        0.001768497284501791,
        0.001691085402853787,
        0.0025023543275892735,
        0.0010313309030607343,
        0.0013681873679161072,
        0.0012443101732060313,
        0.0009434030507691205,
        0.0009547190857119858,
        0.0004934442113153636,
        0.0007386587094515562,
        0.0008003890980035067,
        0.0007583304541185498,
        0.00036049933987669647,
        0.0004269200435373932,
        0.0005465353024192154,
        0.0004135376657359302,
        0.0003158850013278425,
        0.0005033925408497453,
        0.00561295822262764,
        0.05004124715924263,
        0.00023534988577011973,
        0.053913626819849014,
        0.002084879670292139,
        0.015266777947545052,
        0.0029712747782468796,
        0.00011607089982135221,
        0.00015927950153127313,
        0.0006256556953303516,
        0.00011805621034000069,
        0.00016359543951693922,
        0.0003657198103610426,
        0.0001359321759082377,
        0.000325939356116578,
        3.868769636028446e-05,
        8.258169691544026e-05,
        3.102599293924868e-05,
        6.922711327206343e-05,
        0.00011962230928475037,
        2.215602398791816e-05
    ],