{
    "train_loss": [
        3.7433919236063957,
        2.7537920214235783,
        2.1853859461843967,
        1.7598307058215141,
        1.4410011172294617,
        1.1520862989127636,
        0.9587441124022007,
        0.776819845661521,
        0.6278677126392722,
        0.5162811195477843,
        0.3735020272433758,
        0.29414287116378546,
        0.2083219108171761,
        0.14550822624005377,
        0.11354467645287514,
        0.07507672207430005,
        0.05806745309382677,
        0.04563958360813558,
        0.039237767457962036,
        0.032549553841818124,
        0.02872735256096348,
        0.027191122295334935,
        0.024434307357296348,
        0.02177354699233547,
        0.021018444618675858,
        0.01984589296625927,
        0.019345951412105933,
        0.01932530422345735,
        0.01802597605274059,
        0.017734308406943455,
        0.017172302323160693,
        0.01653939954121597,
        0.016490081092342734,
        0.016684051282936707,
        0.015231133991619572,
        0.014877278124913573,
        0.01507343293633312,
        0.013878919970011339,
        0.014354884857311845,
        0.013608530309284106,
        0.014259883348131552,
        0.014246992155676708,
        0.014147094683721662,
        0.013279298465931788,
        0.01284349398338236,
        0.012621757079614326,
        0.01244752126513049,
        0.012380803178530186,
        0.012725769629469141,
        0.012586841301526874
    ],
    "val_loss": [
        0.3012925833463669,
        0.19773723291499273,
        0.1506418442087514,
        0.1351950205862522,
        0.09406312448637826,
        0.07289831340312958,
        0.06328380001442772,
        0.049736174089568,
        0.04168395724679742,
        0.03675331800643887,
        0.03173202223011425,
        0.02696052672607558,
        0.023031314967998436,
        0.01606673827128751,
        0.01460165304264852,
        0.009700562139706952,
        0.009268906100520067,
        0.008129351273445147,
        0.0067590886860021526,
        0.005181594651990703,
        0.004916472427014794,
        0.004425873830249267,
        0.003911800682544708,
        0.003411533261117126,
        0.002954081948181348,
        0.003067534466806267,
        0.004097874642216733,
        0.0027087904912020478,
        0.003062003175728023,
        0.002069046413193324,
        0.002057591760863683,
        0.0016022767522372305,
        0.0019826226219135734,
        0.0015485143854415842,
        0.0013947413618942456,
        0.0015891587577893265,
        0.0019746565709023605,
        0.001628849231305399,
        0.0013752688121582781,
        0.0017066873260773718,
        0.0014367536558503552,
        0.002064684489076691,
        0.001251652928268803,
        0.0011105426071610833,
        0.0010961305607842015,
        0.001232811258107956,
        0.001059071930025571,
        0.0013506375086892927,
        0.0009674560777576906,
        0.0013402864985567118
    ],
    "lr": [
        0.0005,
        0.0005,
        0.0005,
        0.0005,
        0.0005,
        0.0005,
        0.0005,
        0.0005,
        0.0005,
        0.0005,
        0.0005,
        0.0005,
        0.0005,
        0.0005,
        0.0005,
        0.0005,
        0.0005,
        0.0005,
        0.0005,
        0.0005,
        0.0005,
        0.0005,
        0.0005,
        0.0005,
        0.0005,
        0.0005,
        0.0005,
        0.0005,
        0.0005,
        0.0005,
        0.0005,
        0.0005,
        0.0005,
        0.0005,
        0.0005,
        0.0005,
        0.0005,
        0.0005,
        0.0005,
        0.0005,
        0.0005,
        0.0005,
        0.0005,
        0.0005,
        0.0005,
        0.0005,
        0.0005,
        0.0005,
        0.0005,
        0.0005
    ]
}