{
    "train_loss": [
        84.91071319580078,
        2.7704246044158936,
        0.9867613911628723,
        0.4438537657260895,
        0.23455891013145447,
        0.1413324922323227,
        0.09699580073356628,
        0.0755857303738594,
        0.06068412587046623,
        0.046454984694719315,
        0.0443635918200016,
        0.03619971498847008,
        0.031327616423368454,
        0.02525360696017742,
        0.02204444259405136,
        0.020129308104515076,
        0.017187487334012985,
        0.016261130571365356,
        0.015526745468378067,
        0.01615471951663494,
        0.011489210650324821,
        0.009547525085508823,
        0.008093582466244698,
        0.009333282709121704,
        0.008912887424230576,
        0.01285806018859148,
        0.007268019951879978,
        0.007998190820217133,
        0.0059342291206121445,
        0.0038941632956266403,
        0.0035276180133223534,
        0.0032325636129826307,
        0.003392797661945224,
        0.002611285075545311,
        0.0025952633004635572,
        0.002289124298840761,
        0.002348895650357008,
        0.002281398046761751,
        0.002558015054091811,
        0.0020115352235734463,
        0.0022050451952964067,
        0.0017956879455596209,
        0.0018238178454339504,
        0.0021607978269457817,
        0.0026590873021632433,
        0.0017041602404788136,
        0.00113521923776716,
        0.0012171793496236205,
        0.0011398904025554657,
        0.001132879056967795,
        0.0012678899802267551,
        0.0012153697898611426,
        0.002512991428375244,
        0.0014586293837055564,
        0.0010031379060819745,
        0.0009619367774575949,
        0.0009539478924125433,
        0.0010255733504891396,
        0.0008445997955277562,
        0.0011785200331360102,
        0.0009027511696331203,
        0.0008457138319499791,
        0.000860445958096534,
        0.0008855387568473816,
        0.0008000650559552014,
        0.0008806699770502746,
        0.0007760217413306236,
        0.0010973630705848336,
        0.000874274002853781,
        0.0006966940709389746,
        0.0007364926277659833,
        0.0006399094709195197,
        0.0007289026980288327
    ],
    "train_rmse": [
        6.8621126131070165,
        1.6059457840140805,
        0.9653490190343378,
        0.6476780689989795,
        0.4733655445992288,
        0.3668560769375556,
        0.3013671903949518,
        0.26261919665497935,
        0.2349658925586331,
        0.20666464566741657,
        0.19908744325762404,
        0.18066653654628867,
        0.1658477262252259,
        0.15120195502854628,
        0.14155403400031735,
        0.13305432444730067,
        0.12271142196534478,
        0.11812913843134798,
        0.1156858485800718,
        0.11815493086067777,
        0.09958280689723512,
        0.09087807136826223,
        0.08466713021434107,
        0.08840368710418045,
        0.08774631657801858,
        0.09008997382845027,
        0.07970194385620913,
        0.08112389038915806,
        0.06833803235483543,
        0.05850323423569898,
        0.05455769719008064,
        0.05225095341089661,
        0.053350748545561606,
        0.04848994485000651,
        0.0466347661591662,
        0.04535992074718078,
        0.04489798335697245,
        0.04462231276054449,
        0.048016541769374255,
        0.042515968866168354,
        0.043774596990882646,
        0.040023510035482754,
        0.0399023594813466,
        0.040613415297974374,
        0.04359912891697162,
        0.03873534493244577,
        0.03221188842260413,
        0.0327323935728452,
        0.03212084148009076,
        0.031768330874257525,
        0.03338149568572541,
        0.03271033879955544,
        0.03389558072119565,
        0.03242006726154314,
        0.029276803761168993,
        0.028744615755151245,
        0.028005691228133327,
        0.028116286923539846,
        0.027226337472632315,
        0.029537482889042285,
        0.02803700492781022,
        0.027134946187589187,
        0.027811221721663597,
        0.027587458517385425,
        0.026590960703690207,
        0.02725292661249894,
        0.025665318292462262,
        0.027810633097184144,
        0.027384345805157806,
        0.024891446030695485,
        0.025204710449298402,
        0.023703756862300744,
        0.024768901113418923
    ],
    "train_mae": [
        5.118947505950928,
        1.1951290369033813,
        0.7193643450737,
        0.48697805404663086,
        0.36149024963378906,
        0.27872055768966675,
        0.23194870352745056,
        0.20484864711761475,
        0.18812087178230286,
        0.1650584638118744,
        0.15925893187522888,
        0.14714249968528748,
        0.1367676854133606,
        0.12354623526334763,
        0.11492755264043808,
        0.10828830301761627,
        0.0998259112238884,
        0.09556408226490021,
        0.09593699127435684,
        0.09775665402412415,
        0.0826142206788063,
        0.07390943914651871,
        0.07015519589185715,
        0.07200548052787781,
        0.0737425684928894,
        0.07416818290948868,
        0.06584809720516205,
        0.06747741997241974,
        0.057016629725694656,
        0.047699786722660065,
        0.04444156214594841,
        0.04251417890191078,
        0.04344908148050308,
        0.039224859327077866,
        0.03740736097097397,
        0.03652601316571236,
        0.03619915992021561,
        0.03593173623085022,
        0.03866792470216751,
        0.034276917576789856,
        0.035008154809474945,
        0.03254236653447151,
        0.03179149329662323,
        0.03268710896372795,
        0.0353553332388401,
        0.0311904177069664,
        0.025845132768154144,
        0.026144972071051598,
        0.025718670338392258,
        0.02555084228515625,
        0.02671276405453682,
        0.02637585811316967,
        0.027366863563656807,
        0.025636866688728333,
        0.02353149838745594,
        0.023107517510652542,
        0.022415557876229286,
        0.021863624453544617,
        0.021677812561392784,
        0.02341323532164097,
        0.022397976368665695,
        0.02163073793053627,
        0.022207852452993393,
        0.022105632349848747,
        0.021455513313412666,
        0.021816253662109375,
        0.020458433777093887,
        0.022164447233080864,
        0.021770477294921875,
        0.019574731588363647,
        0.019776005297899246,
        0.019020145758986473,
        0.019695989787578583
    ],