{
    "train_loss": [
        3.3152103573083878,
        2.441536132246256,
        1.987002432346344,
        1.5951324738562107,
        1.275574192404747,
        1.1253068298101425,
        0.9249931667000055,
        0.7198422644287348,
        0.5787518294528127,
        0.45864622108638287,
        0.34165883203968406,
        0.24887024844065309,
        0.18682907312177122,
        0.137661476386711,
        0.09983615926466882,
        0.07086024468299001,
        0.056168219773098826,
        0.04546364315319806,
        0.03851720201782882,
        0.034671134199015796,
        0.03082719596568495,
        0.02976883010705933,
        0.026800036837812513,
        0.025853925035335124,
        0.023937932157423347,
        0.022084544063545763,
        0.02191787853371352,
        0.020446214301045984,
        0.02009438700042665,
        0.019720301119377837,
        0.018899349204730242,
        0.019682216574437916,
        0.01778767237556167,
        0.017664812126895413,
        0.016720069223083556,
        0.017011855961754918,
        0.016940386209171265,
        0.016281409101793543
    ],
    "val_loss": [
        0.28105999529361725,
        0.1954181737133435,
        0.16581612931830542,
        0.13517800186361587,
        0.11571324510233742,
        0.10216664097138814,
        0.0776747108570167,
        0.05711736822766917,
        0.05600602366030216,
        0.03680540341883898,
        0.02891016285866499,
        0.0227526564683233,
        0.018872590535985573,
        0.015745280709649836,
        0.013098341479365314,
        0.0118100312538445,
        0.00834974560088345,
        0.008197484039036291,
        0.007074176999075072,
        0.006721858700205173,
        0.005924237027232136,
        0.005313640892771738,
        0.00410843630587416,
        0.0039446681870945865,
        0.0041948184038379365,
        0.0036994319941316333,
        0.0027878236724063754,
        0.0031736185108976705,
        0.00305186360076602,
        0.0032122115870671613,
        0.00282645588075476,
        0.002503321206729327,
        0.0021809257117898335,
        0.0022501256400054054,
        0.0024743012451965895,
        0.002374073357454368,
        0.0024609918390134616,
        0.002297262869043542
    ],
    "lr": [
        0.0005,
        0.0005,
        0.0005,
        0.0005,
        0.0005,
        0.0005,
        0.0005,
        0.0005,
        0.0005,
        0.0005,
        0.0005,
        0.0005,
        0.0005,
        0.0005,
        0.0005,
        0.0005,
        0.0005,
        0.0005,
        0.0005,
        0.0005,
        0.0005,
        0.0005,
        0.0005,
        0.0005,
        0.0005,
        0.0005,
        0.0005,
        0.0005,
        0.0005,
        0.0005,
        0.0005,
        0.0005,
        0.0005,
        0.0005,
        0.0005,
        0.0005,
        0.0005,
        0.0005
    ]
}