{
    "train_loss": [
        2.013292928536733,
        1.1848621567090352,
        0.8962549534108903,
        0.6924041906992594,
        0.5687152196963629,
        0.4537246955765618,
        0.3365567823251088,
        0.2457007293899854,
        0.18958003570636114,
        0.1507399868634012,
        0.10971396788954735,
        0.09163810561100642,
        0.06171451881527901,
        0.04986032947070069,
        0.03956282573441664,
        0.03336209638251199,
        0.027275765107737646,
        0.02276425798320108,
        0.020349090815418296,
        0.017711763011498585,
        0.015917271944797702,
        0.014138489030301571,
        0.012695767916738987,
        0.012743473363419374,
        0.011473420696953932,
        0.010490416756106747,
        0.010236546759390168,
        0.009717257486449348,
        0.008615153712323971,
        0.009152603697859578,
        0.008491000134704841,
        0.008094555775945386,
        0.007681436552148726,
        0.007490985224851304,
        0.00777650673666762,
        0.007643760388924016,
        0.007198703552906712,
        0.006938161043864157,
        0.006887514377012849,
        0.006821655150916841,
        0.0066185990451938575,
        0.0066797145797560615,
        0.00660113201269673,
        0.006295292845202817,
        0.006174504860407776,
        0.006112878573023611,
        0.006703752558678389,
        0.006008215947076678,
        0.006174506386741996,
        0.005975199190692769,
        0.005801426712423563,
        0.006014513783156872,
        0.006176562229585316,
        0.006088612627031075
    ],
    "val_loss": [
        0.16443219184875488,
        0.11199264973402023,
        0.10008984953165054,
        0.060638009756803515,
        0.05452950373291969,
        0.04151909053325653,
        0.03323591351509094,
        0.016593841090798377,
        0.01518422830849886,
        0.009804721176624297,
        0.012353836372494698,
        0.006393937487155199,
        0.004857590375468135,
        0.0036363835912197827,
        0.003385857865214348,
        0.0031196111347526314,
        0.0026049424428492784,
        0.0022923749405890704,
        0.002159833535552025,
        0.0018560607684776187,
        0.0019689900102093814,
        0.0017552682897076012,
        0.0016403782879933714,
        0.0015103793470188976,
        0.0015554138459265231,
        0.0016153756761923433,
        0.0017327809939160943,
        0.0017479888629168272,
        0.001330018532462418,
        0.0011012658243998886,
        0.0010114586795680225,
        0.0009285682230256498,
        0.0010381447616964578,
        0.0009873780305497347,
        0.0008274793159216643,
        0.0008954997174441814,
        0.0010603594593703747,
        0.0008813069434836507,
        0.0010443635750561953,
        0.0007697987370193004,
        0.0007634846842847764,
        0.0008937332197092474,
        0.0007007871172390878,
        0.0006093169911764562,
        0.0006934123113751412,
        0.0006515046581625939,
        0.001018980727531016,
        0.0006694394629448652,
        0.0006531309802085162,
        0.0006629353389143944,
        0.0006796898087486625,
        0.0008492455468513072,
        0.000869566306937486,
        0.0006915259291417897
    ],
    "lr": [
        0.001,
        0.001,
        0.001,
        0.001,
        0.001,
        0.001,
        0.001,
        0.001,
        0.001,
        0.001,
        0.001,
        0.001,
        0.001,
        0.001,
        0.001,
        0.001,
        0.001,
        0.001,
        0.001,
        0.001,
        0.001,
        0.001,
        0.001,
        0.001,
        0.001,
        0.001,
        0.001,
        0.001,
        0.001,
        0.001,
        0.001,
        0.001,
        0.001,
        0.001,
        0.001,
        0.001,
        0.001,
        0.001,
        0.001,
        0.001,
        0.001,
        0.001,
        0.001,
        0.001,
        0.001,
        0.001,
        0.001,
        0.001,
        0.001,
        0.001,
        0.0005,
        0.0005,
        0.0005,
        0.0005
    ]
}