{
    "train_loss": [
        1.8439793785413106,
        1.0890728831291199,
        0.8931708567672305,
        0.6812369955910577,
        0.5241467505693436,
        0.4332416264547242,
        0.3325570854875777,
        0.2539157544573148,
        0.19490083638164732,
        0.1677635009917948,
        0.1215575887925095,
        0.09245442433489694,
        0.0682773898459143,
        0.05508623272180557,
        0.04600572234226598,
        0.040495815272960395,
        0.03118456041233407,
        0.02625010607557164,
        0.020956475908557575,
        0.018758246209472418,
        0.016738565276480384,
        0.015294348200162252,
        0.0136751602921221,
        0.013305560013072358,
        0.011923539503994916,
        0.011417763825092051,
        0.010949331232243113,
        0.010695799305621121,
        0.009423819681008657,
        0.008979516414304575,
        0.009275811310443614,
        0.008428142302566104,
        0.008051517833438184,
        0.007735945465457108,
        0.007623845271559225,
        0.007901588144401709,
        0.007414831831637356,
        0.007732588720197479,
        0.007181963158978356,
        0.0071161969616595246,
        0.006919498736452725,
        0.006839468143880367,
        0.006447929164601697,
        0.006364632009839018,
        0.00662399070440895,
        0.006405094793687264,
        0.006404368620779779,
        0.0064143049789385665,
        0.0061098884842875935,
        0.006513097452827626,
        0.006199602141148514
    ],
    "val_loss": [
        0.19857200384140014,
        0.17443827986717225,
        0.14026311188936233,
        0.09908790737390519,
        0.049732919037342074,
        0.02812097929418087,
        0.028371052443981172,
        0.017642039433121683,
        0.012952762842178344,
        0.009907527267932892,
        0.007831229083240032,
        0.005101741012185812,
        0.006451076176017523,
        0.003937948541715741,
        0.0038443620782345534,
        0.0030594578478485347,
        0.0030978682916611433,
        0.002287321910262108,
        0.002632654272019863,
        0.0020342883421108128,
        0.0021008227253332735,
        0.0021453424589708446,
        0.001852577575482428,
        0.0017697040690109133,
        0.001300676353275776,
        0.0013733204221352934,
        0.0010626710020005703,
        0.0012535406975075602,
        0.0013033729745075106,
        0.0012355782790109515,
        0.0011301906313747167,
        0.0010209158295765518,
        0.0010421177954412996,
        0.0009247731184586882,
        0.0007740848464891315,
        0.000728608446661383,
        0.0008472227025777101,
        0.0009412187151610852,
        0.001149602374061942,
        0.0007152567384764552,
        0.0007133648381568491,
        0.0009407535428181291,
        0.000902916956692934,
        0.001075700018554926,
        0.0007314372458495199,
        0.00078280073357746,
        0.000744066305924207,
        0.0012097350787371396,
        0.0008437449694611132,
        0.0009205629932694138,
        0.0008071379968896508
    ],
    "lr": [
        0.001,
        0.001,
        0.001,
        0.001,
        0.001,
        0.001,
        0.001,
        0.001,
        0.001,
        0.001,
        0.001,
        0.001,
        0.001,
        0.001,
        0.001,
        0.001,
        0.001,
        0.001,
        0.001,
        0.001,
        0.001,
        0.001,
        0.001,
        0.001,
        0.001,
        0.001,
        0.001,
        0.001,
        0.001,
        0.001,
        0.001,
        0.001,
        0.001,
        0.001,
        0.001,
        0.001,
        0.001,
        0.001,
        0.001,
        0.001,
        0.001,
        0.001,
        0.001,
        0.001,
        0.001,
        0.001,
        0.001,
        0.0005,
        0.0005,
        0.0005,
        0.0005
    ]
}