{
    "train_loss": [
        1.713778509034051,
        0.9349734783172607,
        0.6814346710840861,
        0.5509194400575426,
        0.4349212927950753,
        0.3158363567458259,
        0.22615246640311348,
        0.1692502022617393,
        0.13271321480472884,
        0.0997733651763863,
        0.07864066854947144,
        0.05966995201177067,
        0.047729306336906224,
        0.03810502930233876,
        0.03150724143617683,
        0.02796048081169526,
        0.02152783516794443,
        0.019818356467617884,
        0.01769206729821033,
        0.015301294521325164,
        0.013912143444435464,
        0.012245040593875779,
        0.011314781589640511,
        0.011065251866562499,
        0.009770346339792013,
        0.009351823944598436,
        0.00893575930967927,
        0.008550096639535494,
        0.008307885378599167,
        0.00834515300165448,
        0.008063693168676563,
        0.007656801026314497,
        0.007759577025555902,
        0.007290031269399656,
        0.007040037851159771,
        0.006873259062154425,
        0.006719174768982662,
        0.006573774256846971,
        0.006654185837962561,
        0.00641917297616601,
        0.0065704993644936215,
        0.006299292953271005,
        0.006730158761557605,
        0.005944213390143381,
        0.0059900762927201055,
        0.005836422322317958,
        0.005897128359518117,
        0.005916494151784314,
        0.005599532379872269,
        0.0056747612284703385,
        0.005576400448464685,
        0.005722125655867987,
        0.005756259249109361,
        0.005290976803128918,
        0.0052479524941494065,
        0.005694749765098095,
        0.0054315494942582315,
        0.00554253745617138,
        0.005226998771023419,
        0.005501865900845991,
        0.005071551319108241,
        0.005122902363331782,
        0.0052803099776307745,
        0.004906411929469969,
        0.005000093046368824,
        0.005136475587884585,
        0.004794769273656938,
        0.004909590171236131,
        0.00498061117509173,
        0.00516972913303309,
        0.0048970130479170215,
        0.0050890563935455345
    ],
    "val_loss": [
        0.27659982442855835,
        0.13434594571590425,
        0.09617192298173904,
        0.06686755046248435,
        0.03659520670771599,
        0.027342233806848526,
        0.016069662757217884,
        0.01390607412904501,
        0.018477073311805724,
        0.008768577687442302,
        0.006971480511128903,
        0.006063345354050398,
        0.004662015661597252,
        0.004325330862775445,
        0.002613752521574497,
        0.004034004360437393,
        0.0021072649396955967,
        0.00204233315307647,
        0.002050652704201639,
        0.0020635088672861456,
        0.0013370649423450232,
        0.0016897883964702488,
        0.001759978150948882,
        0.0017170879989862442,
        0.001352817821316421,
        0.001296889246441424,
        0.001281578652560711,
        0.0010832504834979773,
        0.0008087407215498388,
        0.0009279088932089508,
        0.0007894310518167913,
        0.0007302446290850639,
        0.0006897481507621706,
        0.0007274962030351162,
        0.0006344989873468876,
        0.00070135782007128,
        0.000624416652135551,
        0.0006362620857544244,
        0.0006144367507658899,
        0.0008447358733974398,
        0.0007387669524177909,
        0.0006607258459553122,
        0.0005284968065097928,
        0.00048323251539841296,
        0.0005532425129786134,
        0.0005713259452022612,
        0.0005077314039226621,
        0.0008207036531530321,
        0.0008324810885824263,
        0.0004604887682944536,
        0.000581659923773259,
        0.000653195078484714,
        0.0006887980969622731,
        0.0005004379607271403,
        0.0004957239609211684,
        0.0005388682358898223,
        0.00045965506578795614,
        0.0007358145667240024,
        0.0006704536965116859,
        0.0005408876342698932,
        0.000704149971716106,
        0.0003640254435595125,
        0.0005110462894663215,
        0.0005702151567675174,
        0.0004862290050368756,
        0.00043196212500333785,
        0.0004858524247538298,
        0.0004847349715419114,
        0.0004149852960836142,
        0.00040127376560121774,
        0.0004330663359723985,
        0.0005194221506826579
    ],
    "lr": [
        0.001,
        0.001,
        0.001,
        0.001,
        0.001,
        0.001,
        0.001,
        0.001,
        0.001,
        0.001,
        0.001,
        0.001,
        0.001,
        0.001,
        0.001,
        0.001,
        0.001,
        0.001,
        0.001,
        0.001,
        0.001,
        0.001,
        0.001,
        0.001,
        0.001,
        0.001,
        0.001,
        0.001,
        0.001,
        0.001,
        0.001,
        0.001,
        0.001,
        0.001,
        0.001,
        0.001,
        0.001,
        0.001,
        0.001,
        0.001,
        0.001,
        0.001,
        0.001,
        0.001,
        0.001,
        0.001,
        0.001,
        0.001,
        0.001,
        0.001,
        0.001,
        0.001,
        0.001,
        0.001,
        0.001,
        0.001,
        0.0005,
        0.0005,
        0.0005,
        0.0005,
        0.0005,
        0.0005,
        0.0005,
        0.0005,
        0.0005,
        0.0005,
        0.0005,
        0.0005,
        0.00025,
        0.00025,
        0.00025,
        0.00025
    ]
}