{
    "train_loss": [
        3.787579171359539,
        2.5305034294724464,
        1.980606585741043,
        1.804381601512432,
        1.4479868113994598,
        1.213713986799121,
        0.9711732473224401,
        0.7435913383960724,
        0.6248816531151533,
        0.49986661318689585,
        0.38959215488284826,
        0.2955852784216404,
        0.2214390472508967,
        0.15167246060445905,
        0.10827922681346536,
        0.08104795578401536,
        0.06206195836421102,
        0.049073354341089725,
        0.04160204483196139,
        0.036579952226020396,
        0.03254107653629035,
        0.030909655790310353,
        0.02704826247645542,
        0.026333322341088206,
        0.02326645713765174,
        0.02272758772596717,
        0.02162891940679401,
        0.020247135602403432,
        0.019904126529581845,
        0.019739121722523123,
        0.018659563036635518,
        0.017982399120228365,
        0.017472031991928816,
        0.0164979059190955
    ],
    "val_loss": [
        0.5383188490356717,
        0.32909164897033144,
        0.21628438042742865,
        0.24686766415834427,
        0.169596899832998,
        0.13643989233033998,
        0.10253153847796577,
        0.07560337973492486,
        0.06995842233300209,
        0.042025192241583555,
        0.04032873295779739,
        0.030259560394499983,
        0.02076793501951865,
        0.020230839028954506,
        0.016715782095811198,
        0.011675846563386065,
        0.008040028823805707,
        0.0077181014764521804,
        0.0069403361329542735,
        0.006416510956894074,
        0.005064418772235513,
        0.004165865697099694,
        0.004132985519910497,
        0.0029065629600414206,
        0.0033814484985279186,
        0.0031816059158050586,
        0.0032262379702712807,
        0.0024692292624552336,
        0.0018414231433000947,
        0.002801051745856447,
        0.002238844571235989,
        0.002067449560854584,
        0.001864972324775798,
        0.0019476494469147707
    ],
    "lr": [
        0.0005,
        0.0005,
        0.0005,
        0.0005,
        0.0005,
        0.0005,
        0.0005,
        0.0005,
        0.0005,
        0.0005,
        0.0005,
        0.0005,
        0.0005,
        0.0005,
        0.0005,
        0.0005,
        0.0005,
        0.0005,
        0.0005,
        0.0005,
        0.0005,
        0.0005,
        0.0005,
        0.0005,
        0.0005,
        0.0005,
        0.0005,
        0.0005,
        0.0005,
        0.0005,
        0.0005,
        0.0005,
        0.0005,
        0.0005
    ]
}