{
    "train_loss": [
        769.4910888671875,
        622.6018409729004,
        620.5868988037109,
        342.1218376159668,
        238.5760841369629,
        261.61695098876953,
        211.64442443847656,
        238.91944122314453,
        193.2085418701172,
        138.12646675109863,
        171.78677940368652,
        175.9782829284668,
        118.5958366394043
    ],
    "train_rmse": [
        27.56755979075085,
        24.049681895518788,
        23.882175018691456,
        18.10601891724218,
        15.385362004255704,
        16.077010330551758,
        14.438320927096436,
        15.31637504353097,
        13.848348107818712,
        11.586498737441659,
        12.975556739137371,
        13.204731434484772,
        10.828510853722427
    ],
    "train_mae": [
        21.322307586669922,
        19.26245951652527,
        16.377286434173584,
        14.226116418838501,
        12.292812585830688,
        11.681033611297607,
        10.979444742202759,
        11.387264490127563,
        10.545680522918701,
        9.05703341960907,
        9.843866109848022,
        9.760813236236572,
        8.385340332984924
    ],
    "val_loss": [
        73.21846771240234,
        25.018278121948242,
        5.2466721534729,
        8.767606735229492,
        16.733715057373047,
        24.10012435913086,
        32.33424758911133,
        40.3099250793457,
        40.210391998291016,
        42.43526077270508,
        51.408538818359375,
        53.99068069458008,
        47.39620590209961
    ],
    "val_rmse": [
        8.556779050110055,
        5.001827478227157,
        2.290561536713847,
        2.961014477375869,
        4.090686379737885,
        4.909187749427685,
        5.686321094443342,
        6.3490097715585305,
        6.3411664540753865,
        6.514235240817227,
        7.1699748129515335,
        7.347835102571374,
        6.884490242719472
    ],
    "val_mae": [
        5.563813209533691,
        3.1472508907318115,
        1.6087182760238647,
        1.9765161275863647,
        2.707592487335205,
        3.5833733081817627,
        4.492730617523193,
        5.290886878967285,
        5.232801914215088,
        5.091872692108154,
        5.076382160186768,
        5.020766258239746,
        4.4040117263793945
    ],
    "lr": [
        0.001,
        0.001,
        0.001,
        0.001,
        0.001,
        0.001,
        0.001,
        0.001,
        0.0005,
        0.0005,
        0.0005,
        0.0005,
        0.0005
    ]
}