{
    "train_loss": [
        1.6059371100531683,
        0.9117906391620636,
        0.7206065853436788,
        0.5276810179154078,
        0.4124419192473094,
        0.3395405146810744,
        0.25504788176880944,
        0.1830979453192817,
        0.1349320171607865,
        0.10221200726098484,
        0.07690961555474335,
        0.06431329250335693,
        0.050172084321578346,
        0.040114091916216746,
        0.03518738773547941,
        0.027677912161582045,
        0.023028110878335104,
        0.020734261617892318,
        0.01689150199914972,
        0.01636558657305108,
        0.014329532420055734,
        0.0136615504614181,
        0.012452306639817026,
        0.011617821744746633,
        0.010987239889800549,
        0.010323431860241625,
        0.009652227370275391,
        0.00919924583286047,
        0.008351648692041636,
        0.008489083110665282,
        0.007909955146412054,
        0.008154880824602313,
        0.007548361861457427,
        0.007552477531135082,
        0.00773112853575084,
        0.007224821045787798,
        0.007094732433971431,
        0.007062502748643358,
        0.006986949359998107,
        0.006546100110022558,
        0.006563846280591356,
        0.0065815790504631065,
        0.006144768041041162,
        0.006388516734457678,
        0.006064388331853681,
        0.006303565602542626,
        0.0062542323850923115,
        0.006065244579480754,
        0.006007977554367648,
        0.005975521893964874,
        0.005976813612505794,
        0.005910364186598195,
        0.005909681759981645,
        0.005736179235908721,
        0.005891966323057811,
        0.00556359864357445,
        0.0056889712448335355,
        0.006103182133908073
    ],
    "val_loss": [
        0.1654964953660965,
        0.11321249455213547,
        0.08001339882612228,
        0.05706275999546051,
        0.04389938786625862,
        0.03467128649353981,
        0.019468467310070993,
        0.016344027034938334,
        0.008625303395092487,
        0.006936107203364373,
        0.006565498560667038,
        0.004158829152584076,
        0.004250851459801197,
        0.0027174093760550023,
        0.0023009346798062323,
        0.0024951834231615065,
        0.001960737956687808,
        0.0023108829045668244,
        0.001846243068575859,
        0.0013401100877672434,
        0.0013231171295046806,
        0.0012113896780647337,
        0.001268120761960745,
        0.001373141724616289,
        0.0010960029205307365,
        0.0010434867930598558,
        0.0009068557526916265,
        0.0009137517889030277,
        0.0009030897519551218,
        0.0009997573564760388,
        0.0009192403755150736,
        0.0011087146820500493,
        0.000920596462674439,
        0.000726737966760993,
        0.0007030497421510517,
        0.0006887208204716444,
        0.0008201724616810679,
        0.0008370456867851317,
        0.0007400261121802032,
        0.0008133593830280006,
        0.0008324325317516923,
        0.0007168384036049247,
        0.0007866431260481477,
        0.0007206850568763912,
        0.0007484832778573037,
        0.0006321097374893725,
        0.0007642259588465095,
        0.00057940271217376,
        0.0006917621125467121,
        0.0007157973363064229,
        0.0005984706920571625,
        0.0007261638296768069,
        0.0007318127667531371,
        0.0007105668890289962,
        0.0006805325741879642,
        0.0006258413661271334,
        0.0006728765089064837,
        0.0006536936503835023
    ],
    "lr": [
        0.001,
        0.001,
        0.001,
        0.001,
        0.001,
        0.001,
        0.001,
        0.001,
        0.001,
        0.001,
        0.001,
        0.001,
        0.001,
        0.001,
        0.001,
        0.001,
        0.001,
        0.001,
        0.001,
        0.001,
        0.001,
        0.001,
        0.001,
        0.001,
        0.001,
        0.001,
        0.001,
        0.001,
        0.001,
        0.001,
        0.001,
        0.001,
        0.001,
        0.001,
        0.001,
        0.001,
        0.001,
        0.001,
        0.001,
        0.001,
        0.001,
        0.001,
        0.0005,
        0.0005,
        0.0005,
        0.0005,
        0.0005,
        0.0005,
        0.0005,
        0.0005,
        0.0005,
        0.0005,
        0.0005,
        0.0005,
        0.00025,
        0.00025,
        0.00025,
        0.00025
    ]
}