{
    "train_loss": [
        38.99003982543945,
        0.1377616971731186,
        0.0187668576836586,
        0.013606118969619274,
        0.011876937933266163,
        0.010245779529213905,
        0.008559190668165684,
        0.00999655481427908,
        0.008317125961184502,
        0.008728552609682083,
        0.007306191138923168,
        0.006179295014590025,
        0.006069200579077005,
        0.005873655900359154,
        0.0045591313391923904,
        0.005001268815249205,
        0.004039939027279615,
        0.003783892374485731,
        0.0024985652416944504,
        0.003014869289472699,
        0.002347532194107771,
        0.0026204802561551332,
        0.0021633929572999477,
        0.0021790775936096907,
        0.0024334227200597525,
        0.0022790844086557627,
        0.001604745746590197,
        0.001654646941460669,
        0.0019788506906479597,
        0.001600740128196776,
        0.0016766466433182359,
        0.0012734205229207873,
        0.0034497305750846863,
        0.0012154887663200498,
        0.001170697738416493,
        0.0010477546602487564,
        0.0012215409660711884,
        0.0008923910208977759,
        0.0008710136171430349,
        0.0009855830576270819,
        0.0009264402906410396,
        0.0006808603648096323,
        0.000721918186172843,
        0.0007560076774097979,
        0.0006151434499770403,
        0.0011695707216858864,
        0.0007041455246508121,
        0.0006765517173334956,
        0.0006385395536199212,
        0.0006740959361195564,
        0.0006867760675959289,
        0.0006891574012115598,
        0.0006110845133662224,
        0.0005272662965580821,
        0.0005569735658355057,
        0.0004719297867268324,
        0.0005264662322588265,
        0.0005153929814696312,
        0.0007464121445082128,
        0.0004834323190152645,
        0.000509937119204551,
        0.000519539404194802,
        0.0008548852056264877,
        0.00048487246385775506,
        0.00044222420547157526,
        0.00042050480260513723
    ],
    "train_rmse": [
        4.675723606590562,
        0.3240932509879101,
        0.13144988990347314,
        0.11148136967515977,
        0.10318975109867169,
        0.0948187846065701,
        0.08583239350535819,
        0.09111567530184737,
        0.08367066350373273,
        0.08634789723931352,
        0.07856488337899957,
        0.07163080309839034,
        0.07068090831033876,
        0.06921025245666768,
        0.06228966298353769,
        0.06426717464175513,
        0.05894176147043757,
        0.05264186710208436,
        0.04682414475168088,
        0.050376816508094266,
        0.045149601736499935,
        0.04746845048827497,
        0.04378131091222708,
        0.04368314187392654,
        0.04521905029922348,
        0.04193528668226129,
        0.03790296772825827,
        0.038259467463922,
        0.03884680094688368,
        0.037849123096611384,
        0.037872520624669316,
        0.03381562728280635,
        0.036746439840242555,
        0.03320551582367257,
        0.032099668409545916,
        0.030630596266204447,
        0.0328806062602384,
        0.028217343796909825,
        0.02771793234179964,
        0.02846023257922642,
        0.0283848915618826,
        0.02460642663822169,
        0.025077176341397524,
        0.025434559832506975,
        0.023161252030617165,
        0.02587180248551729,
        0.02494881240949895,
        0.024063132423000403,
        0.023851540989545113,
        0.02426746288737564,
        0.024342240433943618,
        0.022998604094259814,
        0.022787015536970576,
        0.021177062692875004,
        0.021984524934467307,
        0.020497728647081367,
        0.021338644408504814,
        0.02091849234580941,
        0.02147374300442389,
        0.019943427124456514,
        0.020914230267247244,
        0.020863310210890638,
        0.020849680717499444,
        0.020182378154663505,
        0.019312488321696842,
        0.01893820613737838
    ],
    "train_mae": [
        3.386441469192505,
        0.24764001369476318,
        0.10373996943235397,
        0.09023437649011612,
        0.08403176814317703,
        0.07752452790737152,
        0.0707850381731987,
        0.07648943364620209,
        0.06966878473758698,
        0.07277784496545792,
        0.06519046425819397,
        0.05959746241569519,
        0.05891406536102295,
        0.05780442804098129,
        0.051633816212415695,
        0.05314391851425171,
        0.04811105504631996,
        0.04152137413620949,
        0.03740110993385315,
        0.04017601162195206,
        0.03581935539841652,
        0.037927210330963135,
        0.03467763215303421,
        0.03431030362844467,
        0.03490841016173363,
        0.0328676663339138,
        0.029749203473329544,
        0.03017459809780121,
        0.03042968176305294,
        0.030154505744576454,
        0.030245039612054825,
        0.026502380147576332,
        0.029611529782414436,
        0.02645941637456417,
        0.025241268798708916,
        0.024428891018033028,
        0.026276137679815292,
        0.022183038294315338,
        0.022174950689077377,
        0.02264438569545746,
        0.02272820472717285,
        0.019295619800686836,
        0.019900698214769363,
        0.020225325599312782,
        0.01833396591246128,
        0.020460406318306923,
        0.0198966097086668,
        0.019109850749373436,
        0.019001394510269165,
        0.019457748159766197,
        0.019445298239588737,
        0.01824435219168663,
        0.017856527119874954,
        0.016603663563728333,
        0.017289452254772186,
        0.016223911195993423,
        0.016911812126636505,
        0.016527816653251648,
        0.01682298444211483,
        0.015688439831137657,
        0.016601303592324257,
        0.01653527282178402,
        0.01655120961368084,
        0.01585816591978073,
        0.015115678310394287,
        0.014822065830230713
    ],
    "train_ndcg": [
        -0.6683954889428091,
        0.5191788361299523,
        0.8411016490801361,
        0.8933546922003576,
        0.9288568623768266,
        0.9479641406111015,
        0.9601925214131674,
        0.9628501947998076,
        0.9697347987991894,
        0.9753408177878505,
        0.9784844374471857,
        0.9837352806745574,
        0.9846732939860617,
        0.9851694897163746,
        0.9852923584538836,
        0.9862776040568833,
        0.9886054403560106,
        0.9885703526264014,
        0.9891138150710468,
        0.9902899232945701,
        0.9897676193436911,
        0.989449760017469,
        0.9896572456341381,
        0.9896117370258006,
        0.988509572291559,
        0.9904196571934131,
        0.991150019242782,
        0.9922907241555148,
        0.9926584827345472,
        0.9921624697456064,
        0.9938140832638556,
        0.9931410659653271,
        0.9934074354264163,
        0.9939177482165107,
        0.9948543499606525,
        0.9941158839898516,
        0.9949852821900863,
        0.9951837413994841,
        0.9955859704073086,
        0.9956208569134852,
        0.9968921091667441,
        0.9964625816936641,
        0.996695913778719,
        0.996429794056471,
        0.9970988545768945,
        0.9963656772476758,
        0.997140134027762,
        0.9972987094128779,
        0.9967401995677356,
        0.9967980040598285,
        0.9969865906146146,
        0.9972554999728536,
        0.9973091792690661,
        0.9974884547928508,
        0.9974209289680156,
        0.9976017010766406,
        0.9969907324443492,
        0.9978989834009215,
        0.9976404861424321,
        0.9977155221525089,
        0.9978340298168419,
        0.9975683573604555,
        0.9972058874230052,
        0.9981309688368509,
        0.9980877062609029,
        0.9979569484559141
    ],