{
    "train_loss": [
        57.930129045663875,
        3.0976074408422143,
        1.0645912670811941,
        0.5117178089165872,
        0.297078110710826,
        0.1698737338387458,
        0.11725708650237368,
        0.08221965990671816,
        0.05821262886964305,
        0.05578003560423909,
        0.04342097232782448,
        0.0441784571780455,
        0.03783105235445754,
        0.029166092969794836,
        0.021362030865126398,
        0.02084174554600099,
        0.02260360720228086,
        0.02505286904990442,
        0.016760159368706187,
        0.01616876180890168,
        0.023030119612379822,
        0.038283523303897,
        0.07739467669798192,
        0.016650369765359708,
        0.011912072231711517,
        0.006738216243052581,
        0.00871719615696388,
        0.007010417498103091,
        0.005525321496177696,
        0.005367584719661941,
        0.005876648709288069,
        0.0037197911809108315,
        0.0035808565126201355,
        0.003005065020966134,
        0.0028169559075248017,
        0.002401387684909959,
        0.004220823682221952,
        0.0031390040230760423,
        0.0027739523851101526,
        0.002178942415792885,
        0.002109428453870576,
        0.0017327489862114717,
        0.0016012033879668488,
        0.0016095498504564744,
        0.0014759249212048847,
        0.0014180550744302225,
        0.0014955945975258188,
        0.001798571592224798,
        0.0021834889871958107,
        0.0016279485868109578,
        0.0014526011515228266,
        0.0014196161523437878,
        0.002008504302163298,
        0.0013116565846581763,
        0.001454096977125633,
        0.0016250025142907425,
        0.0010585738351056894,
        0.001743526928273008,
        0.0012337751116623015
    ],
    "train_rmse": [
        5.988515341344483,
        1.7011970652341273,
        1.009567122150464,
        0.7005196818768062,
        0.5301415644539541,
        0.3994740745009409,
        0.31668759244973593,
        0.2779314903408788,
        0.2317642080270691,
        0.22472714023289053,
        0.19772632871787182,
        0.19515202230263495,
        0.18348742092763,
        0.1622233433888347,
        0.13741452176295474,
        0.13299407840449926,
        0.13958690506294594,
        0.14484787329539703,
        0.12084239825296147,
        0.11781049890105166,
        0.11942825185040234,
        0.1466931595440848,
        0.23341230985459918,
        0.12330909307929515,
        0.10184309009123618,
        0.07722708538841876,
        0.08671798966597402,
        0.0779994330881644,
        0.06949953695014717,
        0.06745665890693793,
        0.07020698481452553,
        0.05688425089525208,
        0.054010391757257116,
        0.05076116787559835,
        0.050080914875262526,
        0.04569160515328821,
        0.051142474170382465,
        0.04988484037417609,
        0.04681795769143345,
        0.04177276411827497,
        0.03874525058299742,
        0.03895395179931782,
        0.03767753762143507,
        0.03732071213815212,
        0.03638423317130796,
        0.03547056980125426,
        0.03639004033438358,
        0.03794285060058867,
        0.03908263984326104,
        0.03721258529952404,
        0.03549796580023036,
        0.03556681602897623,
        0.036231252229044976,
        0.0342998732042008,
        0.03409666616761399,
        0.031505139424438854,
        0.030520706934587104,
        0.03275323295925419,
        0.03231893326495182
    ],
    "train_mae": [
        4.497310820013978,
        1.266574346279913,
        0.7703029419793639,
        0.5335753983420919,
        0.41113252521947374,
        0.3108091499916343,
        0.24906664439874102,
        0.2186991734964441,
        0.18382247577804003,
        0.1796055985975635,
        0.15931918238138043,
        0.15914182701371898,
        0.14904492960650792,
        0.13375149564745353,
        0.11240600289184918,
        0.10828179063261018,
        0.11580130813080211,
        0.12069777116294979,
        0.09673412264028723,
        0.09724053731837938,
        0.09584434432981088,
        0.10593240172421747,
        0.16782265517485234,
        0.10026860869554587,
        0.08440594302937966,
        0.06349426448749479,
        0.07274851201520871,
        0.06417102786142004,
        0.05664133292788914,
        0.055226154517122476,
        0.05800246832127026,
        0.046171677147233206,
        0.04316357733291942,
        0.04132233058326235,
        0.04046929385079894,
        0.036658818248746006,
        0.04097593157703793,
        0.0398825346961502,
        0.037640240187792814,
        0.03333956549709388,
        0.030598011142177174,
        0.03095771693588458,
        0.02982154769765199,
        0.02953451600416686,
        0.028909432203617205,
        0.02794808548940129,
        0.02941948641452563,
        0.03044001032172363,
        0.03147141937195331,
        0.029469390136240295,
        0.028158584089819774,
        0.028692725767894077,
        0.02893356319747923,
        0.02785758155780707,
        0.027281504904114923,
        0.025156585575449607,
        0.024345114592520534,
        0.025516441680288823,
        0.025769801929506453
    ],
    "val_loss": [
        3.09679691955961,
        0.5329469123791004,
        0.24686642556354918,
        0.9218735345478716,
        0.05394036990815196,
        0.09039814449075995,
        0.04850579072432271,
        0.08485272616661828,
        0.06812945149582007,
        0.05332048519931991,
        0.02717684665373687,
        0.04270669779387014,
        0.014132065666389877,
        23.678197889588773,
        0.007830117251081714,
        0.009769116175071946,
        0.010050077649668372,
        0.02581749978507387,
        0.0050598450791861475,
        0.0074783482524598465,
        0.011358646129996612,
        0.05952096759373772,
        0.013019370589533756,
        0.004307702641356094,
        0.00197749813729576,
        0.0027369185961012184,
        0.002745962440806987,
        0.0023505330198155395,
        0.004032100992405723,
        14.799852526435581,
        1.4479970995453186,
        22.838647659310013,
        0.0009707581685406381,
        0.0010337563881907485,
        3.311203785197998,
        0.0015335971136288397,
        0.0014874839850155443,
        0.001333856778540488,
        0.0012991670398683898,
        0.0004803124410782716,
        0.0010363157549551848,
        0.0003431866102016948,
        0.00020154057008390925,
        0.4239372194138484,
        3.3400543842305117,
        1.082518357847785,
        0.0008969580040088501,
        0.0003001744876985021,
        0.0001701874824557935,
        0.0005470483045992924,
        0.00037778731674389466,
        0.0002470462214691436,
        0.0003651364797782474,
        0.00018363625738480738,
        0.0004311583400302535,
        0.00045794353505259315,
        0.00019845750447812266,
        0.0002629437056321908,
        0.00029616128775724693
    ],