{
    "basic_metrics": {
        "mse": 0.00010970919538522139,
        "rmse": 0.01047421619296074,
        "mae": 0.005835868418216705,
        "r2": 0.9994878172874451,
        "pred_mean": -0.2261030226945877,
        "pred_std": 0.4618387818336487,
        "true_mean": -0.22294828295707703,
        "true_std": 0.4628254771232605
    },
    "bias_analysis": {
        "bias_range_2": -0.0030121789313852787,
        "bias_range_3": -0.0010755673283711076,
        "bias_range_4": -0.005515183787792921
    },
    "top_k_metrics": {
        "ndcg@10": 0.997642637040568,
        "precision@10": 0.9,
        "recall@10": 0.9
    },
    "cold_start_metrics": {
        "cold_both": {
            "count": 2286,
            "mse": 0.00010970919538522139,
            "rmse": 0.01047421619296074,
            "mae": 0.005835868418216705,
            "r2": 0.9994878172874451,
            "pred_mean": -0.2261030226945877,
            "pred_std": 0.4618387818336487,
            "true_mean": -0.22294828295707703,
            "true_std": 0.4628254771232605
        }
    }
}