{
    "train_loss": [
        65.93365478515625,
        2.768202066421509,
        1.131941795349121,
        0.5635667443275452,
        0.26066353917121887,
        0.15554913878440857,
        0.08814667910337448,
        0.0682535171508789,
        0.04310090094804764,
        0.04532453417778015,
        0.036496035754680634,
        0.024220410734415054,
        0.02349446713924408,
        0.02111562341451645,
        0.017948811873793602,
        0.01768628880381584,
        0.011105763725936413,
        0.014203058555722237,
        0.009829957969486713,
        0.009436088614165783,
        0.00944707915186882,
        0.007326556835323572,
        0.007460615132004023,
        0.006842908915132284,
        0.007357924710959196,
        0.005891043692827225,
        0.005771473050117493,
        0.006722035352140665,
        0.008277812972664833,
        0.004191142972558737,
        0.00334614934399724,
        0.0038854521699249744,
        0.003850493347272277,
        0.002530990168452263,
        0.00231872103177011,
        0.0021935973782092333,
        0.0020830754656344652,
        0.0021777930669486523,
        0.0024982381146401167,
        0.0018317346693947911,
        0.0024901770520955324,
        0.0016326773911714554,
        0.001402883674018085,
        0.001218318589963019,
        0.0013030205154791474,
        0.0012754403287544847,
        0.0019354188116267323,
        0.0012511418899521232,
        0.0023693013936281204,
        0.0014212618116289377
    ],
    "train_rmse": [
        6.753119101661677,
        1.6097147089163761,
        1.0308230116161259,
        0.7306589522984643,
        0.498106926309685,
        0.3836745641975782,
        0.2865399333514331,
        0.2514995299039025,
        0.19884447110504755,
        0.20274745442860967,
        0.17426133399444668,
        0.1455501618199053,
        0.14090710700781836,
        0.13639604100477082,
        0.12530946257537745,
        0.12290111251402804,
        0.09805890789592882,
        0.11273104071550642,
        0.093362966815077,
        0.09215892727564125,
        0.08815453894852929,
        0.08032872904971897,
        0.081297985219369,
        0.07717857823640212,
        0.07633192131709751,
        0.07327223540483484,
        0.0691139974776291,
        0.0711267936192037,
        0.06851155113876733,
        0.05982997796392214,
        0.054299083755425505,
        0.052734437833479274,
        0.05527096014392832,
        0.04747538804737218,
        0.04555243178951718,
        0.04465053496592058,
        0.042689674664668636,
        0.043819648044155654,
        0.04423310973420821,
        0.04040190281497073,
        0.04043759311015728,
        0.0382178097961287,
        0.035353842288186,
        0.033017845821116554,
        0.03377451162452625,
        0.03377816447922877,
        0.03561196997906412,
        0.032411672852301815,
        0.03507852154273516,
        0.035483493880846484
    ],
    "train_mae": [
        4.927011013031006,
        1.209673523902893,
        0.772986888885498,
        0.5489398241043091,
        0.37748733162879944,
        0.3024711012840271,
        0.22451284527778625,
        0.20101894438266754,
        0.159582257270813,
        0.16477158665657043,
        0.1409451812505722,
        0.11891665309667587,
        0.11381401121616364,
        0.11267469823360443,
        0.10361874103546143,
        0.1002776026725769,
        0.08055196702480316,
        0.09254752844572067,
        0.07731038331985474,
        0.07607774436473846,
        0.07248523086309433,
        0.06650767475366592,
        0.06691879779100418,
        0.06372062861919403,
        0.06215653568506241,
        0.05976616218686104,
        0.056488748639822006,
        0.05850964039564133,
        0.05272021144628525,
        0.04853367432951927,
        0.044036656618118286,
        0.043186794966459274,
        0.04480382427573204,
        0.038858696818351746,
        0.0369391031563282,
        0.036355629563331604,
        0.035242438316345215,
        0.035919684916734695,
        0.035913050174713135,
        0.032838787883520126,
        0.03278344124555588,
        0.030915865674614906,
        0.028577608987689018,
        0.02665560692548752,
        0.02720881812274456,
        0.027243083342909813,
        0.02836564928293228,
        0.026306912302970886,
        0.028379758819937706,
        0.028752636164426804
    ],
    "train_ndcg": [
        -0.8400754720593492,
        -0.6453596243628954,
        -0.5111102122847756,
        0.030148663392918575,
        0.37956185489189054,
        0.6263996643698305,
        0.7067815306203408,
        0.7765631524109563,
        0.8033588688040889,
        0.8064966550450627,
        0.8526640638073747,
        0.8584093988634819,
        0.8585433927617332,
        0.874069575422494,
        0.8880107355441234,
        0.9038936690131362,
        0.9214559146600176,
        0.9134563281554584,
        0.9374646662279617,
        0.9363810043464336,
        0.9450225515883098,
        0.9538138427937678,
        0.9554659701132959,
        0.9537370410538459,
        0.9600975541181342,
        0.9632339519123698,
        0.9652158989924793,
        0.963863286399102,
        0.963495250358138,
        0.972451854583829,
        0.9763723798962527,
        0.9813123784323995,
        0.9795366216075513,
        0.9839578518109728,
        0.9861718963745029,
        0.9863797285298045,
        0.9871525519578032,
        0.9866515742253887,
        0.9861911493678426,
        0.9880491520545279,
        0.9887383261392283,
        0.9882173448107964,
        0.9907414656738902,
        0.9919901504073032,
        0.9915177223756332,
        0.9912147485008536,
        0.9907868908819302,
        0.9929017269796179,
        0.9924485029638276,
        0.9912163947903833
    ],
    "val_loss": [
        2.3873789310455322,
        1.2933646440505981,
        0.19652709364891052,
        0.2150678038597107,
        0.09718717634677887,
        0.05797259509563446,
        0.02206365577876568,
        0.010402974672615528,
        0.04316197708249092,
        0.0794142559170723,
        0.007211208343505859,
        0.01271495409309864,
        0.008214259520173073,
        0.010668106377124786,
        0.005316789261996746,
        0.009870774112641811,
        0.0048143817111849785,
        0.0024552817922085524,
        0.005441335961222649,
        0.010039576329290867,
        0.001372206723317504,
        0.0021848909091204405,
        0.00399849284440279,
        0.0015447383048012853,
        0.004416630137711763,
        0.0013799050357192755,
        0.0007833702838979661,
        0.002083840547129512,
        0.006987227126955986,
        0.0024548606015741825,
        0.002122273901477456,
        0.00154108798597008,
        0.0015253267483785748,
        0.0009210078860633075,
        0.00039505946915596724,
        0.0003173735167365521,
        0.0011122534051537514,
        0.0005976901738904417,
        0.0004490753053687513,
        0.0004590604221448302,
        0.0006337041850201786,
        0.0004545774427242577,
        0.000305446854326874,
        0.0009113968117162585,
        0.0002548758056946099,
        0.0002650739043019712,
        0.0001499405043432489,
        0.00018339345115236938,
        0.00020419954671524465,
        0.0005091115599498153
    ],