2025-01-02 21:05:50,730 - INFO - Epoch 1/20
2025-01-02 21:06:18,720 - INFO - Training metrics: {'loss': 1573.4106846580023, 'rmse': 34.87875299744444, 'mae': 23.23654489577571, 'ndcg': 0.8705413748474815}
2025-01-02 21:06:19,143 - INFO - Validation metrics: {'loss': 242.48699736259354, 'rmse': 15.222749438304598, 'mae': 10.016210032181002, 'ndcg': 0.981707148988482}
2025-01-02 21:06:19,388 - INFO - Saved best model to checkpoints/best_model.pth
2025-01-02 21:06:19,388 - INFO - --------------------------------------------------
2025-01-02 21:06:19,389 - INFO - Epoch 2/20
2025-01-02 21:06:45,262 - INFO - Training metrics: {'loss': 241.66802635675745, 'rmse': 14.987261795962356, 'mae': 9.965823018852669, 'ndcg': 0.9820866142458553}
2025-01-02 21:06:45,841 - INFO - Validation metrics: {'loss': 110.35868351896045, 'rmse': 10.259006386057093, 'mae': 7.133039588659582, 'ndcg': 0.9877026433676062}
2025-01-02 21:06:46,054 - INFO - Saved best model to checkpoints/best_model.pth
2025-01-02 21:06:46,055 - INFO - --------------------------------------------------
2025-01-02 21:06:46,055 - INFO - Epoch 3/20
2025-01-02 21:07:15,957 - INFO - Training metrics: {'loss': 129.58585886110234, 'rmse': 11.041098153423027, 'mae': 7.528117040290108, 'ndcg': 0.9893646090279652}
2025-01-02 21:07:16,709 - INFO - Validation metrics: {'loss': 104.70559149728695, 'rmse': 9.975184629147016, 'mae': 6.888899380052593, 'ndcg': 0.9903137557943102}
2025-01-02 21:07:16,870 - INFO - Saved best model to checkpoints/best_model.pth
2025-01-02 21:07:16,871 - INFO - --------------------------------------------------
2025-01-02 21:07:16,871 - INFO - Epoch 4/20
2025-01-02 21:07:46,011 - INFO - Training metrics: {'loss': 81.33055539976192, 'rmse': 8.77760558087468, 'mae': 6.2109670386284215, 'ndcg': 0.993068425055546}
2025-01-02 21:07:46,520 - INFO - Validation metrics: {'loss': 81.94685237508425, 'rmse': 8.64159275856882, 'mae': 5.7716174830853095, 'ndcg': 0.9918068135288399}
2025-01-02 21:07:46,699 - INFO - Saved best model to checkpoints/best_model.pth
2025-01-02 21:07:46,699 - INFO - --------------------------------------------------
2025-01-02 21:07:46,699 - INFO - Epoch 5/20
2025-01-02 21:08:20,569 - INFO - Training metrics: {'loss': 60.043437613716605, 'rmse': 7.553408715871261, 'mae': 5.483522375550451, 'ndcg': 0.9943591235559198}
2025-01-02 21:08:21,298 - INFO - Validation metrics: {'loss': 59.759863571381906, 'rmse': 7.390977598876305, 'mae': 5.325613498687744, 'ndcg': 0.9937682865371167}
2025-01-02 21:08:21,506 - INFO - Saved best model to checkpoints/best_model.pth
2025-01-02 21:08:21,506 - INFO - --------------------------------------------------
2025-01-02 21:08:21,506 - INFO - Epoch 6/20
2025-01-02 21:08:50,395 - INFO - Training metrics: {'loss': 49.388961017886295, 'rmse': 6.851181174457468, 'mae': 5.0336463987072815, 'ndcg': 0.995412773252288}
2025-01-02 21:08:51,291 - INFO - Validation metrics: {'loss': 63.3234116460236, 'rmse': 7.406066388447391, 'mae': 5.063329330632384, 'ndcg': 0.9937528178725444}
2025-01-02 21:08:51,399 - INFO - --------------------------------------------------
2025-01-02 21:08:51,400 - INFO - Epoch 7/20
2025-01-02 21:09:17,574 - INFO - Training metrics: {'loss': 42.711713415157945, 'rmse': 6.383387834579968, 'mae': 4.707722712921191, 'ndcg': 0.9958077484293829}
2025-01-02 21:09:18,159 - INFO - Validation metrics: {'loss': 51.44393080053195, 'rmse': 6.88580765737273, 'mae': 4.936540596921679, 'ndcg': 0.993917101705578}
2025-01-02 21:09:18,329 - INFO - Saved best model to checkpoints/best_model.pth
2025-01-02 21:09:18,329 - INFO - --------------------------------------------------
2025-01-02 21:09:18,330 - INFO - Epoch 8/20
2025-01-02 21:09:44,299 - INFO - Training metrics: {'loss': 37.04401670226568, 'rmse': 5.959030248017024, 'mae': 4.446547166078905, 'ndcg': 0.9964935148629961}
2025-01-02 21:09:45,425 - INFO - Validation metrics: {'loss': 47.11555201570753, 'rmse': 6.4700765907057844, 'mae': 4.571258101664799, 'ndcg': 0.9942726148685939}
2025-01-02 21:09:45,662 - INFO - Saved best model to checkpoints/best_model.pth
2025-01-02 21:09:45,663 - INFO - --------------------------------------------------
2025-01-02 21:09:45,663 - INFO - Epoch 9/20
2025-01-02 21:10:11,681 - INFO - Training metrics: {'loss': 31.510297592682175, 'rmse': 5.510335440600911, 'mae': 4.185598470364945, 'ndcg': 0.9967850607029999}
2025-01-02 21:10:12,354 - INFO - Validation metrics: {'loss': 44.119545775400084, 'rmse': 6.344710511920356, 'mae': 4.56014216114098, 'ndcg': 0.9948195336570202}
2025-01-02 21:10:12,498 - INFO - Saved best model to checkpoints/best_model.pth
2025-01-02 21:10:12,499 - INFO - --------------------------------------------------
2025-01-02 21:10:12,499 - INFO - Epoch 10/20
2025-01-02 21:10:35,613 - INFO - Training metrics: {'loss': 28.098169061202036, 'rmse': 5.21213214792664, 'mae': 3.958317776646795, 'ndcg': 0.9972585009623177}
2025-01-02 21:10:36,275 - INFO - Validation metrics: {'loss': 50.042676992819345, 'rmse': 6.7324958332755, 'mae': 4.771088475912389, 'ndcg': 0.9943590919736406}
2025-01-02 21:10:36,373 - INFO - --------------------------------------------------
2025-01-02 21:10:36,373 - INFO - Epoch 11/20
2025-01-02 21:11:04,398 - INFO - Training metrics: {'loss': 24.962806463996067, 'rmse': 4.909669503700807, 'mae': 3.72663677229157, 'ndcg': 0.9974314333705963}
2025-01-02 21:11:05,052 - INFO - Validation metrics: {'loss': 38.21174539646632, 'rmse': 5.816017498074644, 'mae': 4.026445123511301, 'ndcg': 0.9952160749636906}
2025-01-02 21:11:05,228 - INFO - Saved best model to checkpoints/best_model.pth
2025-01-02 21:11:05,228 - INFO - --------------------------------------------------
2025-01-02 21:11:05,228 - INFO - Epoch 12/20
2025-01-02 21:11:33,955 - INFO - Training metrics: {'loss': 22.979653856422328, 'rmse': 4.7199303371251276, 'mae': 3.6098021332976185, 'ndcg': 0.9975759675608405}
2025-01-02 21:11:34,691 - INFO - Validation metrics: {'loss': 36.11512255332839, 'rmse': 5.647238446646834, 'mae': 4.005806899406541, 'ndcg': 0.9956254682070772}
2025-01-02 21:11:34,856 - INFO - Saved best model to checkpoints/best_model.pth
2025-01-02 21:11:34,857 - INFO - --------------------------------------------------
2025-01-02 21:11:34,857 - INFO - Epoch 13/20
2025-01-02 21:12:04,775 - INFO - Training metrics: {'loss': 20.624650590781926, 'rmse': 4.454014988545468, 'mae': 3.396712816968749, 'ndcg': 0.9978548384542707}
2025-01-02 21:12:05,871 - INFO - Validation metrics: {'loss': 33.29190435543866, 'rmse': 5.485007851809264, 'mae': 3.9677629907366256, 'ndcg': 0.995776547512538}
2025-01-02 21:12:06,094 - INFO - Saved best model to checkpoints/best_model.pth
2025-01-02 21:12:06,094 - INFO - --------------------------------------------------
2025-01-02 21:12:06,094 - INFO - Epoch 14/20
2025-01-02 21:13:36,148 - INFO - Training metrics: {'loss': 18.37248856508279, 'rmse': 4.2114133277321955, 'mae': 3.2209290422593493, 'ndcg': 0.9979887845206864}
2025-01-02 21:13:36,821 - INFO - Validation metrics: {'loss': 36.34482394473653, 'rmse': 5.67274044556089, 'mae': 4.055088516692041, 'ndcg': 0.9952850341796875}
2025-01-02 21:13:36,968 - INFO - --------------------------------------------------
2025-01-02 21:13:36,969 - INFO - Epoch 15/20
2025-01-02 21:14:03,059 - INFO - Training metrics: {'loss': 16.41032188376294, 'rmse': 3.98082874088483, 'mae': 3.036197697437262, 'ndcg': 0.9983101436231709}
2025-01-02 21:14:03,738 - INFO - Validation metrics: {'loss': 34.90276159367091, 'rmse': 5.584264915042236, 'mae': 4.026658931248624, 'ndcg': 0.9950294519813967}
2025-01-02 21:14:03,837 - INFO - --------------------------------------------------
2025-01-02 21:14:03,838 - INFO - Epoch 16/20
2025-01-02 21:14:30,649 - INFO - Training metrics: {'loss': 15.106652148162262, 'rmse': 3.8168967012856276, 'mae': 2.9069111562227903, 'ndcg': 0.9985514830184888}
2025-01-02 21:14:31,489 - INFO - Validation metrics: {'loss': 36.881933789857676, 'rmse': 5.748266146448996, 'mae': 4.182556256442003, 'ndcg': 0.9960594983168052}
2025-01-02 21:14:31,581 - INFO - --------------------------------------------------
2025-01-02 21:14:31,581 - INFO - Epoch 17/20
2025-01-02 21:14:59,315 - INFO - Training metrics: {'loss': 13.923152925092962, 'rmse': 3.6601786489112054, 'mae': 2.789865439639816, 'ndcg': 0.998682281261758}
2025-01-02 21:15:00,042 - INFO - Validation metrics: {'loss': 30.79913027857391, 'rmse': 5.254208615862825, 'mae': 3.76256963568674, 'ndcg': 0.9959340909836998}
2025-01-02 21:15:00,266 - INFO - Saved best model to checkpoints/best_model.pth
2025-01-02 21:15:00,267 - INFO - --------------------------------------------------
2025-01-02 21:15:00,267 - INFO - Epoch 18/20
2025-01-02 21:15:27,888 - INFO - Training metrics: {'loss': 12.319169042608406, 'rmse': 3.4488687216236493, 'mae': 2.63726353588738, 'ndcg': 0.9987842735799053}
2025-01-02 21:15:28,675 - INFO - Validation metrics: {'loss': 29.94282915222813, 'rmse': 5.175323364620961, 'mae': 3.6913866660964323, 'ndcg': 0.9961577998080724}
2025-01-02 21:15:28,863 - INFO - Saved best model to checkpoints/best_model.pth
2025-01-02 21:15:28,864 - INFO - --------------------------------------------------
2025-01-02 21:15:28,864 - INFO - Epoch 19/20
2025-01-02 21:15:53,038 - INFO - Training metrics: {'loss': 11.82735844239404, 'rmse': 3.381452993476122, 'mae': 2.5662053268921525, 'ndcg': 0.9989815183644053}
2025-01-02 21:15:53,571 - INFO - Validation metrics: {'loss': 26.5078580345906, 'rmse': 4.899611512774226, 'mae': 3.554204907215817, 'ndcg': 0.9958094618689846}
2025-01-02 21:15:53,751 - INFO - Saved best model to checkpoints/best_model.pth
2025-01-02 21:15:53,752 - INFO - --------------------------------------------------
2025-01-02 21:15:53,752 - INFO - Epoch 20/20
2025-01-02 21:16:21,637 - INFO - Training metrics: {'loss': 11.080743769301645, 'rmse': 3.263646540076566, 'mae': 2.475501270045208, 'ndcg': 0.9989825742720049}
2025-01-02 21:16:22,178 - INFO - Validation metrics: {'loss': 28.964485262481258, 'rmse': 5.034349147356589, 'mae': 3.5717549458355973, 'ndcg': 0.9958491266613275}
2025-01-02 21:16:22,318 - INFO - --------------------------------------------------
2025-01-02 21:53:25,615 - INFO - Prepared test dataset with 5616 samples
2025-01-02 21:53:32,203 - INFO - 
cold_user_warm_item Metrics (n=1373):
2025-01-02 21:53:32,204 - INFO - mse: 39.5160
2025-01-02 21:53:32,204 - INFO - rmse: 6.2862
2025-01-02 21:53:32,204 - INFO - mae: 3.5751
2025-01-02 21:53:32,204 - INFO - r2: 0.9915
2025-01-02 21:53:32,204 - INFO - pred_mean: 80.2163
2025-01-02 21:53:32,204 - INFO - pred_std: 67.4522
2025-01-02 21:53:32,204 - INFO - true_mean: 81.0757
2025-01-02 21:53:32,204 - INFO - true_std: 68.2578
2025-01-02 21:53:32,261 - INFO - 
warm_user_cold_item Metrics (n=62):
2025-01-02 21:53:32,261 - INFO - mse: 40.8746
2025-01-02 21:53:32,261 - INFO - rmse: 6.3933
2025-01-02 21:53:32,261 - INFO - mae: 4.5891
2025-01-02 21:53:32,261 - INFO - r2: 0.8473
2025-01-02 21:53:32,262 - INFO - pred_mean: 17.7317
2025-01-02 21:53:32,262 - INFO - pred_std: 14.8678
2025-01-02 21:53:32,262 - INFO - true_mean: 16.0645
2025-01-02 21:53:32,262 - INFO - true_std: 16.3597
2025-01-02 21:53:32,907 - INFO - 
cold_both Metrics (n=3678):
2025-01-02 21:53:32,907 - INFO - mse: 23.9811
2025-01-02 21:53:32,907 - INFO - rmse: 4.8971
2025-01-02 21:53:32,908 - INFO - mae: 3.5859
2025-01-02 21:53:32,908 - INFO - r2: 0.7373
2025-01-02 21:53:32,908 - INFO - pred_mean: 12.9794
2025-01-02 21:53:32,908 - INFO - pred_std: 8.9786
2025-01-02 21:53:32,908 - INFO - true_mean: 12.7273
2025-01-02 21:53:32,908 - INFO - true_std: 9.5549
2025-01-02 21:53:33,041 - INFO - 
warm_both Metrics (n=503):
2025-01-02 21:53:33,041 - INFO - mse: 12.6240
2025-01-02 21:53:33,041 - INFO - rmse: 3.5530
2025-01-02 21:53:33,042 - INFO - mae: 2.7132
2025-01-02 21:53:33,042 - INFO - r2: 0.9988
2025-01-02 21:53:33,042 - INFO - pred_mean: 226.7590
2025-01-02 21:53:33,042 - INFO - pred_std: 101.4631
2025-01-02 21:53:33,042 - INFO - true_mean: 227.9026
2025-01-02 21:53:33,042 - INFO - true_std: 101.6592
2025-01-02 21:53:33,043 - INFO - Evaluation completed. Results saved to: metrics
2025-01-02 21:53:33,043 - INFO - 
Evaluation Summary:
2025-01-02 21:53:33,043 - INFO - Basic Metrics:
2025-01-02 21:53:33,043 - INFO - mse: 26.9484
2025-01-02 21:53:33,043 - INFO - rmse: 5.1912
2025-01-02 21:53:33,043 - INFO - mae: 3.5161
2025-01-02 21:53:33,043 - INFO - r2: 0.9956
2025-01-02 21:53:33,044 - INFO - pred_mean: 48.6173
2025-01-02 21:53:33,044 - INFO - pred_std: 77.5781
2025-01-02 21:53:33,044 - INFO - true_mean: 48.7463
2025-01-02 21:53:33,044 - INFO - true_std: 78.2253
2025-01-02 21:53:33,044 - INFO - 
Top-K Metrics:
2025-01-02 21:53:33,044 - INFO - ndcg@10: 1.0000
2025-01-02 21:53:33,044 - INFO - precision@10: 0.9000
2025-01-02 21:53:33,044 - INFO - recall@10: 0.9000
2025-01-02 21:53:33,044 - INFO - 
Bias Analysis:
2025-01-02 21:53:33,044 - INFO - bias_range_1: 4.0700
2025-01-02 21:53:33,044 - INFO - bias_range_2: 0.8064
2025-01-02 21:53:33,044 - INFO - bias_range_3: -2.7841
2025-01-02 21:53:33,045 - INFO - bias_range_4: -1.6185
2025-01-02 23:26:35,830 - INFO - Loading model from /checkpoints/best_model.pth
2025-01-02 23:26:35,830 - ERROR - Error loading model: [Errno 2] No such file or directory: '/checkpoints/best_model.pth'
2025-01-02 23:26:47,461 - INFO - Loading model from checkpoints/best_model.pth
2025-01-02 23:26:47,582 - INFO - Model loaded successfully
2025-01-02 23:28:03,039 - INFO - Loading model from checkpoints/best_model.pth
2025-01-02 23:28:03,113 - INFO - Model loaded successfully
2025-01-02 23:29:59,412 - INFO - Loading model from checkpoints/best_model.pth
2025-01-02 23:29:59,461 - INFO - Model loaded successfully
2025-01-02 23:32:09,285 - INFO - Loading model from checkpoints/best_model.pth
2025-01-02 23:32:09,330 - INFO - Model loaded successfully
2025-01-03 02:59:53,995 - INFO - Epoch 1/20
2025-01-03 03:01:25,859 - INFO - Epoch 1/20
2025-01-03 03:03:01,889 - INFO - Epoch 1/20
2025-01-03 03:03:34,311 - INFO - Training metrics: {'loss': 6039.769612179527, 'rmse': 75.06372706676143, 'mae': 50.31086837792699, 'ndcg': 0.36966318728496567}
2025-01-03 03:03:35,070 - INFO - Validation metrics: {'loss': 5906.023872482944, 'rmse': 74.61562375812093, 'mae': 57.40647469104176, 'ndcg': 0.3630109893184313}
2025-01-03 03:03:35,292 - INFO - Saved best model to checkpoints/best_model.pth
2025-01-03 03:03:35,292 - INFO - --------------------------------------------------
2025-01-03 03:03:35,293 - INFO - Epoch 2/20
2025-01-03 03:04:02,507 - INFO - Training metrics: {'loss': 5941.704713169533, 'rmse': 74.61218414418902, 'mae': 50.907999479317965, 'ndcg': 0.3835963750894688}
2025-01-03 03:04:03,201 - INFO - Validation metrics: {'loss': 5803.814482353103, 'rmse': 72.7763033395989, 'mae': 45.45087704188387, 'ndcg': 0.4052694315012072}
2025-01-03 03:04:03,384 - INFO - Saved best model to checkpoints/best_model.pth
2025-01-03 03:04:03,385 - INFO - --------------------------------------------------
2025-01-03 03:04:03,386 - INFO - Epoch 3/20
2025-01-03 03:04:32,298 - INFO - Training metrics: {'loss': 5914.564727203756, 'rmse': 74.47395658940658, 'mae': 50.94638104076627, 'ndcg': 0.38830770708950635}
2025-01-03 03:04:35,998 - INFO - Validation metrics: {'loss': 5709.954079211598, 'rmse': 72.59723830805083, 'mae': 49.78841300749443, 'ndcg': 0.7254581948820974}
2025-01-03 03:04:36,225 - INFO - Saved best model to checkpoints/best_model.pth
2025-01-03 03:04:36,225 - INFO - --------------------------------------------------
2025-01-03 03:04:36,225 - INFO - Epoch 4/20
2025-01-03 03:05:00,806 - INFO - Training metrics: {'loss': 5836.091276820702, 'rmse': 73.67107757410997, 'mae': 50.31608098368101, 'ndcg': 0.451513979324623}
2025-01-03 03:05:01,760 - INFO - Validation metrics: {'loss': 5801.15322489134, 'rmse': 73.05621628711616, 'mae': 49.173527166876994, 'ndcg': 0.3376818069479835}
2025-01-03 03:05:01,864 - INFO - --------------------------------------------------
2025-01-03 03:05:01,864 - INFO - Epoch 5/20
2025-01-03 03:07:02,418 - INFO - Epoch 1/20
2025-01-03 03:08:28,629 - INFO - Epoch 1/20
2025-01-03 03:08:56,770 - INFO - Training metrics: {'loss': 1475.7049554993835, 'rmse': 34.1962431550628, 'mae': 22.27033799509459, 'ndcg': 0.8878439911464348}
2025-01-03 03:08:57,634 - INFO - Validation metrics: {'loss': 518.2866107779489, 'rmse': 22.175751544849163, 'mae': 15.3913011416583, 'ndcg': 0.9491317574407013}
2025-01-03 03:08:57,858 - INFO - Saved best model to checkpoints/best_model.pth
2025-01-03 03:08:57,858 - INFO - --------------------------------------------------
2025-01-03 03:08:57,858 - INFO - Epoch 2/20
2025-01-03 03:09:23,176 - INFO - Training metrics: {'loss': 379.17743226546276, 'rmse': 18.801574966118118, 'mae': 12.89405941812298, 'ndcg': 0.9664217960796778}
2025-01-03 03:09:24,071 - INFO - Validation metrics: {'loss': 196.49689827502613, 'rmse': 13.627327422581926, 'mae': 9.468683840523303, 'ndcg': 0.9809850437540404}
2025-01-03 03:09:24,282 - INFO - Saved best model to checkpoints/best_model.pth
2025-01-03 03:09:24,282 - INFO - --------------------------------------------------
2025-01-03 03:09:24,283 - INFO - Epoch 3/20
2025-01-03 03:09:52,990 - INFO - Training metrics: {'loss': 170.54567088960093, 'rmse': 12.689654892251957, 'mae': 8.832277373422551, 'ndcg': 0.9849025442064563}
2025-01-03 03:09:53,720 - INFO - Validation metrics: {'loss': 108.25126443782322, 'rmse': 10.084425877541213, 'mae': 6.864865544816138, 'ndcg': 0.9894338082259809}
2025-01-03 03:09:53,911 - INFO - Saved best model to checkpoints/best_model.pth
2025-01-03 03:09:53,911 - INFO - --------------------------------------------------
2025-01-03 03:09:53,911 - INFO - Epoch 4/20
2025-01-03 03:10:19,142 - INFO - Training metrics: {'loss': 104.06700551057163, 'rmse': 9.87278275161242, 'mae': 6.853627974473977, 'ndcg': 0.9909372538139548}
2025-01-03 03:10:19,903 - INFO - Validation metrics: {'loss': 82.35544583495233, 'rmse': 8.7474406358769, 'mae': 6.077065958103663, 'ndcg': 0.9927881418819159}
2025-01-03 03:10:20,122 - INFO - Saved best model to checkpoints/best_model.pth
2025-01-03 03:10:20,122 - INFO - --------------------------------------------------
2025-01-03 03:10:20,122 - INFO - Epoch 5/20
2025-01-03 03:10:45,551 - INFO - Training metrics: {'loss': 76.1038736602928, 'rmse': 8.449554354098428, 'mae': 5.98043404764767, 'ndcg': 0.992851044181027}
2025-01-03 03:10:46,174 - INFO - Validation metrics: {'loss': 64.4055624142499, 'rmse': 7.698267432884312, 'mae': 5.370076864538058, 'ndcg': 0.9925727038316323}
2025-01-03 03:10:46,399 - INFO - Saved best model to checkpoints/best_model.pth
2025-01-03 03:10:46,399 - INFO - --------------------------------------------------
2025-01-03 03:10:46,399 - INFO - Epoch 6/20
2025-01-03 03:11:16,380 - INFO - Training metrics: {'loss': 59.17003956625733, 'rmse': 7.44580231768099, 'mae': 5.36616400299193, 'ndcg': 0.9944684115014498}
2025-01-03 03:11:17,324 - INFO - Validation metrics: {'loss': 64.73163228639415, 'rmse': 7.714951849599426, 'mae': 5.423657706086065, 'ndcg': 0.993241311798633}
2025-01-03 03:11:17,437 - INFO - --------------------------------------------------
2025-01-03 03:11:17,437 - INFO - Epoch 7/20
2025-01-03 03:11:51,361 - INFO - Training metrics: {'loss': 51.22404585005362, 'rmse': 6.920708883027974, 'mae': 5.0564211214645, 'ndcg': 0.9955004250890092}
2025-01-03 03:11:52,314 - INFO - Validation metrics: {'loss': 69.00259841327936, 'rmse': 7.970698293332266, 'mae': 5.450087026810982, 'ndcg': 0.9938505401074047}
2025-01-03 03:11:52,378 - INFO - --------------------------------------------------
2025-01-03 03:11:52,379 - INFO - Epoch 8/20
2025-01-03 03:16:22,680 - INFO - Training metrics: {'loss': 43.72882807405689, 'rmse': 6.429545916515828, 'mae': 4.735194380902037, 'ndcg': 0.9954500748198244}
2025-01-03 03:16:23,600 - INFO - Validation metrics: {'loss': 73.7572065541442, 'rmse': 8.308298844563378, 'mae': 5.731729675346697, 'ndcg': 0.9935763100503197}
2025-01-03 03:16:23,714 - INFO - --------------------------------------------------
2025-01-03 03:16:23,715 - INFO - Epoch 9/20
2025-01-03 03:17:30,978 - INFO - Training metrics: {'loss': 40.60840407806107, 'rmse': 6.19063189467571, 'mae': 4.577013487302804, 'ndcg': 0.9963730471798137}
2025-01-03 03:17:33,503 - INFO - Validation metrics: {'loss': 46.70021191449233, 'rmse': 6.3903562067549045, 'mae': 4.450722744767095, 'ndcg': 0.9939105409971425}
2025-01-03 03:17:33,930 - INFO - Saved best model to checkpoints/best_model.pth
2025-01-03 03:17:33,931 - INFO - --------------------------------------------------
2025-01-03 03:17:33,931 - INFO - Epoch 10/20
2025-01-03 03:18:31,269 - INFO - Training metrics: {'loss': 34.13230947754051, 'rmse': 5.708895129538141, 'mae': 4.306544921820676, 'ndcg': 0.9967452410278441}
2025-01-03 03:18:36,803 - INFO - Validation metrics: {'loss': 51.2034899348944, 'rmse': 6.7515749053250795, 'mae': 4.684651660247588, 'ndcg': 0.9937452371691314}
2025-01-03 03:18:37,029 - INFO - --------------------------------------------------
2025-01-03 03:18:37,029 - INFO - Epoch 11/20
2025-01-03 03:19:37,038 - INFO - Training metrics: {'loss': 31.245400774328015, 'rmse': 5.46680839896866, 'mae': 4.119050872854039, 'ndcg': 0.9970897467264647}
2025-01-03 03:19:38,340 - INFO - Validation metrics: {'loss': 59.88945630570532, 'rmse': 7.348427681843771, 'mae': 5.084945682068946, 'ndcg': 0.9939587519202434}
2025-01-03 03:19:38,413 - INFO - --------------------------------------------------
2025-01-03 03:19:38,413 - INFO - Epoch 12/20
2025-01-03 03:20:27,654 - INFO - Training metrics: {'loss': 27.855964557279513, 'rmse': 5.169277343994283, 'mae': 3.942401315969757, 'ndcg': 0.997403313936312}
2025-01-03 03:20:28,649 - INFO - Validation metrics: {'loss': 46.171227925260304, 'rmse': 6.375031763854914, 'mae': 4.410807441657697, 'ndcg': 0.9940523916566876}
2025-01-03 03:20:28,829 - INFO - Saved best model to checkpoints/best_model.pth
2025-01-03 03:20:28,830 - INFO - --------------------------------------------------
2025-01-03 03:20:28,830 - INFO - Epoch 13/20
2025-01-03 03:21:13,590 - INFO - Training metrics: {'loss': 26.76359580589246, 'rmse': 5.062612587674039, 'mae': 3.8522814964946313, 'ndcg': 0.9972991103990169}
2025-01-03 03:21:15,722 - INFO - Validation metrics: {'loss': 38.14610894968812, 'rmse': 5.864137658752988, 'mae': 4.10906414246895, 'ndcg': 0.9945629667228376}
2025-01-03 03:21:16,032 - INFO - Saved best model to checkpoints/best_model.pth
2025-01-03 03:21:16,033 - INFO - --------------------------------------------------
2025-01-03 03:21:16,033 - INFO - Epoch 14/20
2025-01-03 03:21:48,867 - INFO - Training metrics: {'loss': 24.135131220274335, 'rmse': 4.822805409506358, 'mae': 3.6689407468973836, 'ndcg': 0.9975678757587566}
2025-01-03 03:21:49,752 - INFO - Validation metrics: {'loss': 41.36720026043099, 'rmse': 6.080929566007648, 'mae': 4.262183797191566, 'ndcg': 0.9945879385504924}
2025-01-03 03:21:49,870 - INFO - --------------------------------------------------
2025-01-03 03:21:49,873 - INFO - Epoch 15/20
2025-01-03 03:30:21,263 - INFO - Training metrics: {'loss': 21.92132758415198, 'rmse': 4.588967730179266, 'mae': 3.5085206480720377, 'ndcg': 0.9974553273825706}
2025-01-03 03:30:22,006 - INFO - Validation metrics: {'loss': 40.145658331857604, 'rmse': 5.97723259149377, 'mae': 4.182462527718343, 'ndcg': 0.9951134777404893}
2025-01-03 03:30:22,151 - INFO - --------------------------------------------------
2025-01-03 03:30:22,151 - INFO - Epoch 16/20
2025-01-03 03:30:52,392 - INFO - Training metrics: {'loss': 20.577230770376666, 'rmse': 4.45248032017342, 'mae': 3.4013164577227606, 'ndcg': 0.9980509397161158}
2025-01-03 03:30:53,361 - INFO - Validation metrics: {'loss': 40.95807745758916, 'rmse': 6.083237096050345, 'mae': 4.403699760705653, 'ndcg': 0.9949196988428143}
2025-01-03 03:30:53,494 - INFO - --------------------------------------------------
2025-01-03 03:30:53,494 - INFO - Epoch 17/20
2025-01-03 03:31:16,784 - INFO - Training metrics: {'loss': 19.48057757072811, 'rmse': 4.333507796834372, 'mae': 3.3126965953579433, 'ndcg': 0.9981773383443868}
2025-01-03 03:31:17,520 - INFO - Validation metrics: {'loss': 36.44995172258834, 'rmse': 5.640871318599802, 'mae': 3.9841212252495994, 'ndcg': 0.9954190170261222}
2025-01-03 03:31:17,814 - INFO - Saved best model to checkpoints/best_model.pth
2025-01-03 03:31:17,814 - INFO - --------------------------------------------------
2025-01-03 03:31:17,814 - INFO - Epoch 18/20
2025-01-03 03:31:43,799 - INFO - Training metrics: {'loss': 18.04268748850762, 'rmse': 4.169329592103006, 'mae': 3.1720640664990944, 'ndcg': 0.998248864295362}
2025-01-03 03:31:44,543 - INFO - Validation metrics: {'loss': 37.648309882258026, 'rmse': 5.7711622988360025, 'mae': 4.099793424069042, 'ndcg': 0.9959209158386982}
2025-01-03 03:31:44,635 - INFO - --------------------------------------------------
2025-01-03 03:31:44,635 - INFO - Epoch 19/20
2025-01-03 03:32:11,134 - INFO - Training metrics: {'loss': 17.653404054007954, 'rmse': 4.1118980921011445, 'mae': 3.1186785250902176, 'ndcg': 0.9982810442960715}
2025-01-03 03:32:11,835 - INFO - Validation metrics: {'loss': 40.110850562512034, 'rmse': 5.998258900137503, 'mae': 4.281244986493823, 'ndcg': 0.9951174175235588}
2025-01-03 03:32:11,900 - INFO - --------------------------------------------------
2025-01-03 03:32:11,901 - INFO - Epoch 20/20
2025-01-03 03:32:39,126 - INFO - Training metrics: {'loss': 17.05115290684036, 'rmse': 4.041849615971436, 'mae': 3.043237811779674, 'ndcg': 0.9985020799161513}
2025-01-03 03:32:39,898 - INFO - Validation metrics: {'loss': 34.8642008741137, 'rmse': 5.628703590478307, 'mae': 4.025566181666415, 'ndcg': 0.9956686404389394}
2025-01-03 03:32:40,103 - INFO - Saved best model to checkpoints/best_model.pth
2025-01-03 03:32:40,103 - INFO - --------------------------------------------------
2025-01-03 03:33:19,540 - INFO - Prepared test dataset with 5616 samples
2025-01-03 03:34:51,036 - INFO - Prepared test dataset with 5616 samples
2025-01-03 03:35:13,868 - INFO - Epoch 1/20
2025-01-03 03:35:52,271 - INFO - Training metrics: {'loss': 1435.060329775267, 'rmse': 34.16462143750128, 'mae': 22.42367218717744, 'ndcg': 0.8861735068686023}
2025-01-03 03:35:53,734 - INFO - Validation metrics: {'loss': 410.4469845194212, 'rmse': 19.807712859563207, 'mae': 14.308727197244133, 'ndcg': 0.9563382897578495}
2025-01-03 03:35:53,959 - INFO - Saved best model to checkpoints/best_model.pth
2025-01-03 03:35:53,959 - INFO - --------------------------------------------------
2025-01-03 03:35:53,959 - INFO - Epoch 2/20
2025-01-03 03:36:24,948 - INFO - Training metrics: {'loss': 352.2340569315077, 'rmse': 18.133741742649008, 'mae': 12.666036196147338, 'ndcg': 0.9673905631975283}
2025-01-03 03:36:25,739 - INFO - Validation metrics: {'loss': 182.80695052885673, 'rmse': 13.154047283218882, 'mae': 8.982651488881716, 'ndcg': 0.9829646886234552}
2025-01-03 03:36:25,979 - INFO - Saved best model to checkpoints/best_model.pth
2025-01-03 03:36:25,980 - INFO - --------------------------------------------------
2025-01-03 03:36:25,980 - INFO - Epoch 3/20
2025-01-03 03:36:52,834 - INFO - Training metrics: {'loss': 164.56359785417968, 'rmse': 12.479908767197573, 'mae': 8.629599928101406, 'ndcg': 0.9857557027400294}
2025-01-03 03:36:53,526 - INFO - Validation metrics: {'loss': 106.04734818364533, 'rmse': 9.973827810514075, 'mae': 6.783395169486462, 'ndcg': 0.9902353975134837}
2025-01-03 03:36:53,724 - INFO - Saved best model to checkpoints/best_model.pth
2025-01-03 03:36:53,724 - INFO - --------------------------------------------------
2025-01-03 03:36:53,725 - INFO - Epoch 4/20
2025-01-03 03:37:21,628 - INFO - Training metrics: {'loss': 96.81200471105454, 'rmse': 9.533131123991046, 'mae': 6.682308893792237, 'ndcg': 0.9915234359759318}
2025-01-03 03:37:22,621 - INFO - Validation metrics: {'loss': 68.17160872338523, 'rmse': 7.9165926582847925, 'mae': 5.465634762401312, 'ndcg': 0.9931762016994853}
2025-01-03 03:37:22,800 - INFO - Saved best model to checkpoints/best_model.pth
2025-01-03 03:37:22,802 - INFO - --------------------------------------------------
2025-01-03 03:37:22,803 - INFO - Epoch 5/20
2025-01-03 03:37:48,697 - INFO - Training metrics: {'loss': 67.34939731525469, 'rmse': 7.993323629576951, 'mae': 5.701853976219515, 'ndcg': 0.9942724066255968}
2025-01-03 03:37:49,638 - INFO - Validation metrics: {'loss': 50.6360629444391, 'rmse': 6.7908423920085985, 'mae': 4.799200672498891, 'ndcg': 0.9938783435754373}
2025-01-03 03:37:49,941 - INFO - Saved best model to checkpoints/best_model.pth
2025-01-03 03:37:49,942 - INFO - --------------------------------------------------
2025-01-03 03:37:49,943 - INFO - Epoch 6/20
2025-01-03 03:38:19,516 - INFO - Training metrics: {'loss': 53.12608155419555, 'rmse': 7.129096690749047, 'mae': 5.185871489440339, 'ndcg': 0.9951469133360477}
2025-01-03 03:38:20,418 - INFO - Validation metrics: {'loss': 68.64627241752517, 'rmse': 7.912192454970619, 'mae': 5.412561322601748, 'ndcg': 0.9936022330337847}
2025-01-03 03:38:20,501 - INFO - --------------------------------------------------
2025-01-03 03:38:20,501 - INFO - Epoch 7/20
2025-01-03 03:38:48,040 - INFO - Training metrics: {'loss': 44.58751765987541, 'rmse': 6.538397691999737, 'mae': 4.8233660508560225, 'ndcg': 0.9957965078610408}
2025-01-03 03:38:48,956 - INFO - Validation metrics: {'loss': 45.423886285701265, 'rmse': 6.277257651484929, 'mae': 4.415327538906689, 'ndcg': 0.9940772854106527}
2025-01-03 03:38:49,222 - INFO - Saved best model to checkpoints/best_model.pth
2025-01-03 03:38:49,223 - INFO - --------------------------------------------------
2025-01-03 03:38:49,223 - INFO - Epoch 8/20
2025-01-03 03:39:19,309 - INFO - Training metrics: {'loss': 38.42660973796362, 'rmse': 6.06964856221789, 'mae': 4.548375989440121, 'ndcg': 0.9963700529895251}
2025-01-03 03:39:20,012 - INFO - Validation metrics: {'loss': 78.9354918305303, 'rmse': 8.45227570668767, 'mae': 5.735453635873929, 'ndcg': 0.9942635306170289}
2025-01-03 03:39:20,108 - INFO - --------------------------------------------------
2025-01-03 03:39:20,109 - INFO - Epoch 9/20
2025-01-03 03:40:00,403 - INFO - Training metrics: {'loss': 34.44303543205503, 'rmse': 5.755456311497981, 'mae': 4.338121420220483, 'ndcg': 0.9968566370161274}
2025-01-03 03:40:01,649 - INFO - Validation metrics: {'loss': 44.831697356533, 'rmse': 6.338847829619797, 'mae': 4.556723201778573, 'ndcg': 0.994526959640879}
2025-01-03 03:40:01,897 - INFO - Saved best model to checkpoints/best_model.pth
2025-01-03 03:40:01,897 - INFO - --------------------------------------------------
2025-01-03 03:40:01,898 - INFO - Epoch 10/20
2025-01-03 03:40:45,320 - INFO - Training metrics: {'loss': 31.319766175897815, 'rmse': 5.487252373904924, 'mae': 4.163119960057585, 'ndcg': 0.9970038944407354}
2025-01-03 03:40:46,436 - INFO - Validation metrics: {'loss': 41.634061155184895, 'rmse': 6.025232891791129, 'mae': 4.222258715562417, 'ndcg': 0.994710107084731}
2025-01-03 03:40:46,676 - INFO - Saved best model to checkpoints/best_model.pth
2025-01-03 03:40:46,676 - INFO - --------------------------------------------------
2025-01-03 03:40:46,677 - INFO - Epoch 11/20
2025-01-03 03:41:22,234 - INFO - Training metrics: {'loss': 28.912457778484008, 'rmse': 5.260899197134256, 'mae': 3.989376880700075, 'ndcg': 0.9973822481270078}
2025-01-03 03:41:25,914 - INFO - Validation metrics: {'loss': 43.157917936083294, 'rmse': 6.0758578337285165, 'mae': 4.230704216889932, 'ndcg': 0.9943417713675701}
2025-01-03 03:41:26,047 - INFO - --------------------------------------------------
2025-01-03 03:41:26,047 - INFO - Epoch 12/20
2025-01-03 03:42:00,849 - INFO - Training metrics: {'loss': 27.199046002913125, 'rmse': 5.112084049532784, 'mae': 3.886762281761894, 'ndcg': 0.9971672230506246}
2025-01-03 03:42:02,589 - INFO - Validation metrics: {'loss': 40.68462800308013, 'rmse': 5.943435587770236, 'mae': 4.195163380931801, 'ndcg': 0.9952644856882767}
2025-01-03 03:42:02,901 - INFO - Saved best model to checkpoints/best_model.pth
2025-01-03 03:42:02,902 - INFO - --------------------------------------------------
2025-01-03 03:42:02,902 - INFO - Epoch 13/20
2025-01-03 03:42:41,058 - INFO - Training metrics: {'loss': 25.081022571913802, 'rmse': 4.906783164787575, 'mae': 3.732258479806441, 'ndcg': 0.9975094205782383}
2025-01-03 03:42:42,458 - INFO - Validation metrics: {'loss': 39.753396558089996, 'rmse': 5.847326947488449, 'mae': 4.090030817918374, 'ndcg': 0.9947412333018343}
2025-01-03 03:42:42,852 - INFO - Saved best model to checkpoints/best_model.pth
2025-01-03 03:42:42,853 - INFO - --------------------------------------------------
2025-01-03 03:42:42,853 - INFO - Epoch 14/20
2025-01-03 03:43:25,401 - INFO - Training metrics: {'loss': 22.87438059079496, 'rmse': 4.686919144259876, 'mae': 3.5699768172034734, 'ndcg': 0.9977648538313334}
2025-01-03 03:43:26,334 - INFO - Validation metrics: {'loss': 44.02809227688212, 'rmse': 6.090798816429889, 'mae': 4.1431486237217, 'ndcg': 0.9947131947732307}
2025-01-03 03:43:26,405 - INFO - --------------------------------------------------
2025-01-03 03:43:26,405 - INFO - Epoch 15/20
2025-01-03 03:43:58,004 - INFO - Training metrics: {'loss': 20.80075543439841, 'rmse': 4.482920539985945, 'mae': 3.437376656864263, 'ndcg': 0.9980179846664018}
2025-01-03 03:43:58,839 - INFO - Validation metrics: {'loss': 48.21740244475888, 'rmse': 6.580154817004584, 'mae': 4.625208894971391, 'ndcg': 0.9957452072224147}
2025-01-03 03:43:58,918 - INFO - --------------------------------------------------
2025-01-03 03:43:58,918 - INFO - Epoch 16/20
2025-01-03 03:44:28,002 - INFO - Training metrics: {'loss': 20.669258119939247, 'rmse': 4.449389267406377, 'mae': 3.360495426986791, 'ndcg': 0.9981356275421155}
2025-01-03 03:44:28,792 - INFO - Validation metrics: {'loss': 35.52609372474778, 'rmse': 5.534270403127238, 'mae': 3.9091772327960377, 'ndcg': 0.9959601877440869}
2025-01-03 03:44:29,017 - INFO - Saved best model to checkpoints/best_model.pth
2025-01-03 03:44:29,018 - INFO - --------------------------------------------------
2025-01-03 03:44:29,018 - INFO - Epoch 17/20
2025-01-03 03:45:02,937 - INFO - Training metrics: {'loss': 18.51449005965945, 'rmse': 4.2221425125174985, 'mae': 3.2160783613784405, 'ndcg': 0.998470520105543}
2025-01-03 03:45:04,090 - INFO - Validation metrics: {'loss': 42.4773176891703, 'rmse': 6.03797093456972, 'mae': 4.2994451388506825, 'ndcg': 0.9957177504687242}
2025-01-03 03:45:04,234 - INFO - --------------------------------------------------
2025-01-03 03:45:04,234 - INFO - Epoch 18/20
2025-01-03 03:45:35,220 - INFO - Training metrics: {'loss': 17.437184510351738, 'rmse': 4.077745623309648, 'mae': 3.0981060236315185, 'ndcg': 0.9984775487380692}
2025-01-03 03:45:36,433 - INFO - Validation metrics: {'loss': 39.13388240169471, 'rmse': 5.794032251456846, 'mae': 4.042285610252703, 'ndcg': 0.9960256244095278}
2025-01-03 03:45:36,599 - INFO - --------------------------------------------------
2025-01-03 03:45:36,599 - INFO - Epoch 19/20
2025-01-03 03:46:10,334 - INFO - Training metrics: {'loss': 15.839009639205813, 'rmse': 3.9076029899822107, 'mae': 2.9636218747760674, 'ndcg': 0.9987470709447619}
2025-01-03 03:46:11,300 - INFO - Validation metrics: {'loss': 34.04803727378308, 'rmse': 5.2841298330328055, 'mae': 3.663872933723557, 'ndcg': 0.9959515937617127}
2025-01-03 03:46:11,541 - INFO - Saved best model to checkpoints/best_model.pth
2025-01-03 03:46:11,542 - INFO - --------------------------------------------------
2025-01-03 03:46:11,542 - INFO - Epoch 20/20
2025-01-03 03:46:44,914 - INFO - Training metrics: {'loss': 14.724061391021632, 'rmse': 3.7612553914109483, 'mae': 2.8468211540315727, 'ndcg': 0.9987366080661363}
2025-01-03 03:46:46,054 - INFO - Validation metrics: {'loss': 56.9983289745492, 'rmse': 7.244037790588833, 'mae': 5.090360748935753, 'ndcg': 0.9956882721941236}
2025-01-03 03:46:46,142 - INFO - --------------------------------------------------
2025-01-03 03:49:54,528 - INFO - Prepared test dataset with 5616 samples
2025-01-03 03:58:34,287 - INFO - Prepared test dataset with 5616 samples
2025-01-03 03:58:34,873 - ERROR - No true values found in test data!
2025-01-03 04:01:30,489 - INFO - Prepared test dataset with 5616 samples
2025-01-03 04:01:31,267 - ERROR - No true values found in test data!
2025-01-03 04:09:29,948 - INFO - Prepared test dataset with 5616 samples
2025-01-03 04:09:35,908 - ERROR - No true values found in test data!
2025-01-03 04:09:39,209 - ERROR - No true values found in test data!
2025-01-03 04:09:42,497 - ERROR - No true values found in test data!
2025-01-03 04:11:41,040 - INFO - Prepared test dataset with 5616 samples
2025-01-03 04:11:42,694 - ERROR - No true values found in test data!
2025-01-03 04:11:44,189 - ERROR - No true values found in test data!
2025-01-03 04:11:45,922 - ERROR - No true values found in test data!
2025-01-03 04:23:19,606 - INFO - Prepared test dataset with 5616 samples
2025-01-03 04:23:21,379 - ERROR - No true values found in test data!
2025-01-03 04:23:22,922 - ERROR - No true values found in test data!
2025-01-03 04:23:24,491 - ERROR - No true values found in test data!
2025-01-03 04:24:00,019 - INFO - Loading model from checkpoints/best_model.pth
2025-01-03 04:24:00,079 - INFO - Model loaded successfully
2025-01-03 04:29:10,692 - INFO - Prepared test dataset with 5616 samples
2025-01-03 04:31:23,097 - INFO - Prepared test dataset with 5616 samples
2025-01-03 04:33:32,510 - INFO - Epoch 1/20
2025-01-03 04:34:02,876 - INFO - Training metrics: {'loss': 1351.0113486277905, 'rmse': 33.209800136624345, 'mae': 22.03341102298302, 'ndcg': 0.8791214263514627}
2025-01-03 04:34:04,625 - INFO - Validation metrics: {'loss': 416.53340750680843, 'rmse': 20.037238599342864, 'mae': 13.448163207148163, 'ndcg': 0.9552615352079902}
2025-01-03 04:34:05,092 - INFO - Saved best model to checkpoints/best_model.pth
2025-01-03 04:34:05,093 - INFO - --------------------------------------------------
2025-01-03 04:34:05,093 - INFO - Epoch 2/20
2025-01-03 04:34:37,278 - INFO - Training metrics: {'loss': 352.3077262866346, 'rmse': 18.2435796333922, 'mae': 12.686087564577031, 'ndcg': 0.9651105227538302}
2025-01-03 04:34:38,280 - INFO - Validation metrics: {'loss': 190.91952998201612, 'rmse': 13.578766652473123, 'mae': 9.25817228370989, 'ndcg': 0.9803778302501625}
2025-01-03 04:34:38,515 - INFO - Saved best model to checkpoints/best_model.pth
2025-01-03 04:34:38,515 - INFO - --------------------------------------------------
2025-01-03 04:34:38,515 - INFO - Epoch 3/20
2025-01-03 04:35:06,964 - INFO - Training metrics: {'loss': 167.32429698750943, 'rmse': 12.549612336516933, 'mae': 8.723137673697893, 'ndcg': 0.9844696806578697}
2025-01-03 04:35:07,898 - INFO - Validation metrics: {'loss': 104.1640454144545, 'rmse': 9.972929540364614, 'mae': 6.8640187357513, 'ndcg': 0.9900085867290765}
2025-01-03 04:35:08,300 - INFO - Saved best model to checkpoints/best_model.pth
2025-01-03 04:35:08,301 - INFO - --------------------------------------------------
2025-01-03 04:35:08,301 - INFO - Epoch 4/20
2025-01-03 04:35:41,083 - INFO - Training metrics: {'loss': 103.08953188944467, 'rmse': 9.841988781026261, 'mae': 6.865933564644825, 'ndcg': 0.9911428662606433}
2025-01-03 04:35:42,006 - INFO - Validation metrics: {'loss': 72.3938918315189, 'rmse': 8.205374721377183, 'mae': 5.719145002499433, 'ndcg': 0.9927245554789691}
2025-01-03 04:35:42,184 - INFO - Saved best model to checkpoints/best_model.pth
2025-01-03 04:35:42,184 - INFO - --------------------------------------------------
2025-01-03 04:35:42,184 - INFO - Epoch 5/20
2025-01-03 04:36:16,235 - INFO - Training metrics: {'loss': 69.1875813610946, 'rmse': 8.071622587094533, 'mae': 5.739644124915328, 'ndcg': 0.9935568665401845}
2025-01-03 04:36:17,788 - INFO - Validation metrics: {'loss': 73.03941280741087, 'rmse': 8.255005243890967, 'mae': 5.654466313375553, 'ndcg': 0.9929810569319927}
2025-01-03 04:36:17,905 - INFO - --------------------------------------------------
2025-01-03 04:36:17,906 - INFO - Epoch 6/20
2025-01-03 04:36:57,487 - INFO - Training metrics: {'loss': 54.25784658631192, 'rmse': 7.137606808702729, 'mae': 5.1618613159354725, 'ndcg': 0.9948240366729}
2025-01-03 04:36:58,455 - INFO - Validation metrics: {'loss': 49.85962137034242, 'rmse': 6.720256714664904, 'mae': 4.759454754036917, 'ndcg': 0.9937699966027703}
2025-01-03 04:36:58,677 - INFO - Saved best model to checkpoints/best_model.pth
2025-01-03 04:36:58,678 - INFO - --------------------------------------------------
2025-01-03 04:36:58,678 - INFO - Epoch 7/20
2025-01-03 04:37:33,856 - INFO - Training metrics: {'loss': 44.57601911055891, 'rmse': 6.477514088010586, 'mae': 4.776871337920805, 'ndcg': 0.9953797318135635}
2025-01-03 04:37:35,149 - INFO - Validation metrics: {'loss': 48.56202842819859, 'rmse': 6.593885938298914, 'mae': 4.746351557718197, 'ndcg': 0.9954146490970128}
2025-01-03 04:37:35,402 - INFO - Saved best model to checkpoints/best_model.pth
2025-01-03 04:37:35,402 - INFO - --------------------------------------------------
2025-01-03 04:37:35,402 - INFO - Epoch 8/20
2025-01-03 04:38:10,330 - INFO - Prepared test dataset with 5616 samples
2025-01-03 04:38:13,072 - INFO - Training metrics: {'loss': 40.01520497285867, 'rmse': 6.162852056927469, 'mae': 4.587744018699549, 'ndcg': 0.995786432223984}
2025-01-03 04:38:14,097 - INFO - Validation metrics: {'loss': 48.4794106281979, 'rmse': 6.5710771451384025, 'mae': 4.631843724720914, 'ndcg': 0.9936058378555406}
2025-01-03 04:38:14,304 - INFO - Saved best model to checkpoints/best_model.pth
2025-01-03 04:38:14,304 - INFO - --------------------------------------------------
2025-01-03 04:38:14,304 - INFO - Epoch 9/20
2025-01-03 04:38:47,173 - INFO - Training metrics: {'loss': 34.644554676888866, 'rmse': 5.755617270195042, 'mae': 4.33242931773391, 'ndcg': 0.9964222386479378}
2025-01-03 04:38:48,210 - INFO - Validation metrics: {'loss': 40.51393108636561, 'rmse': 5.956024617439825, 'mae': 4.244970445901576, 'ndcg': 0.9941671062523211}
2025-01-03 04:38:48,439 - INFO - Saved best model to checkpoints/best_model.pth
2025-01-03 04:38:48,440 - INFO - --------------------------------------------------
2025-01-03 04:38:48,440 - INFO - Epoch 10/20
2025-01-03 04:39:21,785 - INFO - Training metrics: {'loss': 31.293750059001052, 'rmse': 5.477392564370788, 'mae': 4.157995220981067, 'ndcg': 0.9969813658655444}
2025-01-03 04:39:22,531 - INFO - Validation metrics: {'loss': 43.22256162133015, 'rmse': 6.109059175367006, 'mae': 4.2405674323229725, 'ndcg': 0.9947078941573559}
2025-01-03 04:39:22,634 - INFO - --------------------------------------------------
2025-01-03 04:39:22,635 - INFO - Epoch 11/20
2025-01-03 04:39:55,305 - INFO - Training metrics: {'loss': 28.812668193744706, 'rmse': 5.256519986669205, 'mae': 3.993489240543752, 'ndcg': 0.9970793777817413}
2025-01-03 04:39:56,288 - INFO - Validation metrics: {'loss': 41.64596470308975, 'rmse': 6.1021625173050005, 'mae': 4.311174513588489, 'ndcg': 0.9938346449757965}
2025-01-03 04:39:56,371 - INFO - --------------------------------------------------
2025-01-03 04:39:56,372 - INFO - Epoch 12/20
2025-01-03 04:40:28,871 - INFO - Training metrics: {'loss': 26.442434762097612, 'rmse': 5.046400770248145, 'mae': 3.8578739743443986, 'ndcg': 0.9971918700427949}
2025-01-03 04:40:29,964 - INFO - Validation metrics: {'loss': 37.488306649973694, 'rmse': 5.629496071562468, 'mae': 3.970265506019055, 'ndcg': 0.9955057291917397}
2025-01-03 04:40:30,305 - INFO - Saved best model to checkpoints/best_model.pth
2025-01-03 04:40:30,306 - INFO - --------------------------------------------------
2025-01-03 04:40:30,306 - INFO - Epoch 13/20
2025-01-03 04:41:00,791 - INFO - Training metrics: {'loss': 23.031041573874557, 'rmse': 4.708584689891357, 'mae': 3.6205275092698352, 'ndcg': 0.9978629457233827}
2025-01-03 04:41:01,754 - INFO - Validation metrics: {'loss': 41.163437480657876, 'rmse': 6.040688794055788, 'mae': 4.271067021598278, 'ndcg': 0.9949795964738013}
2025-01-03 04:41:01,853 - INFO - --------------------------------------------------
2025-01-03 04:41:01,853 - INFO - Epoch 14/20
2025-01-03 04:41:34,326 - INFO - Training metrics: {'loss': 22.20530678350714, 'rmse': 4.619441727399584, 'mae': 3.532670849486242, 'ndcg': 0.9979353491452676}
2025-01-03 04:41:35,123 - INFO - Validation metrics: {'loss': 40.262249718249684, 'rmse': 6.02400883553649, 'mae': 4.344380452599324, 'ndcg': 0.9951892134169458}
2025-01-03 04:41:35,182 - INFO - --------------------------------------------------
2025-01-03 04:41:35,182 - INFO - Epoch 15/20
2025-01-03 04:42:06,854 - INFO - Training metrics: {'loss': 19.99327388669871, 'rmse': 4.395451810730182, 'mae': 3.3538063560860065, 'ndcg': 0.9979386804979059}
2025-01-03 04:42:07,790 - INFO - Validation metrics: {'loss': 41.858627131287484, 'rmse': 6.181112128194623, 'mae': 4.383088038001262, 'ndcg': 0.9950296677334208}
2025-01-03 04:42:07,858 - INFO - --------------------------------------------------
2025-01-03 04:42:07,859 - INFO - Epoch 16/20
2025-01-03 04:42:39,109 - INFO - Training metrics: {'loss': 18.68147025908096, 'rmse': 4.227234469912232, 'mae': 3.2110798879514766, 'ndcg': 0.9981750877031798}
2025-01-03 04:42:39,942 - INFO - Validation metrics: {'loss': 33.52191503283004, 'rmse': 5.4490271083728095, 'mae': 3.914992782431589, 'ndcg': 0.9954134653991377}
2025-01-03 04:42:40,245 - INFO - Saved best model to checkpoints/best_model.pth
2025-01-03 04:42:40,245 - INFO - --------------------------------------------------
2025-01-03 04:42:40,245 - INFO - Epoch 17/20
2025-01-03 04:43:08,588 - INFO - Training metrics: {'loss': 16.995510369916506, 'rmse': 4.049099866559392, 'mae': 3.0780662824458713, 'ndcg': 0.9985391404243964}
2025-01-03 04:43:09,359 - INFO - Validation metrics: {'loss': 35.463427651096396, 'rmse': 5.579791722023324, 'mae': 3.9759923236470827, 'ndcg': 0.9948479037889293}
2025-01-03 04:43:09,428 - INFO - --------------------------------------------------
2025-01-03 04:43:09,428 - INFO - Epoch 18/20
2025-01-03 04:43:42,738 - INFO - Training metrics: {'loss': 15.845708420005026, 'rmse': 3.9108673639536904, 'mae': 2.972256003301355, 'ndcg': 0.9983644762748405}
2025-01-03 04:43:43,771 - INFO - Validation metrics: {'loss': 34.34374282729458, 'rmse': 5.5375956799899, 'mae': 3.9289716364632192, 'ndcg': 0.9956618916820472}
2025-01-03 04:43:43,866 - INFO - --------------------------------------------------
2025-01-03 04:43:43,866 - INFO - Epoch 19/20
2025-01-03 04:44:23,209 - INFO - Training metrics: {'loss': 15.787844214258314, 'rmse': 3.8833373469625383, 'mae': 2.912875095122977, 'ndcg': 0.9987040338448331}
2025-01-03 04:44:26,896 - INFO - Validation metrics: {'loss': 35.07537248772635, 'rmse': 5.512524228406886, 'mae': 3.853868887458049, 'ndcg': 0.9953685369290096}
2025-01-03 04:44:26,983 - INFO - --------------------------------------------------
2025-01-03 04:44:26,985 - INFO - Epoch 20/20
2025-01-03 04:44:52,359 - INFO - Training metrics: {'loss': 14.747453052031842, 'rmse': 3.755766218028664, 'mae': 2.8233952163895473, 'ndcg': 0.99851057178612}
2025-01-03 04:44:53,257 - INFO - Validation metrics: {'loss': 35.725776531326936, 'rmse': 5.587302219995305, 'mae': 3.879887836080202, 'ndcg': 0.9951692357869215}
2025-01-03 04:44:53,356 - INFO - --------------------------------------------------
2025-01-03 04:46:52,036 - INFO - Epoch 1/20
2025-01-03 04:47:16,497 - INFO - Training metrics: {'loss': 1568.4600394526615, 'rmse': 35.548012435356554, 'mae': 23.885840191116817, 'ndcg': 0.8788194583398821}
2025-01-03 04:47:17,125 - INFO - Validation metrics: {'loss': 480.90674945670116, 'rmse': 21.523574966213687, 'mae': 14.952053258116816, 'ndcg': 0.951992391700476}
2025-01-03 04:47:17,392 - INFO - Saved best model to checkpoints/best_model.pth
2025-01-03 04:47:17,392 - INFO - --------------------------------------------------
2025-01-03 04:47:17,392 - INFO - Epoch 2/20
2025-01-03 04:47:44,309 - INFO - Training metrics: {'loss': 380.66691172877444, 'rmse': 18.833375530651306, 'mae': 12.806354168095167, 'ndcg': 0.966001775162884}
2025-01-03 04:47:45,254 - INFO - Validation metrics: {'loss': 221.32546642464652, 'rmse': 14.500466189588247, 'mae': 9.653207577450175, 'ndcg': 0.977657847001519}
2025-01-03 04:47:45,517 - INFO - Saved best model to checkpoints/best_model.pth
2025-01-03 04:47:45,517 - INFO - --------------------------------------------------
2025-01-03 04:47:45,517 - INFO - Epoch 3/20
2025-01-03 04:48:14,393 - INFO - Training metrics: {'loss': 186.19200922869427, 'rmse': 13.181894009336585, 'mae': 8.911165521869176, 'ndcg': 0.9844999542530579}
2025-01-03 04:48:15,155 - INFO - Validation metrics: {'loss': 119.41638223889848, 'rmse': 10.713845038053803, 'mae': 7.315994601854136, 'ndcg': 0.9905902751734559}
2025-01-03 04:48:15,430 - INFO - Saved best model to checkpoints/best_model.pth
2025-01-03 04:48:15,432 - INFO - --------------------------------------------------
2025-01-03 04:48:15,432 - INFO - Epoch 4/20
2025-01-03 04:48:45,218 - INFO - Training metrics: {'loss': 100.4270657587655, 'rmse': 9.730285929416734, 'mae': 6.75464779704432, 'ndcg': 0.9917020818477944}
2025-01-03 04:48:46,158 - INFO - Validation metrics: {'loss': 71.85167360977388, 'rmse': 8.220808155284956, 'mae': 5.805767361546906, 'ndcg': 0.9921590744609564}
2025-01-03 04:48:46,374 - INFO - Saved best model to checkpoints/best_model.pth
2025-01-03 04:48:46,375 - INFO - --------------------------------------------------
2025-01-03 04:48:46,375 - INFO - Epoch 5/20
2025-01-03 04:49:17,130 - INFO - Training metrics: {'loss': 63.62437669989429, 'rmse': 7.768600108746146, 'mae': 5.5718319597123545, 'ndcg': 0.9941305821832223}
2025-01-03 04:49:18,015 - INFO - Validation metrics: {'loss': 61.77250488711075, 'rmse': 7.514927146441144, 'mae': 5.203530687681386, 'ndcg': 0.9932476533970362}
2025-01-03 04:49:18,222 - INFO - Saved best model to checkpoints/best_model.pth
2025-01-03 04:49:18,222 - INFO - --------------------------------------------------
2025-01-03 04:49:18,222 - INFO - Epoch 6/20
2025-01-03 04:49:47,666 - INFO - Training metrics: {'loss': 54.30184430562997, 'rmse': 7.177732931851947, 'mae': 5.191718755643579, 'ndcg': 0.9949844571985776}
2025-01-03 04:49:48,465 - INFO - Validation metrics: {'loss': 50.31877966330085, 'rmse': 6.752058818549558, 'mae': 4.783049848717703, 'ndcg': 0.9936211083976316}
2025-01-03 04:49:48,644 - INFO - Saved best model to checkpoints/best_model.pth
2025-01-03 04:49:48,644 - INFO - --------------------------------------------------
2025-01-03 04:49:48,644 - INFO - Epoch 7/20
2025-01-03 04:52:16,788 - INFO - Training metrics: {'loss': 44.79294805285297, 'rmse': 6.531449950219701, 'mae': 4.798439809415914, 'ndcg': 0.9958647024593775}
2025-01-03 04:52:19,169 - INFO - Validation metrics: {'loss': 45.95686971637565, 'rmse': 6.462109366346076, 'mae': 4.532520059128882, 'ndcg': 0.9946853535276063}
2025-01-03 04:52:19,553 - INFO - Saved best model to checkpoints/best_model.pth
2025-01-03 04:52:19,553 - INFO - --------------------------------------------------
2025-01-03 04:52:19,554 - INFO - Epoch 8/20
2025-01-03 04:52:52,365 - INFO - Training metrics: {'loss': 39.49484346335447, 'rmse': 6.137238532111352, 'mae': 4.567531941812249, 'ndcg': 0.99609034367}
2025-01-03 04:52:53,078 - INFO - Validation metrics: {'loss': 47.26317527932181, 'rmse': 6.511514011606931, 'mae': 4.608333439894126, 'ndcg': 0.9945137148172083}
2025-01-03 04:52:53,150 - INFO - --------------------------------------------------
2025-01-03 04:52:53,150 - INFO - Epoch 9/20
2025-01-03 04:53:21,268 - INFO - Training metrics: {'loss': 34.37678491465653, 'rmse': 5.733839722016422, 'mae': 4.311504548863519, 'ndcg': 0.9968955215962627}
2025-01-03 04:53:22,297 - INFO - Validation metrics: {'loss': 42.16901689180186, 'rmse': 6.158016624407551, 'mae': 4.3324834057982535, 'ndcg': 0.9951216788359092}
2025-01-03 04:53:22,506 - INFO - Saved best model to checkpoints/best_model.pth
2025-01-03 04:53:22,507 - INFO - --------------------------------------------------
2025-01-03 04:53:22,507 - INFO - Epoch 10/20
2025-01-03 04:53:51,312 - INFO - Training metrics: {'loss': 33.189656402491316, 'rmse': 5.634765137953384, 'mae': 4.217083642377129, 'ndcg': 0.9968772376828556}
2025-01-03 04:53:52,372 - INFO - Validation metrics: {'loss': 48.815807651466045, 'rmse': 6.581518399887021, 'mae': 4.6344721921732726, 'ndcg': 0.9952481229540328}
2025-01-03 04:53:52,519 - INFO - --------------------------------------------------
2025-01-03 04:53:52,520 - INFO - Epoch 11/20
2025-01-03 04:55:16,423 - INFO - Training metrics: {'loss': 28.456958789614184, 'rmse': 5.231876051724629, 'mae': 3.9817271043982685, 'ndcg': 0.9968342000170599}
2025-01-03 04:55:17,651 - INFO - Validation metrics: {'loss': 43.76307472712557, 'rmse': 6.202932100631911, 'mae': 4.302189464300451, 'ndcg': 0.9955367848906719}
2025-01-03 04:55:17,761 - INFO - --------------------------------------------------
2025-01-03 04:55:17,761 - INFO - Epoch 12/20
2025-01-03 04:55:43,663 - INFO - Training metrics: {'loss': 26.819092845614954, 'rmse': 5.0846880401971495, 'mae': 3.8729505618161792, 'ndcg': 0.9971945462158963}
2025-01-03 04:55:44,511 - INFO - Validation metrics: {'loss': 47.48831813436159, 'rmse': 6.500268678699365, 'mae': 4.506923057663609, 'ndcg': 0.9950585843811572}
2025-01-03 04:55:44,617 - INFO - --------------------------------------------------
2025-01-03 04:55:44,618 - INFO - Epoch 13/20
2025-01-03 04:56:06,701 - INFO - Training metrics: {'loss': 24.388968602011474, 'rmse': 4.860513306432777, 'mae': 3.722985306118108, 'ndcg': 0.9974722178487838}
2025-01-03 04:56:07,468 - INFO - Validation metrics: {'loss': 39.1390000464211, 'rmse': 5.90938766806474, 'mae': 4.166391057027897, 'ndcg': 0.9953058387192202}
2025-01-03 04:56:07,665 - INFO - Saved best model to checkpoints/best_model.pth
2025-01-03 04:56:07,667 - INFO - --------------------------------------------------
2025-01-03 04:56:07,668 - INFO - Epoch 14/20
2025-01-03 04:56:38,191 - INFO - Training metrics: {'loss': 22.539706074738806, 'rmse': 4.66520351242637, 'mae': 3.5677872411435163, 'ndcg': 0.9978334335963938}
2025-01-03 04:56:39,354 - INFO - Validation metrics: {'loss': 45.411110475029744, 'rmse': 6.40362695837909, 'mae': 4.4321763280411846, 'ndcg': 0.9952809441257531}
2025-01-03 04:56:39,438 - INFO - --------------------------------------------------
2025-01-03 04:56:39,439 - INFO - Epoch 15/20
2025-01-03 04:57:38,102 - INFO - Training metrics: {'loss': 21.393888397307336, 'rmse': 4.541058985538234, 'mae': 3.455016141450858, 'ndcg': 0.9980168634954887}
2025-01-03 04:57:38,959 - INFO - Validation metrics: {'loss': 37.73349936579315, 'rmse': 5.69099401318934, 'mae': 3.919857750476246, 'ndcg': 0.9950784814189857}
2025-01-03 04:57:39,187 - INFO - Saved best model to checkpoints/best_model.pth
2025-01-03 04:57:39,187 - INFO - --------------------------------------------------
2025-01-03 04:57:39,187 - INFO - Epoch 16/20
2025-01-03 04:58:16,238 - INFO - Training metrics: {'loss': 21.72506937346881, 'rmse': 4.54559837113959, 'mae': 3.4211620231972466, 'ndcg': 0.9980882780649994}
2025-01-03 04:58:17,431 - INFO - Validation metrics: {'loss': 39.927634789910115, 'rmse': 5.916818186110754, 'mae': 4.015890766197527, 'ndcg': 0.99469767322003}
2025-01-03 04:58:17,579 - INFO - --------------------------------------------------
2025-01-03 04:58:17,579 - INFO - Epoch 17/20
2025-01-03 04:58:46,841 - INFO - Training metrics: {'loss': 18.861068978339812, 'rmse': 4.258056244870012, 'mae': 3.250691982198365, 'ndcg': 0.9983908321849907}
2025-01-03 04:58:47,763 - INFO - Validation metrics: {'loss': 36.944171274212046, 'rmse': 5.705122979201211, 'mae': 4.011639339823119, 'ndcg': 0.9955671723459808}
2025-01-03 04:58:48,028 - INFO - Saved best model to checkpoints/best_model.pth
2025-01-03 04:58:48,029 - INFO - --------------------------------------------------
2025-01-03 04:58:48,029 - INFO - Epoch 18/20
2025-01-03 04:59:19,343 - INFO - Training metrics: {'loss': 18.040212118927435, 'rmse': 4.154343473970143, 'mae': 3.1469848567171943, 'ndcg': 0.9983578184737435}
2025-01-03 04:59:20,436 - INFO - Validation metrics: {'loss': 41.41304953669159, 'rmse': 6.073733684418374, 'mae': 4.196899498012704, 'ndcg': 0.9958358297885304}
2025-01-03 04:59:20,535 - INFO - --------------------------------------------------
2025-01-03 04:59:20,535 - INFO - Epoch 19/20
2025-01-03 04:59:43,230 - INFO - Training metrics: {'loss': 16.478899402708947, 'rmse': 3.975153880119614, 'mae': 3.0175175525342364, 'ndcg': 0.9985815234765222}
2025-01-03 04:59:44,185 - INFO - Validation metrics: {'loss': 35.50801792950698, 'rmse': 5.6619658280147735, 'mae': 4.0046954658669485, 'ndcg': 0.9950448165477161}
2025-01-03 04:59:44,376 - INFO - Saved best model to checkpoints/best_model.pth
2025-01-03 04:59:44,377 - INFO - --------------------------------------------------
2025-01-03 04:59:44,377 - INFO - Epoch 20/20
2025-01-03 05:00:13,863 - INFO - Training metrics: {'loss': 16.40729931562762, 'rmse': 3.9717052584565744, 'mae': 2.981323989886272, 'ndcg': 0.9986211659410332}
2025-01-03 05:00:15,034 - INFO - Validation metrics: {'loss': 32.267287845342935, 'rmse': 5.327907316202149, 'mae': 3.760457559370659, 'ndcg': 0.9960291091824921}
2025-01-03 05:00:15,343 - INFO - Saved best model to checkpoints/best_model.pth
2025-01-03 05:00:15,343 - INFO - --------------------------------------------------
2025-01-03 05:00:58,258 - INFO - Prepared test dataset with 5616 samples
2025-01-03 09:27:11,762 - INFO - Epoch 1/20
2025-01-03 09:27:57,612 - INFO - Epoch 1/20
2025-01-03 09:28:15,321 - INFO - Training metrics: {'loss': 35.48313679539044, 'rmse': 3.566621652047163, 'mae': 2.474846361275715, 'ndcg': 0.7558364655765044}
2025-01-03 09:28:15,734 - INFO - Validation metrics: {'loss': 0.1295502951342455, 'rmse': 0.3452739258859094, 'mae': 0.24210304588499204, 'ndcg': 0.9898358978016276}
2025-01-03 09:28:16,039 - INFO - Saved best model to checkpoints/best_model.pth
2025-01-03 09:28:16,041 - INFO - --------------------------------------------------
2025-01-03 09:28:16,041 - INFO - Epoch 2/20
2025-01-03 09:28:35,172 - INFO - Training metrics: {'loss': 0.3329015611376189, 'rmse': 0.530789752552005, 'mae': 0.35925816277725786, 'ndcg': 0.9866188587267187}
2025-01-03 09:28:35,615 - INFO - Validation metrics: {'loss': 0.2112117204028116, 'rmse': 0.38631782291620353, 'mae': 0.21295641247235553, 'ndcg': 0.9916317068355184}
2025-01-03 09:28:35,694 - INFO - --------------------------------------------------
2025-01-03 09:28:35,695 - INFO - Epoch 3/20
2025-01-03 09:28:59,553 - INFO - Training metrics: {'loss': 0.2187574881724306, 'rmse': 0.42882655275830606, 'mae': 0.2973010249176546, 'ndcg': 0.9924304947445665}
2025-01-03 09:29:00,583 - INFO - Validation metrics: {'loss': 0.06708751296178556, 'rmse': 0.2544532690529006, 'mae': 0.17747273296117783, 'ndcg': 0.9960200240914251}
2025-01-03 09:29:00,831 - INFO - Saved best model to checkpoints/best_model.pth
2025-01-03 09:29:00,831 - INFO - --------------------------------------------------
2025-01-03 09:29:00,831 - INFO - Epoch 4/20
2025-01-03 09:29:26,598 - INFO - Training metrics: {'loss': 0.18027265684950294, 'rmse': 0.39050047079668965, 'mae': 0.2712645805028232, 'ndcg': 0.9944303837380831}
2025-01-03 09:29:27,125 - INFO - Validation metrics: {'loss': 0.07748625563903594, 'rmse': 0.26332937789789096, 'mae': 0.16516592374569933, 'ndcg': 0.9962448696015587}
2025-01-03 09:29:27,230 - INFO - --------------------------------------------------
2025-01-03 09:29:27,231 - INFO - Epoch 5/20
2025-01-03 09:29:51,536 - INFO - Training metrics: {'loss': 0.1406513607848577, 'rmse': 0.3451002656171299, 'mae': 0.23956697093487916, 'ndcg': 0.9945827830064146}
2025-01-03 09:29:52,105 - INFO - Validation metrics: {'loss': 0.026657289018670857, 'rmse': 0.15258707677027508, 'mae': 0.09974751967779348, 'ndcg': 0.9982525723081239}
2025-01-03 09:29:52,305 - INFO - Saved best model to checkpoints/best_model.pth
2025-01-03 09:29:52,307 - INFO - --------------------------------------------------
2025-01-03 09:29:52,308 - INFO - Epoch 6/20
2025-01-03 09:30:15,174 - INFO - Training metrics: {'loss': 0.1254000432385556, 'rmse': 0.3198269751787553, 'mae': 0.22156769500550214, 'ndcg': 0.9955582045301606}
2025-01-03 09:30:15,647 - INFO - Validation metrics: {'loss': 0.03803096673595653, 'rmse': 0.180040440315543, 'mae': 0.11922594799961843, 'ndcg': 0.9980665319402453}
2025-01-03 09:30:15,718 - INFO - --------------------------------------------------
2025-01-03 09:30:15,719 - INFO - Epoch 7/20
2025-01-03 09:30:37,804 - INFO - Training metrics: {'loss': 0.11406336508874039, 'rmse': 0.3001346394637745, 'mae': 0.20947162143273068, 'ndcg': 0.9960351542015619}
2025-01-03 09:30:38,433 - INFO - Validation metrics: {'loss': 0.11389587175520793, 'rmse': 0.317377862802537, 'mae': 0.1758638471364975, 'ndcg': 0.9982161471541499}
2025-01-03 09:30:38,555 - INFO - --------------------------------------------------
2025-01-03 09:30:38,555 - INFO - Epoch 8/20
2025-01-03 09:31:00,727 - INFO - Training metrics: {'loss': 0.10675579064991325, 'rmse': 0.2921615258101418, 'mae': 0.20169177190459606, 'ndcg': 0.9960824549198151}
2025-01-03 09:31:01,169 - INFO - Validation metrics: {'loss': 0.019189091058264315, 'rmse': 0.1345261631668834, 'mae': 0.09786017784770105, 'ndcg': 0.9984719904375748}
2025-01-03 09:31:01,323 - INFO - Saved best model to checkpoints/best_model.pth
2025-01-03 09:31:01,324 - INFO - --------------------------------------------------
2025-01-03 09:31:01,324 - INFO - Epoch 9/20
2025-01-03 09:31:24,264 - INFO - Training metrics: {'loss': 0.09156012369313903, 'rmse': 0.2725297490255808, 'mae': 0.18987821878370229, 'ndcg': 0.9969269312635253}
2025-01-03 09:31:24,947 - INFO - Validation metrics: {'loss': 9.442593926262163, 'rmse': 0.6976586474660478, 'mae': 0.21067505287872235, 'ndcg': 0.9983214626849537}
2025-01-03 09:31:25,041 - INFO - --------------------------------------------------
2025-01-03 09:31:25,041 - INFO - Epoch 10/20
2025-01-03 09:31:47,798 - INFO - Training metrics: {'loss': 0.07837757181090338, 'rmse': 0.2540439729435462, 'mae': 0.17740302610717998, 'ndcg': 0.9973954099077212}
2025-01-03 09:31:48,630 - INFO - Validation metrics: {'loss': 0.06281777142389665, 'rmse': 0.23486453598215457, 'mae': 0.12701583128999655, 'ndcg': 0.9979129400051815}
2025-01-03 09:31:48,814 - INFO - --------------------------------------------------
2025-01-03 09:31:48,815 - INFO - Epoch 11/20
2025-01-03 09:32:11,494 - INFO - Training metrics: {'loss': 0.07272699182923836, 'rmse': 0.246652456054755, 'mae': 0.16870605046094594, 'ndcg': 0.9975902201442779}
2025-01-03 09:32:11,936 - INFO - Validation metrics: {'loss': 0.04309269220200958, 'rmse': 0.19250496017195456, 'mae': 0.10494426013508314, 'ndcg': 0.9987074657225273}
2025-01-03 09:32:12,013 - INFO - --------------------------------------------------
2025-01-03 09:32:12,014 - INFO - Epoch 12/20
2025-01-03 09:32:33,695 - INFO - Training metrics: {'loss': 0.06715140057598017, 'rmse': 0.23201455367153614, 'mae': 0.15788957317465846, 'ndcg': 0.9975214942912513}
2025-01-03 09:32:34,279 - INFO - Validation metrics: {'loss': 0.028098553369923587, 'rmse': 0.15698165336840292, 'mae': 0.09307881859196744, 'ndcg': 0.9983981830973021}
2025-01-03 09:32:34,395 - INFO - --------------------------------------------------
2025-01-03 09:32:34,396 - INFO - Epoch 13/20
2025-01-03 09:43:16,170 - INFO - Training metrics: {'loss': 0.062056878547750036, 'rmse': 0.22159482499638555, 'mae': 0.15054547920516587, 'ndcg': 0.9980273539129692}
2025-01-03 09:43:16,935 - INFO - Validation metrics: {'loss': 0.028143494626061177, 'rmse': 0.159735350016474, 'mae': 0.11108123605519953, 'ndcg': 0.9983506748374079}
2025-01-03 09:43:17,140 - INFO - --------------------------------------------------
2025-01-03 09:43:17,141 - INFO - Epoch 14/20
2025-01-03 09:44:05,949 - INFO - Training metrics: {'loss': 0.05528454597276058, 'rmse': 0.2105041584167228, 'mae': 0.14159253656369034, 'ndcg': 0.9979620438210571}
2025-01-03 09:44:06,603 - INFO - Validation metrics: {'loss': 0.029877805413389708, 'rmse': 0.16061959243152069, 'mae': 0.10864213707161621, 'ndcg': 0.998569496080909}
2025-01-03 09:44:06,689 - INFO - --------------------------------------------------
2025-01-03 09:44:06,690 - INFO - Epoch 15/20
2025-01-03 09:44:47,965 - INFO - Training metrics: {'loss': 0.041029059951476564, 'rmse': 0.17940080854646312, 'mae': 0.12221413583765868, 'ndcg': 0.9985541199581532}
2025-01-03 09:44:48,604 - INFO - Validation metrics: {'loss': 0.06912251699610915, 'rmse': 0.25054671630297654, 'mae': 0.1366678663122822, 'ndcg': 0.9996046138481355}
2025-01-03 09:44:48,741 - INFO - --------------------------------------------------
2025-01-03 09:44:48,742 - INFO - Epoch 16/20
2025-01-03 09:45:14,678 - INFO - Training metrics: {'loss': 0.0335420139783793, 'rmse': 0.16423403010169302, 'mae': 0.11224046216310957, 'ndcg': 0.9987976839648017}
2025-01-03 09:45:15,360 - INFO - Validation metrics: {'loss': 0.017713357130406608, 'rmse': 0.1271297410243889, 'mae': 0.0756039809907826, 'ndcg': 0.9992532646152336}
2025-01-03 09:45:15,618 - INFO - Saved best model to checkpoints/best_model.pth
2025-01-03 09:45:15,619 - INFO - --------------------------------------------------
2025-01-03 09:45:15,619 - INFO - Epoch 17/20
2025-01-03 09:45:41,826 - INFO - Training metrics: {'loss': 0.036650182961492174, 'rmse': 0.16818002084247397, 'mae': 0.1128907774315699, 'ndcg': 0.9990266956671884}
2025-01-03 09:45:42,369 - INFO - Validation metrics: {'loss': 0.023466069523481205, 'rmse': 0.14636496537083996, 'mae': 0.08223065046567313, 'ndcg': 0.9991910919337206}
2025-01-03 09:45:42,525 - INFO - --------------------------------------------------
2025-01-03 09:45:42,526 - INFO - Epoch 18/20
2025-01-03 09:46:05,396 - INFO - Training metrics: {'loss': 0.029730955377159217, 'rmse': 0.156031105634702, 'mae': 0.10629052081133557, 'ndcg': 0.9990728838911539}
2025-01-03 09:46:06,030 - INFO - Validation metrics: {'loss': 0.040607516850594064, 'rmse': 0.18951016164216974, 'mae': 0.10061165155239508, 'ndcg': 0.9996341869864666}
2025-01-03 09:46:06,097 - INFO - --------------------------------------------------
2025-01-03 09:46:06,098 - INFO - Epoch 19/20
2025-01-03 09:46:29,413 - INFO - Training metrics: {'loss': 0.028419958240399727, 'rmse': 0.15166975253445347, 'mae': 0.10315093468827537, 'ndcg': 0.99896576755409}
2025-01-03 09:46:30,069 - INFO - Validation metrics: {'loss': 0.01309489512907892, 'rmse': 0.1060548357531114, 'mae': 0.06615498132059272, 'ndcg': 0.9994951436217402}
2025-01-03 09:46:30,370 - INFO - Saved best model to checkpoints/best_model.pth
2025-01-03 09:46:30,371 - INFO - --------------------------------------------------
2025-01-03 09:46:30,372 - INFO - Epoch 20/20
2025-01-03 09:46:53,800 - INFO - Training metrics: {'loss': 0.02979619682197683, 'rmse': 0.15514037664907793, 'mae': 0.10465153291986524, 'ndcg': 0.9988336536703231}
2025-01-03 09:46:54,431 - INFO - Validation metrics: {'loss': 0.05713046110615554, 'rmse': 0.2244844007582963, 'mae': 0.1153957793935084, 'ndcg': 0.9995241685652397}
2025-01-03 09:46:54,531 - INFO - --------------------------------------------------
2025-01-03 09:54:24,712 - INFO - Prepared test dataset with 5616 samples
2025-01-03 09:54:27,275 - INFO - 
cold_user_warm_item Metrics (n=1373):
2025-01-03 09:54:27,275 - INFO - mse: 0.0099
2025-01-03 09:54:27,275 - INFO - rmse: 0.0994
2025-01-03 09:54:27,276 - INFO - mae: 0.0582
2025-01-03 09:54:27,276 - INFO - r2: 0.9975
2025-01-03 09:54:27,276 - INFO - pred_mean: 0.3740
2025-01-03 09:54:27,276 - INFO - pred_std: 2.0296
2025-01-03 09:54:27,277 - INFO - true_mean: 0.3343
2025-01-03 09:54:27,277 - INFO - true_std: 1.9857
2025-01-03 09:54:27,370 - INFO - 
warm_user_cold_item Metrics (n=62):
2025-01-03 09:54:27,370 - INFO - mse: 0.0113
2025-01-03 09:54:27,371 - INFO - rmse: 0.1061
2025-01-03 09:54:27,371 - INFO - mae: 0.0711
2025-01-03 09:54:27,371 - INFO - r2: 0.9954
2025-01-03 09:54:27,372 - INFO - pred_mean: 0.5144
2025-01-03 09:54:27,372 - INFO - pred_std: 1.6019
2025-01-03 09:54:27,372 - INFO - true_mean: 0.4821
2025-01-03 09:54:27,372 - INFO - true_std: 1.5580
2025-01-03 09:54:28,023 - INFO - 
cold_both Metrics (n=3678):
2025-01-03 09:54:28,023 - INFO - mse: 0.0124
2025-01-03 09:54:28,023 - INFO - rmse: 0.1113
2025-01-03 09:54:28,024 - INFO - mae: 0.0702
2025-01-03 09:54:28,024 - INFO - r2: 0.9965
2025-01-03 09:54:28,024 - INFO - pred_mean: 0.6498
2025-01-03 09:54:28,024 - INFO - pred_std: 1.9126
2025-01-03 09:54:28,024 - INFO - true_mean: 0.6240
2025-01-03 09:54:28,025 - INFO - true_std: 1.8715
2025-01-03 09:54:28,162 - INFO - 
warm_both Metrics (n=503):
2025-01-03 09:54:28,163 - INFO - mse: 0.0118
2025-01-03 09:54:28,163 - INFO - rmse: 0.1085
2025-01-03 09:54:28,163 - INFO - mae: 0.0707
2025-01-03 09:54:28,163 - INFO - r2: 0.9977
2025-01-03 09:54:28,163 - INFO - pred_mean: 1.0277
2025-01-03 09:54:28,163 - INFO - pred_std: 2.3225
2025-01-03 09:54:28,164 - INFO - true_mean: 0.9674
2025-01-03 09:54:28,164 - INFO - true_std: 2.2512
2025-01-03 09:54:28,165 - INFO - Evaluation completed. Results saved to: metrics
2025-01-03 09:54:28,165 - INFO - 
Evaluation Summary:
2025-01-03 09:54:28,165 - INFO - Basic Metrics:
2025-01-03 09:54:28,165 - INFO - mse: 0.0117
2025-01-03 09:54:28,165 - INFO - rmse: 0.1082
2025-01-03 09:54:28,166 - INFO - mae: 0.0673
2025-01-03 09:54:28,166 - INFO - r2: 0.9969
2025-01-03 09:54:28,166 - INFO - pred_mean: 0.6147
2025-01-03 09:54:28,166 - INFO - pred_std: 1.9861
2025-01-03 09:54:28,166 - INFO - true_mean: 0.5823
2025-01-03 09:54:28,166 - INFO - true_std: 1.9412
2025-01-03 09:54:28,167 - INFO - 
Top-K Metrics:
2025-01-03 09:54:28,167 - INFO - ndcg@10: 0.9979
2025-01-03 09:54:28,167 - INFO - precision@10: 0.9000
2025-01-03 09:54:28,167 - INFO - recall@10: 0.9000
2025-01-03 09:54:28,167 - INFO - 
Bias Analysis:
2025-01-03 09:54:28,167 - INFO - bias_range_1: 0.0443
2025-01-03 09:54:28,168 - INFO - bias_range_2: 0.0174
2025-01-03 09:54:28,168 - INFO - bias_range_3: -0.0291
2025-01-03 09:54:28,168 - INFO - bias_range_4: 0.0971
2025-01-03 09:56:43,052 - INFO - Loading model from checkpoints/best_model.pth
2025-01-03 09:56:43,119 - INFO - Model loaded successfully
2025-01-03 09:58:02,200 - INFO - Loading model from checkpoints/best_model.pth
2025-01-03 09:58:02,307 - INFO - Model loaded successfully
2025-01-03 10:07:57,405 - INFO - Loading model from checkpoints/best_model.pth
2025-01-03 10:07:57,474 - INFO - Model loaded successfully
2025-01-03 10:11:14,632 - INFO - Loading model from checkpoints/best_model.pth
2025-01-03 10:11:14,699 - INFO - Model loaded successfully
2025-01-03 10:11:39,397 - INFO - Loading model from checkpoints/best_model.pth
2025-01-03 10:11:39,457 - INFO - Model loaded successfully
2025-01-03 10:12:11,801 - INFO - Loading model from checkpoints/best_model.pth
2025-01-03 10:12:11,901 - INFO - Model loaded successfully
2025-01-03 10:18:31,306 - INFO - Loading model from checkpoints/best_model.pth
2025-01-03 10:18:31,377 - INFO - Model loaded successfully
2025-01-03 10:18:42,400 - INFO - Loading model from checkpoints/best_model.pth
2025-01-03 10:18:42,467 - INFO - Model loaded successfully
2025-01-03 10:19:12,638 - INFO - Loading model from checkpoints/best_model.pth
2025-01-03 10:19:12,679 - INFO - Model loaded successfully
2025-01-03 16:45:09,997 - INFO - Loading model from checkpoints/best_model.pth
2025-01-03 16:45:10,206 - INFO - Model loaded successfully
2025-01-03 16:46:32,920 - INFO - Loading model from checkpoints/best_model.pth
2025-01-03 16:46:33,034 - INFO - Model loaded successfully
2025-01-03 16:48:42,500 - INFO - Loading model from checkpoints/best_model.pth
2025-01-03 16:48:42,609 - INFO - Model loaded successfully
2025-01-03 16:50:30,277 - INFO - Loading model from checkpoints/best_model.pth
2025-01-03 16:50:30,356 - INFO - Model loaded successfully
2025-01-03 16:54:44,904 - INFO - Epoch 1/50
2025-01-03 16:56:19,367 - INFO - Epoch 1/20
2025-01-03 16:56:43,161 - INFO - Training metrics: {'loss': 17.839974135632, 'rmse': 2.513843766362758, 'mae': 1.8133598699034015, 'ndcg': 0.7995104605473483}
2025-01-03 16:56:43,981 - INFO - Validation metrics: {'loss': 3.491730105079396, 'rmse': 0.6826991777101171, 'mae': 0.3260452077842095, 'ndcg': 0.9786449779926891}
2025-01-03 16:56:44,323 - INFO - Saved best model to checkpoints/best_model.pth
2025-01-03 16:56:44,324 - INFO - ------------------------------------------------------------
2025-01-03 16:56:44,324 - INFO - Epoch 2/20
2025-01-03 16:57:09,040 - INFO - Training metrics: {'loss': 0.3717077037531741, 'rmse': 0.5616386250729694, 'mae': 0.41028543391936945, 'ndcg': 0.9858645969365216}
2025-01-03 16:57:09,792 - INFO - Validation metrics: {'loss': 0.11632824206436185, 'rmse': 0.3341630921570146, 'mae': 0.2573499553640124, 'ndcg': 0.9901216953573092}
2025-01-03 16:57:10,098 - INFO - Saved best model to checkpoints/best_model.pth
2025-01-03 16:57:10,099 - INFO - ------------------------------------------------------------
2025-01-03 16:57:10,100 - INFO - Epoch 3/20
2025-01-03 16:57:43,531 - INFO - Training metrics: {'loss': 0.27244204249162274, 'rmse': 0.4718983753994247, 'mae': 0.34171164455481723, 'ndcg': 0.9920885355412206}
2025-01-03 16:57:44,450 - INFO - Validation metrics: {'loss': 0.0817769760606994, 'rmse': 0.2778393792775709, 'mae': 0.1916451218052649, 'ndcg': 0.9963186937318721}
2025-01-03 16:57:44,769 - INFO - Saved best model to checkpoints/best_model.pth
2025-01-03 16:57:44,769 - INFO - ------------------------------------------------------------
2025-01-03 16:57:44,769 - INFO - Epoch 4/20
2025-01-03 16:58:13,300 - INFO - Training metrics: {'loss': 0.20226187456717504, 'rmse': 0.4053866316095696, 'mae': 0.2959879683448544, 'ndcg': 0.9945323769993419}
2025-01-03 16:58:14,040 - INFO - Validation metrics: {'loss': 0.04945154333303512, 'rmse': 0.21099134118754137, 'mae': 0.13111490493928882, 'ndcg': 0.9982596190882401}
2025-01-03 16:58:14,348 - INFO - Saved best model to checkpoints/best_model.pth
2025-01-03 16:58:14,349 - INFO - ------------------------------------------------------------
2025-01-03 16:58:14,350 - INFO - Epoch 5/20
                                                                                                                                                                                                                                                                                                                                                                                                                                                                                                                                                                       2025-01-03 23:58:53,297 - INFO - Epoch 1/50
2025-01-04 00:00:05,602 - INFO - Epoch 1/20
2025-01-04 00:01:36,683 - INFO - Training metrics: {'loss': 25.03897695070062, 'rmse': 3.0084060317310333, 'mae': 2.131225818838877, 'ndcg': 0.7440686262193537}
2025-01-04 00:01:37,735 - INFO - Validation metrics: {'loss': 1.486161563702872, 'rmse': 0.6370334281670409, 'mae': 0.35360592939484287, 'ndcg': 0.9759331832469349}
2025-01-04 00:01:38,123 - INFO - Saved best model to checkpoints/best_model.pth
2025-01-04 00:01:38,124 - INFO - --------------------------------------------------
2025-01-04 00:01:38,124 - INFO - Epoch 2/20
2025-01-04 00:02:22,868 - INFO - Training metrics: {'loss': 0.4459359470071106, 'rmse': 0.6273383269022131, 'mae': 0.4455115708133465, 'ndcg': 0.9760115248493001}
2025-01-04 00:02:23,809 - INFO - Validation metrics: {'loss': 0.22653832601409563, 'rmse': 0.4570268694023932, 'mae': 0.34342973102146473, 'ndcg': 0.990474347497376}
2025-01-04 00:02:24,114 - INFO - Saved best model to checkpoints/best_model.pth
2025-01-04 00:02:24,115 - INFO - --------------------------------------------------
2025-01-04 00:02:24,115 - INFO - Epoch 3/20
2025-01-04 00:03:23,451 - INFO - Training metrics: {'loss': 0.27832151357603224, 'rmse': 0.490819894011052, 'mae': 0.348309932229451, 'ndcg': 0.9892069459715976}
2025-01-04 00:03:24,365 - INFO - Validation metrics: {'loss': 0.13026042740372284, 'rmse': 0.31359623377048396, 'mae': 0.173662431538105, 'ndcg': 0.9955524055051131}
2025-01-04 00:03:24,695 - INFO - Saved best model to checkpoints/best_model.pth
2025-01-04 00:03:24,696 - INFO - --------------------------------------------------
2025-01-04 00:03:24,696 - INFO - Epoch 4/20
2025-01-04 00:04:22,611 - INFO - Training metrics: {'loss': 0.20583774432940763, 'rmse': 0.4215487596927151, 'mae': 0.30484239554292036, 'ndcg': 0.9922320850287811}
2025-01-04 00:04:23,753 - INFO - Validation metrics: {'loss': 0.660742336411921, 'rmse': 0.3187152725970594, 'mae': 0.16381227319509212, 'ndcg': 0.9955590568797689}
2025-01-04 00:04:23,894 - INFO - --------------------------------------------------
2025-01-04 00:04:23,895 - INFO - Epoch 5/20
2025-01-04 00:05:15,704 - INFO - Training metrics: {'loss': 0.18026240458240425, 'rmse': 0.38429657859467986, 'mae': 0.27675854565599295, 'ndcg': 0.9943632159052016}
2025-01-04 00:05:16,843 - INFO - Validation metrics: {'loss': 0.05408989013710492, 'rmse': 0.22422285815586, 'mae': 0.15005545307632903, 'ndcg': 0.9953686981134011}
2025-01-04 00:05:17,172 - INFO - Saved best model to checkpoints/best_model.pth
2025-01-04 00:05:17,183 - INFO - --------------------------------------------------
2025-01-04 00:05:17,184 - INFO - Epoch 6/20
2025-01-04 00:06:12,349 - INFO - Training metrics: {'loss': 0.14846552507008745, 'rmse': 0.34830508471687494, 'mae': 0.2519048037879829, 'ndcg': 0.9953864646863334}
2025-01-04 00:06:13,652 - INFO - Validation metrics: {'loss': 235.78654905395504, 'rmse': 2.016764449154497, 'mae': 0.4578449399748319, 'ndcg': 0.9971668946910912}
2025-01-04 00:06:13,811 - INFO - --------------------------------------------------
2025-01-04 00:06:13,812 - INFO - Epoch 7/20
2025-01-04 00:07:46,287 - INFO - Training metrics: {'loss': 0.13040077824387228, 'rmse': 0.32169545626989093, 'mae': 0.23417054670803908, 'ndcg': 0.996499631035177}
2025-01-04 00:07:48,093 - INFO - Validation metrics: {'loss': 230.38252206704198, 'rmse': 1.9790944850806804, 'mae': 0.43453011346954695, 'ndcg': 0.9971519842953749}
2025-01-04 00:07:48,366 - INFO - Early stopping triggered after 7 epochs
2025-01-04 00:08:25,947 - INFO - Prepared test dataset with 5616 samples
2025-01-04 00:08:33,116 - INFO - 
cold_user_warm_item Metrics (n=1373):
2025-01-04 00:08:33,116 - INFO - mse: 0.0443
2025-01-04 00:08:33,116 - INFO - rmse: 0.2106
2025-01-04 00:08:33,117 - INFO - mae: 0.1366
2025-01-04 00:08:33,117 - INFO - r2: 0.9888
2025-01-04 00:08:33,117 - INFO - pred_mean: 0.4331
2025-01-04 00:08:33,117 - INFO - pred_std: 2.0310
2025-01-04 00:08:33,119 - INFO - true_mean: 0.3343
2025-01-04 00:08:33,120 - INFO - true_std: 1.9857
2025-01-04 00:08:33,241 - INFO - 
warm_user_cold_item Metrics (n=62):
2025-01-04 00:08:33,243 - INFO - mse: 0.0488
2025-01-04 00:08:33,244 - INFO - rmse: 0.2209
2025-01-04 00:08:33,245 - INFO - mae: 0.1518
2025-01-04 00:08:33,247 - INFO - r2: 0.9799
2025-01-04 00:08:33,248 - INFO - pred_mean: 0.5799
2025-01-04 00:08:33,250 - INFO - pred_std: 1.4884
2025-01-04 00:08:33,251 - INFO - true_mean: 0.4821
2025-01-04 00:08:33,252 - INFO - true_std: 1.5580
2025-01-04 00:08:35,256 - INFO - 
cold_both Metrics (n=3678):
2025-01-04 00:08:35,256 - INFO - mse: 0.0560
2025-01-04 00:08:35,257 - INFO - rmse: 0.2366
2025-01-04 00:08:35,257 - INFO - mae: 0.1533
2025-01-04 00:08:35,257 - INFO - r2: 0.9840
2025-01-04 00:08:35,258 - INFO - pred_mean: 0.7247
2025-01-04 00:08:35,258 - INFO - pred_std: 1.8758
2025-01-04 00:08:35,258 - INFO - true_mean: 0.6240
2025-01-04 00:08:35,259 - INFO - true_std: 1.8715
2025-01-04 00:08:35,544 - INFO - 
warm_both Metrics (n=503):
2025-01-04 00:08:35,545 - INFO - mse: 0.0535
2025-01-04 00:08:35,545 - INFO - rmse: 0.2312
2025-01-04 00:08:35,545 - INFO - mae: 0.1568
2025-01-04 00:08:35,545 - INFO - r2: 0.9895
2025-01-04 00:08:35,546 - INFO - pred_mean: 1.1126
2025-01-04 00:08:35,546 - INFO - pred_std: 2.3956
2025-01-04 00:08:35,546 - INFO - true_mean: 0.9674
2025-01-04 00:08:35,546 - INFO - true_std: 2.2512
2025-01-04 00:08:35,547 - INFO - Evaluation completed. Results saved to: metrics
2025-01-04 00:08:35,547 - INFO - 
Evaluation Summary:
2025-01-04 00:08:35,547 - INFO - Basic Metrics:
2025-01-04 00:08:35,548 - INFO - mse: 0.0528
2025-01-04 00:08:35,548 - INFO - rmse: 0.2298
2025-01-04 00:08:35,548 - INFO - mae: 0.1495
2025-01-04 00:08:35,548 - INFO - r2: 0.9860
2025-01-04 00:08:35,548 - INFO - pred_mean: 0.6865
2025-01-04 00:08:35,548 - INFO - pred_std: 1.9709
2025-01-04 00:08:35,549 - INFO - true_mean: 0.5823
2025-01-04 00:08:35,549 - INFO - true_std: 1.9412
2025-01-04 00:08:35,549 - INFO - 
Top-K Metrics:
2025-01-04 00:08:35,549 - INFO - ndcg@10: 0.9982
2025-01-04 00:08:35,549 - INFO - precision@10: 1.0000
2025-01-04 00:08:35,550 - INFO - recall@10: 1.0000
2025-01-04 00:08:35,550 - INFO - 
Bias Analysis:
2025-01-04 00:08:35,550 - INFO - bias_range_1: 0.2192
2025-01-04 00:08:35,550 - INFO - bias_range_2: 0.0817
2025-01-04 00:08:35,550 - INFO - bias_range_3: -0.0012
2025-01-04 00:08:35,550 - INFO - bias_range_4: 0.1177
2025-01-04 00:09:48,316 - INFO - Loading model from checkpoints/best_model.pth
2025-01-04 00:09:48,393 - INFO - Model loaded successfully
2025-01-04 00:23:29,164 - INFO - Epoch 1/20
2025-01-04 00:25:17,198 - INFO - Training metrics: {'loss': 654.9977416510918, 'rmse': 21.76599518576593, 'mae': 12.904080948823319, 'ndcg': 0.8222233522745223}
2025-01-04 00:25:19,437 - INFO - Validation metrics: {'loss': 233.38946832929338, 'rmse': 14.416855071947188, 'mae': 9.039377394176665, 'ndcg': 0.901470630740126}
2025-01-04 00:25:19,674 - INFO - Saved best model to checkpoints/best_model.pth
2025-01-04 00:25:19,674 - INFO - --------------------------------------------------
2025-01-04 00:25:19,675 - INFO - Epoch 2/20
2025-01-04 00:27:23,084 - INFO - Training metrics: {'loss': 133.8768731886014, 'rmse': 10.92139800435689, 'mae': 7.260352644629054, 'ndcg': 0.9201224937560074}
2025-01-04 00:27:25,612 - INFO - Validation metrics: {'loss': 94.92865151450748, 'rmse': 9.046542380697913, 'mae': 6.144316837901161, 'ndcg': 0.9210642547391}
2025-01-04 00:27:25,877 - INFO - Saved best model to checkpoints/best_model.pth
2025-01-04 00:27:25,877 - INFO - --------------------------------------------------
2025-01-04 00:27:25,878 - INFO - Epoch 3/20
2025-01-04 00:29:20,462 - INFO - Training metrics: {'loss': 77.50994042476334, 'rmse': 8.43026184290633, 'mae': 6.020984615146085, 'ndcg': 0.935419495184108}
2025-01-04 00:29:22,128 - INFO - Validation metrics: {'loss': 84.01622210230146, 'rmse': 8.66063907904624, 'mae': 6.062099817253294, 'ndcg': 0.9303346751701265}
2025-01-04 00:29:22,293 - INFO - Saved best model to checkpoints/best_model.pth
2025-01-04 00:29:22,293 - INFO - --------------------------------------------------
2025-01-04 00:29:22,294 - INFO - Epoch 4/20
2025-01-04 00:31:01,737 - INFO - Prepared test dataset with 6711 samples
2025-01-04 00:31:06,043 - INFO - Training metrics: {'loss': 57.487973242325296, 'rmse': 7.31956257053143, 'mae': 5.396023633153948, 'ndcg': 0.9456507629191733}
2025-01-04 00:31:07,565 - INFO - Validation metrics: {'loss': 88.02083689825875, 'rmse': 8.716143566689402, 'mae': 5.8308244077932265, 'ndcg': 0.934778360561246}
2025-01-04 00:31:07,650 - INFO - --------------------------------------------------
2025-01-04 00:31:07,650 - INFO - Epoch 5/20
2025-01-04 00:33:25,816 - INFO - Training metrics: {'loss': 45.93395253734918, 'rmse': 6.586492155885355, 'mae': 4.993897577364289, 'ndcg': 0.9510964462323335}
2025-01-04 00:33:27,677 - INFO - Validation metrics: {'loss': 251.29637086959113, 'rmse': 8.070561499731667, 'mae': 5.27947231843358, 'ndcg': 0.9401383463382011}
2025-01-04 00:33:27,785 - INFO - Early stopping triggered after 5 epochs
2025-01-04 00:33:27,792 - INFO - Training fold 1/5
2025-01-04 00:33:28,966 - INFO - Prepared test dataset with 6711 samples
2025-01-04 00:33:30,182 - INFO - New best parameters found: {'dropout': 0.1, 'embedding_dim': 32, 'hidden_layers': [128, 64]} (RMSE: 56.4151)
2025-01-04 00:33:33,535 - INFO - New best parameters found: {'dropout': 0.1, 'embedding_dim': 32, 'hidden_layers': [512, 256, 128]} (RMSE: 52.1872)
2025-01-04 00:33:38,579 - INFO - New best parameters found: {'dropout': 0.1, 'embedding_dim': 128, 'hidden_layers': [128, 64]} (RMSE: 51.0495)
2025-01-04 00:34:07,468 - INFO - Best parameters: {'dropout': 0.1, 'embedding_dim': 128, 'hidden_layers': [128, 64]}
2025-01-04 00:35:54,897 - INFO - 
cold_user_warm_item Metrics (n=138):
2025-01-04 00:35:54,898 - INFO - mse: 1164.4865
2025-01-04 00:35:54,898 - INFO - rmse: 34.1246
2025-01-04 00:35:54,899 - INFO - mae: 25.2474
2025-01-04 00:35:54,899 - INFO - r2: -0.8388
2025-01-04 00:35:54,899 - INFO - pred_mean: 6.8816
2025-01-04 00:35:54,900 - INFO - pred_std: 12.0706
2025-01-04 00:35:54,900 - INFO - true_mean: 24.3623
2025-01-04 00:35:54,900 - INFO - true_std: 25.1649
2025-01-04 00:35:55,366 - INFO - 
warm_user_cold_item Metrics (n=1752):
2025-01-04 00:35:55,367 - INFO - mse: 321.6448
2025-01-04 00:35:55,367 - INFO - rmse: 17.9345
2025-01-04 00:35:55,368 - INFO - mae: 11.5376
2025-01-04 00:35:55,368 - INFO - r2: -0.6905
2025-01-04 00:35:55,368 - INFO - pred_mean: 7.8822
2025-01-04 00:35:55,368 - INFO - pred_std: 12.0276
2025-01-04 00:35:55,369 - INFO - true_mean: 7.3265
2025-01-04 00:35:55,369 - INFO - true_std: 13.7936
2025-01-04 00:35:56,238 - INFO - 
cold_both Metrics (n=4108):
2025-01-04 00:35:56,239 - INFO - mse: 228.4807
2025-01-04 00:35:56,239 - INFO - rmse: 15.1156
2025-01-04 00:35:56,239 - INFO - mae: 10.0294
2025-01-04 00:35:56,239 - INFO - r2: -2.4804
2025-01-04 00:35:56,240 - INFO - pred_mean: 8.4381
2025-01-04 00:35:56,240 - INFO - pred_std: 12.1280
2025-01-04 00:35:56,240 - INFO - true_mean: 4.0640
2025-01-04 00:35:56,240 - INFO - true_std: 8.1023
2025-01-04 00:35:56,462 - INFO - 
warm_both Metrics (n=713):
2025-01-04 00:35:56,462 - INFO - mse: 23700.3301
2025-01-04 00:35:56,463 - INFO - rmse: 153.9491
2025-01-04 00:35:56,463 - INFO - mae: 126.7560
2025-01-04 00:35:56,463 - INFO - r2: -2.0043
2025-01-04 00:35:56,463 - INFO - pred_mean: 8.7115
2025-01-04 00:35:56,464 - INFO - pred_std: 17.1721
2025-01-04 00:35:56,464 - INFO - true_mean: 134.8163
2025-01-04 00:35:56,464 - INFO - true_std: 88.8195
2025-01-04 00:35:56,465 - INFO - Evaluation completed. Results saved to: metrics
2025-01-04 00:35:56,466 - INFO - 
Evaluation Summary:
2025-01-04 00:35:56,466 - INFO - Basic Metrics:
2025-01-04 00:35:56,466 - INFO - mse: 2765.7810
2025-01-04 00:35:56,466 - INFO - rmse: 52.5907
2025-01-04 00:35:56,467 - INFO - mae: 23.1375
2025-01-04 00:35:56,467 - INFO - r2: -0.0894
2025-01-04 00:35:56,467 - INFO - pred_mean: 8.2900
2025-01-04 00:35:56,467 - INFO - pred_std: 12.7376
2025-01-04 00:35:56,468 - INFO - true_mean: 19.2247
2025-01-04 00:35:56,468 - INFO - true_std: 50.3863
2025-01-04 00:35:56,468 - INFO - 
Top-K Metrics:
2025-01-04 00:35:56,468 - INFO - ndcg@10: nan
2025-01-04 00:35:56,469 - INFO - precision@10: 0.3402
2025-01-04 00:35:56,469 - INFO - recall@10: 0.9975
2025-01-04 00:35:56,469 - INFO - 
Bias Analysis:
2025-01-04 00:35:56,469 - INFO - bias_range_3: 6.6342
2025-01-04 00:35:56,470 - INFO - bias_range_4: -57.6891
2025-01-04 00:36:36,907 - INFO - Prepared test dataset with 6711 samples
2025-01-04 00:36:38,216 - INFO - New best parameters found: {'dropout': 0.1, 'embedding_dim': 32, 'hidden_layers': [128, 64]} (RMSE: 60.1919)
2025-01-04 00:36:39,496 - INFO - New best parameters found: {'dropout': 0.1, 'embedding_dim': 32, 'hidden_layers': [256, 128, 64]} (RMSE: 55.9084)
2025-01-04 00:36:42,509 - INFO - New best parameters found: {'dropout': 0.1, 'embedding_dim': 64, 'hidden_layers': [128, 64]} (RMSE: 54.0034)
2025-01-04 00:36:51,325 - INFO - New best parameters found: {'dropout': 0.1, 'embedding_dim': 128, 'hidden_layers': [128, 64]} (RMSE: 51.9908)
2025-01-04 00:36:52,963 - INFO - New best parameters found: {'dropout': 0.1, 'embedding_dim': 128, 'hidden_layers': [256, 128, 64]} (RMSE: 50.9269)
2025-01-04 00:37:29,821 - INFO - Best parameters: {'dropout': 0.1, 'embedding_dim': 128, 'hidden_layers': [256, 128, 64]}
2025-01-04 00:37:47,917 - INFO - 
cold_user_warm_item Metrics (n=138):
2025-01-04 00:37:47,918 - INFO - mse: 1135.7300
2025-01-04 00:37:47,919 - INFO - rmse: 33.7006
2025-01-04 00:37:47,919 - INFO - mae: 24.6191
2025-01-04 00:37:47,920 - INFO - r2: -0.7934
2025-01-04 00:37:47,920 - INFO - pred_mean: 4.2208
2025-01-04 00:37:47,920 - INFO - pred_std: 6.6879
2025-01-04 00:37:47,921 - INFO - true_mean: 24.3623
2025-01-04 00:37:47,921 - INFO - true_std: 25.1649
2025-01-04 00:37:48,857 - INFO - 
warm_user_cold_item Metrics (n=1752):
2025-01-04 00:37:48,858 - INFO - mse: 256.7458
2025-01-04 00:37:48,858 - INFO - rmse: 16.0233
2025-01-04 00:37:48,860 - INFO - mae: 9.6325
2025-01-04 00:37:48,861 - INFO - r2: -0.3494
2025-01-04 00:37:48,865 - INFO - pred_mean: 4.5570
2025-01-04 00:37:48,866 - INFO - pred_std: 7.5074
2025-01-04 00:37:48,866 - INFO - true_mean: 7.3265
2025-01-04 00:37:48,867 - INFO - true_std: 13.7936
2025-01-04 00:37:51,072 - INFO - 
cold_both Metrics (n=4108):
2025-01-04 00:37:51,074 - INFO - mse: 130.7984
2025-01-04 00:37:51,075 - INFO - rmse: 11.4367
2025-01-04 00:37:51,076 - INFO - mae: 7.4696
2025-01-04 00:37:51,076 - INFO - r2: -0.9924
2025-01-04 00:37:51,076 - INFO - pred_mean: 4.6814
2025-01-04 00:37:51,077 - INFO - pred_std: 8.0630
2025-01-04 00:37:51,077 - INFO - true_mean: 4.0640
2025-01-04 00:37:51,078 - INFO - true_std: 8.1023
2025-01-04 00:37:51,625 - INFO - 
warm_both Metrics (n=713):
2025-01-04 00:37:51,625 - INFO - mse: 24164.0977
2025-01-04 00:37:51,626 - INFO - rmse: 155.4481
2025-01-04 00:37:51,626 - INFO - mae: 128.6923
2025-01-04 00:37:51,626 - INFO - r2: -2.0630
2025-01-04 00:37:51,627 - INFO - pred_mean: 6.2908
2025-01-04 00:37:51,627 - INFO - pred_std: 15.5355
2025-01-04 00:37:51,628 - INFO - true_mean: 134.8163
2025-01-04 00:37:51,628 - INFO - true_std: 88.8195
2025-01-04 00:37:51,631 - INFO - Evaluation completed. Results saved to: metrics
2025-01-04 00:37:51,632 - INFO - 
Evaluation Summary:
2025-01-04 00:37:51,632 - INFO - Basic Metrics:
2025-01-04 00:37:51,633 - INFO - mse: 2737.7249
2025-01-04 00:37:51,633 - INFO - rmse: 52.3233
2025-01-04 00:37:51,634 - INFO - mae: 21.2660
2025-01-04 00:37:51,635 - INFO - r2: -0.0784
2025-01-04 00:37:51,635 - INFO - pred_mean: 4.8104
2025-01-04 00:37:51,636 - INFO - pred_std: 9.0188
2025-01-04 00:37:51,637 - INFO - true_mean: 19.2247
2025-01-04 00:37:51,637 - INFO - true_std: 50.3863
2025-01-04 00:37:51,638 - INFO - 
Top-K Metrics:
2025-01-04 00:37:51,638 - INFO - ndcg@10: 0.7774
2025-01-04 00:37:51,639 - INFO - precision@10: 0.8824
2025-01-04 00:37:51,639 - INFO - recall@10: 0.8824
2025-01-04 00:37:51,640 - INFO - 
Bias Analysis:
2025-01-04 00:37:51,640 - INFO - bias_range_3: 3.0532
2025-01-04 00:37:51,641 - INFO - bias_range_4: -60.8989
2025-01-04 00:38:16,964 - INFO - Epoch 1/20
2025-01-04 00:39:48,293 - INFO - Training metrics: {'loss': 655.2924103831865, 'rmse': 21.63339813905697, 'mae': 12.795672080114702, 'ndcg': 0.8197692561558241}
2025-01-04 00:39:51,107 - INFO - Validation metrics: {'loss': 182.59727460997445, 'rmse': 12.557709290761498, 'mae': 7.897627572218577, 'ndcg': 0.9034571490649667}
2025-01-04 00:39:51,355 - INFO - Saved best model to checkpoints/best_model.pth
2025-01-04 00:39:51,355 - INFO - --------------------------------------------------
2025-01-04 00:39:51,356 - INFO - Epoch 2/20
2025-01-04 00:41:21,770 - INFO - Training metrics: {'loss': 137.81348060136773, 'rmse': 11.078644741924332, 'mae': 7.30440814957359, 'ndcg': 0.9231711810932137}
2025-01-04 00:41:23,349 - INFO - Validation metrics: {'loss': 115.0690230414981, 'rmse': 9.918567012807063, 'mae': 6.56597325915382, 'ndcg': 0.9252599633875347}
2025-01-04 00:41:23,592 - INFO - Saved best model to checkpoints/best_model.pth
2025-01-04 00:41:23,593 - INFO - --------------------------------------------------
2025-01-04 00:41:23,593 - INFO - Epoch 3/20
2025-01-04 00:41:47,464 - INFO - Prepared test dataset with 6711 samples
2025-01-04 00:41:51,019 - INFO - New best parameters found: {'dropout': 0.1, 'embedding_dim': 32, 'hidden_layers': [128, 64]} (RMSE: 51.3805)
2025-01-04 00:43:03,618 - INFO - New best parameters found: {'dropout': 0.3, 'embedding_dim': 32, 'hidden_layers': [256, 128, 64]} (RMSE: 51.2759)
2025-01-04 00:43:31,751 - INFO - Best parameters: {'dropout': 0.3, 'embedding_dim': 32, 'hidden_layers': [256, 128, 64]}
2025-01-04 00:43:46,351 - INFO - Training metrics: {'loss': 77.87851923997026, 'rmse': 8.481624908336705, 'mae': 6.002602778582934, 'ndcg': 0.9376293856843534}
2025-01-04 00:43:46,715 - INFO - 
cold_user_warm_item Metrics (n=138):
2025-01-04 00:43:46,715 - INFO - mse: 2312.4915
2025-01-04 00:43:46,716 - INFO - rmse: 48.0884
2025-01-04 00:43:46,716 - INFO - mae: 41.0801
2025-01-04 00:43:46,717 - INFO - r2: -2.6516
2025-01-04 00:43:46,717 - INFO - pred_mean: -16.7178
2025-01-04 00:43:46,717 - INFO - pred_std: 13.1637
2025-01-04 00:43:46,717 - INFO - true_mean: 24.3623
2025-01-04 00:43:46,718 - INFO - true_std: 25.1649
2025-01-04 00:43:47,477 - INFO - 
warm_user_cold_item Metrics (n=1752):
2025-01-04 00:43:47,477 - INFO - mse: 1167.3049
2025-01-04 00:43:47,478 - INFO - rmse: 34.1658
2025-01-04 00:43:47,478 - INFO - mae: 26.7366
2025-01-04 00:43:47,478 - INFO - r2: -5.1352
2025-01-04 00:43:47,479 - INFO - pred_mean: -19.4101
2025-01-04 00:43:47,479 - INFO - pred_std: 16.2110
2025-01-04 00:43:47,479 - INFO - true_mean: 7.3265
2025-01-04 00:43:47,480 - INFO - true_std: 13.7936
2025-01-04 00:43:48,809 - INFO - Validation metrics: {'loss': 127.87416275909969, 'rmse': 9.48277149453734, 'mae': 6.200662170137678, 'ndcg': 0.9298035546338984}
2025-01-04 00:43:48,966 - INFO - --------------------------------------------------
2025-01-04 00:43:48,967 - INFO - Epoch 4/20
2025-01-04 00:43:49,776 - INFO - 
cold_both Metrics (n=4108):
2025-01-04 00:43:49,777 - INFO - mse: 937.6808
2025-01-04 00:43:49,777 - INFO - rmse: 30.6216
2025-01-04 00:43:49,777 - INFO - mae: 24.0167
2025-01-04 00:43:49,777 - INFO - r2: -13.2836
2025-01-04 00:43:49,777 - INFO - pred_mean: -19.9526
2025-01-04 00:43:49,778 - INFO - pred_std: 17.0689
2025-01-04 00:43:49,778 - INFO - true_mean: 4.0640
2025-01-04 00:43:49,778 - INFO - true_std: 8.1023
2025-01-04 00:43:50,268 - INFO - 
warm_both Metrics (n=713):
2025-01-04 00:43:50,268 - INFO - mse: 32911.8125
2025-01-04 00:43:50,268 - INFO - rmse: 181.4161
2025-01-04 00:43:50,269 - INFO - mae: 153.8053
2025-01-04 00:43:50,269 - INFO - r2: -3.1719
2025-01-04 00:43:50,269 - INFO - pred_mean: -18.9890
2025-01-04 00:43:50,271 - INFO - pred_std: 30.9310
2025-01-04 00:43:50,271 - INFO - true_mean: 134.8163
2025-01-04 00:43:50,271 - INFO - true_std: 88.8195
2025-01-04 00:43:50,273 - INFO - Evaluation completed. Results saved to: metrics
2025-01-04 00:43:50,274 - INFO - 
Evaluation Summary:
2025-01-04 00:43:50,274 - INFO - Basic Metrics:
2025-01-04 00:43:50,274 - INFO - mse: 4422.9409
2025-01-04 00:43:50,274 - INFO - rmse: 66.5052
2025-01-04 00:43:50,274 - INFO - mae: 38.8668
2025-01-04 00:43:50,275 - INFO - r2: -0.7422
2025-01-04 00:43:50,275 - INFO - pred_mean: -19.6421
2025-01-04 00:43:50,275 - INFO - pred_std: 18.7737
2025-01-04 00:43:50,275 - INFO - true_mean: 19.2247
2025-01-04 00:43:50,276 - INFO - true_std: 50.3863
2025-01-04 00:43:50,276 - INFO - 
Top-K Metrics:
2025-01-04 00:43:50,276 - INFO - ndcg@10: 0.8144
2025-01-04 00:43:50,276 - INFO - precision@10: 0.9000
2025-01-04 00:43:50,277 - INFO - recall@10: 0.9000
2025-01-04 00:43:50,277 - INFO - 
Bias Analysis:
2025-01-04 00:43:50,277 - INFO - bias_range_3: -21.2435
2025-01-04 00:43:50,278 - INFO - bias_range_4: -85.7659
2025-01-04 00:45:10,844 - INFO - Training metrics: {'loss': 60.0420509011622, 'rmse': 7.476557546854199, 'mae': 5.495873220255017, 'ndcg': 0.9425875070204298}
2025-01-04 00:45:12,306 - INFO - Validation metrics: {'loss': 70.06721037910098, 'rmse': 7.70885356906008, 'mae': 5.50618282244319, 'ndcg': 0.9361445135658696}
2025-01-04 00:45:12,489 - INFO - Saved best model to checkpoints/best_model.pth
2025-01-04 00:45:12,489 - INFO - --------------------------------------------------
2025-01-04 00:45:12,489 - INFO - Epoch 5/20
2025-01-04 00:45:23,466 - INFO - Loading model from checkpoints/best_model.pth
2025-01-04 00:45:23,562 - INFO - Model loaded successfully
2025-01-04 00:46:48,673 - INFO - Training metrics: {'loss': 46.96173634598771, 'rmse': 6.660614014874347, 'mae': 5.041820852088422, 'ndcg': 0.9503919912445276}
2025-01-04 00:46:50,805 - INFO - Validation metrics: {'loss': 80.27486997558957, 'rmse': 8.371686730469683, 'mae': 5.874495851142066, 'ndcg': 0.9352943633816072}
2025-01-04 00:46:50,954 - INFO - --------------------------------------------------
2025-01-04 00:46:50,954 - INFO - Epoch 6/20
2025-01-04 00:48:27,850 - INFO - Training metrics: {'loss': 40.52427888644802, 'rmse': 6.191670639031987, 'mae': 4.739296629925965, 'ndcg': 0.9540359039393911}
2025-01-04 00:48:29,531 - INFO - Validation metrics: {'loss': 59.44625475293114, 'rmse': 6.979592169329438, 'mae': 5.199094084047136, 'ndcg': 0.9418964138520616}
2025-01-04 00:48:29,762 - INFO - Saved best model to checkpoints/best_model.pth
2025-01-04 00:48:29,762 - INFO - --------------------------------------------------
2025-01-04 00:48:29,763 - INFO - Epoch 7/20
2025-01-04 01:01:59,842 - INFO - Training metrics: {'loss': 35.571622559115546, 'rmse': 5.810964058506354, 'mae': 4.417383114813492, 'ndcg': 0.9593489245668667}
2025-01-04 01:02:00,884 - INFO - Validation metrics: {'loss': 55.08135130291893, 'rmse': 6.689580094676087, 'mae': 4.840447388944172, 'ndcg': 0.9416976965786445}
2025-01-04 01:02:01,160 - INFO - Saved best model to checkpoints/best_model.pth
2025-01-04 01:02:01,160 - INFO - --------------------------------------------------
2025-01-04 01:02:01,160 - INFO - Epoch 8/20
2025-01-04 01:02:56,787 - INFO - Training metrics: {'loss': 31.858311056299197, 'rmse': 5.503427484370053, 'mae': 4.152467428450565, 'ndcg': 0.9625757746151086}
2025-01-04 01:02:58,099 - INFO - Validation metrics: {'loss': 55.871143658955894, 'rmse': 6.870983494561128, 'mae': 5.065636995292845, 'ndcg': 0.9426969763423715}
2025-01-04 01:02:58,225 - INFO - --------------------------------------------------
2025-01-04 01:02:58,226 - INFO - Epoch 9/20
2025-01-04 01:03:52,930 - INFO - Training metrics: {'loss': 27.281973488302345, 'rmse': 5.096925591852883, 'mae': 3.7957898891304596, 'ndcg': 0.9665195502410056}
2025-01-04 01:03:53,782 - INFO - Validation metrics: {'loss': 6659.085475047429, 'rmse': 13.458319354048012, 'mae': 5.93146392986888, 'ndcg': 0.9398589121798674}
2025-01-04 01:03:53,837 - INFO - Early stopping triggered after 9 epochs
2025-01-04 01:03:53,841 - INFO - Training fold 1/5
2025-01-04 01:07:31,492 - INFO - Training fold 1/5
2025-01-04 01:07:32,968 - INFO - Epoch 1/20
2025-01-04 01:08:24,216 - INFO - Training metrics: {'loss': 692.2268594424168, 'rmse': 22.40536726075939, 'mae': 13.051485515691345, 'ndcg': 0.8087768409661309}
2025-01-04 01:08:26,646 - INFO - Validation metrics: {'loss': 651.0634523192448, 'rmse': 13.131415164476463, 'mae': 8.55465096430992, 'ndcg': 0.4010162910418724}
2025-01-04 01:08:27,021 - INFO - Saved best model to checkpoints/best_model.pth
2025-01-04 01:08:27,022 - INFO - --------------------------------------------------
2025-01-04 01:08:27,023 - INFO - Epoch 2/20
2025-01-04 01:09:39,978 - INFO - Training metrics: {'loss': 155.58579151731894, 'rmse': 11.802893998549271, 'mae': 7.651320030299294, 'ndcg': 0.9128060766827535}
2025-01-04 01:09:44,966 - INFO - Validation metrics: {'loss': 133.79051945529767, 'rmse': 10.055183463157267, 'mae': 7.276789544233635, 'ndcg': 0.4096747400155708}
2025-01-04 01:09:45,113 - INFO - Saved best model to checkpoints/best_model.pth
2025-01-04 01:09:45,114 - INFO - --------------------------------------------------
2025-01-04 01:09:45,114 - INFO - Epoch 3/20
2025-01-04 01:10:38,065 - INFO - Training metrics: {'loss': 91.02494073715381, 'rmse': 9.076339798846956, 'mae': 6.286715831749469, 'ndcg': 0.93383413372955}
2025-01-04 01:10:40,799 - INFO - Validation metrics: {'loss': 106.96319920696429, 'rmse': 8.756330566095277, 'mae': 6.283327481995768, 'ndcg': 0.41334134856266763}
2025-01-04 01:10:40,997 - INFO - Saved best model to checkpoints/best_model.pth
2025-01-04 01:10:40,998 - INFO - --------------------------------------------------
2025-01-04 01:10:40,998 - INFO - Epoch 4/20
2025-01-04 01:11:46,323 - INFO - Training metrics: {'loss': 62.284806612625864, 'rmse': 7.597033458710151, 'mae': 5.468741066692657, 'ndcg': 0.947167278855171}
2025-01-04 01:11:48,206 - INFO - Validation metrics: {'loss': 85.06644299350567, 'rmse': 8.131971300432767, 'mae': 5.751810121536255, 'ndcg': 0.4137950132142252}
2025-01-04 01:11:48,326 - INFO - Saved best model to checkpoints/best_model.pth
2025-01-04 01:11:48,326 - INFO - --------------------------------------------------
2025-01-04 01:11:48,327 - INFO - Epoch 5/20
2025-01-04 01:12:43,745 - INFO - Training metrics: {'loss': 47.696007902716595, 'rmse': 6.689866192745471, 'mae': 4.908279659856692, 'ndcg': 0.9551643581645003}
2025-01-04 01:12:48,826 - INFO - Validation metrics: {'loss': 64.02761468175632, 'rmse': 7.268484960466997, 'mae': 5.33152237080816, 'ndcg': 0.4159794373298759}
2025-01-04 01:12:49,108 - INFO - Saved best model to checkpoints/best_model.pth
2025-01-04 01:12:49,108 - INFO - --------------------------------------------------
2025-01-04 01:12:49,108 - INFO - Epoch 6/20
2025-01-04 01:13:44,951 - INFO - Training metrics: {'loss': 38.79570380175977, 'rmse': 6.0580873553579595, 'mae': 4.434657849154426, 'ndcg': 0.9637041410196174}
2025-01-04 01:13:47,185 - INFO - Validation metrics: {'loss': 73.5220956830836, 'rmse': 7.782613046313818, 'mae': 5.470134524445036, 'ndcg': 0.41582945051477915}
2025-01-04 01:13:47,246 - INFO - --------------------------------------------------
2025-01-04 01:13:47,246 - INFO - Epoch 7/20
2025-01-04 01:14:40,743 - INFO - Training metrics: {'loss': 32.10595765445017, 'rmse': 5.513845330073774, 'mae': 3.9721677486713114, 'ndcg': 0.9702560895854987}
2025-01-04 01:14:43,003 - INFO - Validation metrics: {'loss': 78.7099423735889, 'rmse': 8.050298634841678, 'mae': 5.669236395252285, 'ndcg': 0.4164658988589671}
2025-01-04 01:14:43,099 - INFO - Early stopping triggered after 7 epochs
2025-01-04 01:14:43,100 - INFO - Training fold 2/5
2025-01-04 01:14:43,307 - INFO - Epoch 1/20
2025-01-04 01:15:24,777 - INFO - Training metrics: {'loss': 747.3488913914265, 'rmse': 23.184188219227416, 'mae': 13.71706475349751, 'ndcg': 0.8063238421107257}
2025-01-04 01:15:26,551 - INFO - Validation metrics: {'loss': 184.07673564455402, 'rmse': 11.634516435881071, 'mae': 8.255931179559052, 'ndcg': 0.40758441028310294}
2025-01-04 01:15:26,685 - INFO - Saved best model to checkpoints/best_model.pth
2025-01-04 01:15:26,686 - INFO - --------------------------------------------------
2025-01-04 01:15:26,686 - INFO - Epoch 2/20
2025-01-04 01:16:08,360 - INFO - Training metrics: {'loss': 145.96466789430784, 'rmse': 11.45168295735762, 'mae': 7.50529452007684, 'ndcg': 0.9175900664511593}
2025-01-04 01:16:13,609 - INFO - Validation metrics: {'loss': 108.30949287983908, 'rmse': 9.221781411128266, 'mae': 6.688144994137892, 'ndcg': 0.4145419465961741}
2025-01-04 01:16:13,772 - INFO - Saved best model to checkpoints/best_model.pth
2025-01-04 01:16:13,772 - INFO - --------------------------------------------------
2025-01-04 01:16:13,772 - INFO - Epoch 3/20
2025-01-04 01:17:00,337 - INFO - Training metrics: {'loss': 86.39479489572196, 'rmse': 8.8864819143681, 'mae': 6.259701011606435, 'ndcg': 0.9312679269883151}
2025-01-04 01:17:02,062 - INFO - Validation metrics: {'loss': 90.20219907618281, 'rmse': 8.318100175119454, 'mae': 5.8846641960428725, 'ndcg': 0.41645416679667}
2025-01-04 01:17:02,222 - INFO - Saved best model to checkpoints/best_model.pth
2025-01-04 01:17:02,223 - INFO - --------------------------------------------------
2025-01-04 01:17:02,223 - INFO - Epoch 4/20
2025-01-04 01:17:43,158 - INFO - Training metrics: {'loss': 64.20039664960068, 'rmse': 7.723792975325597, 'mae': 5.580138392729756, 'ndcg': 0.9422594188664545}
2025-01-04 01:17:45,882 - INFO - Validation metrics: {'loss': 473.1458847216706, 'rmse': 9.578305728731655, 'mae': 6.175251124510124, 'ndcg': 0.4170703012551834}
2025-01-04 01:17:45,963 - INFO - --------------------------------------------------
2025-01-04 01:17:45,964 - INFO - Epoch 5/20
2025-01-04 01:18:28,041 - INFO - Training metrics: {'loss': 51.28491067993187, 'rmse': 6.940280548097029, 'mae': 5.098060473476977, 'ndcg': 0.9506532769981296}
2025-01-04 01:18:33,226 - INFO - Validation metrics: {'loss': 72.058516757168, 'rmse': 7.4885203644097045, 'mae': 5.329085095249005, 'ndcg': 0.4193937687731501}
2025-01-04 01:18:33,412 - INFO - Saved best model to checkpoints/best_model.pth
2025-01-04 01:18:33,412 - INFO - --------------------------------------------------
2025-01-04 01:18:33,412 - INFO - Epoch 6/20
2025-01-04 01:19:27,163 - INFO - Training metrics: {'loss': 43.607586832167584, 'rmse': 6.405828542767508, 'mae': 4.688325964576545, 'ndcg': 0.9590009508558491}
2025-01-04 01:19:29,077 - INFO - Validation metrics: {'loss': 68.01195372823459, 'rmse': 7.3712299298358985, 'mae': 5.345389533398756, 'ndcg': 0.41901908401233046}
2025-01-04 01:19:29,328 - INFO - Saved best model to checkpoints/best_model.pth
2025-01-04 01:19:29,328 - INFO - --------------------------------------------------
2025-01-04 01:19:29,328 - INFO - Epoch 7/20
2025-01-04 01:20:13,351 - INFO - Training metrics: {'loss': 36.55425032472504, 'rmse': 5.8662402382937495, 'mae': 4.2858362388397175, 'ndcg': 0.9641841692742881}
2025-01-04 01:20:18,018 - INFO - Validation metrics: {'loss': 67.81648602841506, 'rmse': 7.198502113314191, 'mae': 5.003653562246863, 'ndcg': 0.41975115822322334}
2025-01-04 01:20:18,163 - INFO - Saved best model to checkpoints/best_model.pth
2025-01-04 01:20:18,163 - INFO - --------------------------------------------------
2025-01-04 01:20:18,164 - INFO - Epoch 8/20
2025-01-04 01:21:02,090 - INFO - Training metrics: {'loss': 31.25288286166373, 'rmse': 5.424234613831899, 'mae': 3.895885395327106, 'ndcg': 0.9713488008390174}
2025-01-04 01:21:04,004 - INFO - Validation metrics: {'loss': 58.370672943342974, 'rmse': 6.9242316173129375, 'mae': 5.040316158977907, 'ndcg': 0.4202720586933307}
2025-01-04 01:21:04,133 - INFO - Saved best model to checkpoints/best_model.pth
2025-01-04 01:21:04,134 - INFO - --------------------------------------------------
2025-01-04 01:21:04,134 - INFO - Epoch 9/20
2025-01-04 01:21:43,516 - INFO - Training metrics: {'loss': 28.14833299431719, 'rmse': 5.121161785708606, 'mae': 3.616349921198012, 'ndcg': 0.9751414411810461}
2025-01-04 01:21:45,464 - INFO - Validation metrics: {'loss': 61.947438388795995, 'rmse': 6.918810462818225, 'mae': 4.728284999861646, 'ndcg': 0.42026146952785665}
2025-01-04 01:21:45,512 - INFO - --------------------------------------------------
2025-01-04 01:21:45,512 - INFO - Epoch 10/20
2025-01-04 01:22:23,278 - INFO - Training metrics: {'loss': 23.908967951859353, 'rmse': 4.746361522360717, 'mae': 3.3526823201047744, 'ndcg': 0.9765989279195032}
2025-01-04 01:22:24,907 - INFO - Validation metrics: {'loss': 52.14976073023099, 'rmse': 6.618950349174297, 'mae': 4.580177233112392, 'ndcg': 0.4205170225741258}
2025-01-04 01:22:25,073 - INFO - Saved best model to checkpoints/best_model.pth
2025-01-04 01:22:25,073 - INFO - --------------------------------------------------
2025-01-04 01:22:25,073 - INFO - Epoch 11/20
2025-01-04 01:23:02,766 - INFO - Training metrics: {'loss': 21.428236955666915, 'rmse': 4.497774703122681, 'mae': 3.12058784901161, 'ndcg': 0.9805166315373598}
2025-01-04 01:23:04,405 - INFO - Validation metrics: {'loss': 63.069723879401366, 'rmse': 7.152791654657651, 'mae': 4.811583769499366, 'ndcg': 0.42038892685477414}
2025-01-04 01:23:04,455 - INFO - --------------------------------------------------
2025-01-04 01:23:04,455 - INFO - Epoch 12/20
2025-01-04 01:23:42,156 - INFO - Training metrics: {'loss': 18.679253836012848, 'rmse': 4.185096451859765, 'mae': 2.8688033105189272, 'ndcg': 0.984279945949016}
2025-01-04 01:23:43,876 - INFO - Validation metrics: {'loss': 54.61616339754703, 'rmse': 6.622356772554203, 'mae': 4.467982399997426, 'ndcg': 0.4204279004637875}
2025-01-04 01:23:43,931 - INFO - Early stopping triggered after 12 epochs
2025-01-04 01:23:43,933 - INFO - Training fold 3/5
2025-01-04 01:23:44,065 - INFO - Epoch 1/20
2025-01-04 01:58:44,163 - INFO - Training metrics: {'loss': 722.9548574494639, 'rmse': 22.846375160921244, 'mae': 13.455125815125879, 'ndcg': 0.8235555761219006}
2025-01-04 01:58:47,362 - INFO - Validation metrics: {'loss': 167.6522611874253, 'rmse': 11.189840606415867, 'mae': 7.976505904411202, 'ndcg': 0.3854664285681141}
2025-01-04 01:58:47,569 - INFO - Saved best model to checkpoints/best_model.pth
2025-01-04 01:58:47,570 - INFO - --------------------------------------------------
2025-01-04 01:58:47,570 - INFO - Epoch 2/20
2025-01-04 01:59:41,615 - INFO - Training metrics: {'loss': 146.40175312147647, 'rmse': 11.488120501193247, 'mae': 7.575254692258543, 'ndcg': 0.9166275169964688}
2025-01-04 01:59:43,750 - INFO - Validation metrics: {'loss': 124.15631333251498, 'rmse': 9.58600997111548, 'mae': 6.769147197524114, 'ndcg': 0.3970626523245626}
2025-01-04 01:59:43,894 - INFO - Saved best model to checkpoints/best_model.pth
2025-01-04 01:59:43,894 - INFO - --------------------------------------------------
2025-01-04 01:59:43,894 - INFO - Epoch 3/20
2025-01-04 02:00:22,936 - INFO - Training metrics: {'loss': 85.42187348865056, 'rmse': 8.85727562168705, 'mae': 6.217654748671619, 'ndcg': 0.9388797100663986}
2025-01-04 02:00:24,681 - INFO - Validation metrics: {'loss': 88.2374712104228, 'rmse': 8.292045612260651, 'mae': 5.974825873303769, 'ndcg': 0.3993091859034638}
2025-01-04 02:00:24,825 - INFO - Saved best model to checkpoints/best_model.pth
2025-01-04 02:00:24,826 - INFO - --------------------------------------------------
2025-01-04 02:00:24,826 - INFO - Epoch 4/20
2025-01-04 02:01:08,157 - INFO - Training metrics: {'loss': 60.501964287049205, 'rmse': 7.5123279911361145, 'mae': 5.466741007241498, 'ndcg': 0.9502400709809965}
2025-01-04 02:01:11,788 - INFO - Validation metrics: {'loss': 77.93126045340922, 'rmse': 7.99427763195157, 'mae': 5.764017573399331, 'ndcg': 0.40061406377536146}
2025-01-04 02:01:12,015 - INFO - Saved best model to checkpoints/best_model.pth
2025-01-04 02:01:12,016 - INFO - --------------------------------------------------
2025-01-04 02:01:12,018 - INFO - Epoch 5/20
2025-01-04 02:02:25,031 - INFO - Training metrics: {'loss': 46.8718575875736, 'rmse': 6.651862302193106, 'mae': 4.886993498122006, 'ndcg': 0.9563324356631079}
2025-01-04 02:02:27,154 - INFO - Validation metrics: {'loss': 96.88929993216671, 'rmse': 7.6412259979978945, 'mae': 5.348576226874964, 'ndcg': 0.40129871381752524}
2025-01-04 02:02:27,232 - INFO - --------------------------------------------------
2025-01-04 02:02:27,233 - INFO - Epoch 6/20
2025-01-04 02:03:11,805 - INFO - Training metrics: {'loss': 38.23729195854751, 'rmse': 6.015104275769991, 'mae': 4.304617277270738, 'ndcg': 0.9658247269606572}
2025-01-04 02:03:14,197 - INFO - Validation metrics: {'loss': 62.72705197120781, 'rmse': 7.274987733142102, 'mae': 5.293500059754101, 'ndcg': 0.40149890638109464}
2025-01-04 02:03:14,493 - INFO - Saved best model to checkpoints/best_model.pth
2025-01-04 02:03:14,493 - INFO - --------------------------------------------------
2025-01-04 02:03:14,494 - INFO - Epoch 7/20
2025-01-04 02:03:57,478 - INFO - Training metrics: {'loss': 32.00270525638162, 'rmse': 5.503403441923615, 'mae': 3.8304975337284195, 'ndcg': 0.9723488926175283}
2025-01-04 02:03:59,706 - INFO - Validation metrics: {'loss': 81.45877939338115, 'rmse': 7.713936945366049, 'mae': 5.225544199303015, 'ndcg': 0.4004063760166738}
2025-01-04 02:03:59,828 - INFO - --------------------------------------------------
2025-01-04 02:03:59,829 - INFO - Epoch 8/20
2025-01-04 02:04:38,359 - INFO - Training metrics: {'loss': 26.729942461018066, 'rmse': 5.023545856386948, 'mae': 3.4418799343885462, 'ndcg': 0.9765766591078493}
2025-01-04 02:04:39,873 - INFO - Validation metrics: {'loss': 56.441899389295436, 'rmse': 6.845516443905154, 'mae': 4.757777753160961, 'ndcg': 0.40111275430935533}
2025-01-04 02:04:40,063 - INFO - Saved best model to checkpoints/best_model.pth
2025-01-04 02:04:40,064 - INFO - --------------------------------------------------
2025-01-04 02:04:40,065 - INFO - Epoch 9/20
2025-01-04 02:05:18,301 - INFO - Training metrics: {'loss': 22.60702768967524, 'rmse': 4.613676628631371, 'mae': 3.1144455406895495, 'ndcg': 0.9812312149752246}
2025-01-04 02:05:19,963 - INFO - Validation metrics: {'loss': 55.19662875559793, 'rmse': 6.897868368615047, 'mae': 4.790411420366658, 'ndcg': 0.40202835949499216}
2025-01-04 02:05:20,094 - INFO - Saved best model to checkpoints/best_model.pth
2025-01-04 02:05:20,094 - INFO - --------------------------------------------------
2025-01-04 02:05:20,095 - INFO - Epoch 10/20
2025-01-04 02:06:00,311 - INFO - Training metrics: {'loss': 19.945530043153997, 'rmse': 4.327437248494172, 'mae': 2.875781349587387, 'ndcg': 0.9848286770812783}
2025-01-04 02:06:02,227 - INFO - Validation metrics: {'loss': 55.066983817940326, 'rmse': 6.99134984579161, 'mae': 4.871365610165382, 'ndcg': 0.40123411852922014}
2025-01-04 02:06:02,390 - INFO - Saved best model to checkpoints/best_model.pth
2025-01-04 02:06:02,390 - INFO - --------------------------------------------------
2025-01-04 02:06:02,390 - INFO - Epoch 11/20
2025-01-04 02:06:46,557 - INFO - Training metrics: {'loss': 17.704082511092764, 'rmse': 4.075261877032907, 'mae': 2.696398690086946, 'ndcg': 0.985791131575843}
2025-01-04 02:06:48,189 - INFO - Validation metrics: {'loss': 51.7734276614972, 'rmse': 6.809175488282247, 'mae': 4.69525331347736, 'ndcg': 0.4020480241348494}
2025-01-04 02:06:48,351 - INFO - Saved best model to checkpoints/best_model.pth
2025-01-04 02:06:48,351 - INFO - --------------------------------------------------
2025-01-04 02:06:48,351 - INFO - Epoch 12/20
2025-01-04 02:07:26,631 - INFO - Training metrics: {'loss': 15.55396806561653, 'rmse': 3.8140716091468234, 'mae': 2.517050676865752, 'ndcg': 0.9877286714969774}
2025-01-04 02:07:28,732 - INFO - Validation metrics: {'loss': 74.40411837421246, 'rmse': 7.420135492837055, 'mae': 5.044188578804927, 'ndcg': 0.4016766359112156}
2025-01-04 02:07:28,799 - INFO - --------------------------------------------------
2025-01-04 02:07:28,799 - INFO - Epoch 13/20
2025-01-04 02:08:12,041 - INFO - Training metrics: {'loss': 14.22020652518511, 'rmse': 3.6273248958625297, 'mae': 2.362347985756228, 'ndcg': 0.9889362170413147}
2025-01-04 02:08:13,951 - INFO - Validation metrics: {'loss': 51.016412199789016, 'rmse': 6.766768687883562, 'mae': 4.645911375444327, 'ndcg': 0.4013568968025606}
2025-01-04 02:08:14,132 - INFO - Saved best model to checkpoints/best_model.pth
2025-01-04 02:08:14,132 - INFO - --------------------------------------------------
2025-01-04 02:08:14,133 - INFO - Epoch 14/20
2025-01-04 02:08:57,659 - INFO - Training metrics: {'loss': 13.117395714470662, 'rmse': 3.482522223257597, 'mae': 2.2487000726870052, 'ndcg': 0.9895972986556061}
2025-01-04 02:09:06,790 - INFO - Validation metrics: {'loss': 51.02640529177082, 'rmse': 6.770783006127933, 'mae': 4.551653947047333, 'ndcg': 0.40230912454982304}
2025-01-04 02:09:06,971 - INFO - --------------------------------------------------
2025-01-04 02:09:06,972 - INFO - Epoch 15/20
2025-01-04 02:10:09,260 - INFO - Training metrics: {'loss': 11.661882876147967, 'rmse': 3.287567164428574, 'mae': 2.1161791984940574, 'ndcg': 0.9907311449930506}
2025-01-04 02:10:18,716 - INFO - Validation metrics: {'loss': 48.52456700766265, 'rmse': 6.4910948027873525, 'mae': 4.403688052163195, 'ndcg': 0.40139322908066993}
2025-01-04 02:10:19,116 - INFO - Saved best model to checkpoints/best_model.pth
2025-01-04 02:10:19,117 - INFO - --------------------------------------------------
2025-01-04 02:10:19,118 - INFO - Epoch 16/20
2025-01-04 02:11:56,427 - INFO - Training metrics: {'loss': 10.93010081454299, 'rmse': 3.185012855283296, 'mae': 2.028291983956984, 'ndcg': 0.9918896107196452}
2025-01-04 02:12:04,260 - INFO - Validation metrics: {'loss': 52.53771702922992, 'rmse': 6.757588578758839, 'mae': 4.524548444107397, 'ndcg': 0.4017819784915269}
2025-01-04 02:12:04,557 - INFO - --------------------------------------------------
2025-01-04 02:12:04,558 - INFO - Epoch 17/20
2025-01-04 02:13:12,658 - INFO - Training metrics: {'loss': 10.063436130786494, 'rmse': 3.0444534353048933, 'mae': 1.9097916470079657, 'ndcg': 0.9920450084862912}
2025-01-04 02:13:15,655 - INFO - Validation metrics: {'loss': 49.43981172220031, 'rmse': 6.594931427040444, 'mae': 4.412602953412639, 'ndcg': 0.40200455873759827}
2025-01-04 02:13:15,708 - INFO - Early stopping triggered after 17 epochs
2025-01-04 02:13:15,709 - INFO - Training fold 4/5
2025-01-04 02:13:15,977 - INFO - Epoch 1/20
2025-01-04 02:14:06,572 - INFO - Training metrics: {'loss': 708.2152493528861, 'rmse': 22.764913456014224, 'mae': 13.560497156802713, 'ndcg': 0.8192471829406456}
2025-01-04 02:14:09,028 - INFO - Validation metrics: {'loss': 161.44745741317521, 'rmse': 10.559003265112123, 'mae': 7.498428307718306, 'ndcg': 0.40186114240048537}
2025-01-04 02:14:09,198 - INFO - Saved best model to checkpoints/best_model.pth
2025-01-04 02:14:09,198 - INFO - --------------------------------------------------
2025-01-04 02:14:09,198 - INFO - Epoch 2/20
2025-01-04 02:14:59,932 - INFO - Training metrics: {'loss': 146.5171740804705, 'rmse': 11.484859694358866, 'mae': 7.479677234504363, 'ndcg': 0.921438950547271}
2025-01-04 02:15:02,369 - INFO - Validation metrics: {'loss': 109.14599984581791, 'rmse': 9.104435882279088, 'mae': 6.650554202919576, 'ndcg': 0.4085635163890782}
2025-01-04 02:15:02,532 - INFO - Saved best model to checkpoints/best_model.pth
2025-01-04 02:15:02,533 - INFO - --------------------------------------------------
2025-01-04 02:15:02,533 - INFO - Epoch 3/20
2025-01-04 02:16:10,472 - INFO - Training metrics: {'loss': 85.76771927449666, 'rmse': 8.869339527044579, 'mae': 6.2542528368983366, 'ndcg': 0.9353899640254426}
2025-01-04 02:16:13,140 - INFO - Validation metrics: {'loss': 90.46889235368415, 'rmse': 8.444436996559249, 'mae': 6.160198556131391, 'ndcg': 0.41129920856276553}
2025-01-04 02:16:13,362 - INFO - Saved best model to checkpoints/best_model.pth
2025-01-04 02:16:13,363 - INFO - --------------------------------------------------
2025-01-04 02:16:13,363 - INFO - Epoch 4/20
2025-01-04 02:17:00,556 - INFO - Training metrics: {'loss': 63.229462375028355, 'rmse': 7.658590551511417, 'mae': 5.5760266296537715, 'ndcg': 0.9402380620196873}
2025-01-04 02:17:03,279 - INFO - Validation metrics: {'loss': 87.12105213136816, 'rmse': 8.23822649753548, 'mae': 5.933253830582348, 'ndcg': 0.4130042755781715}
2025-01-04 02:17:03,451 - INFO - Saved best model to checkpoints/best_model.pth
2025-01-04 02:17:03,452 - INFO - --------------------------------------------------
2025-01-04 02:17:03,452 - INFO - Epoch 5/20
2025-01-04 02:17:53,318 - INFO - Training metrics: {'loss': 49.763298486221004, 'rmse': 6.847131576050916, 'mae': 5.116533957282672, 'ndcg': 0.9492815241629371}
2025-01-04 02:17:55,465 - INFO - Validation metrics: {'loss': 466.9354229471577, 'rmse': 9.129098270401919, 'mae': 5.8467706381385005, 'ndcg': 0.41324490735779945}
2025-01-04 02:17:55,532 - INFO - --------------------------------------------------
2025-01-04 02:17:55,532 - INFO - Epoch 6/20
2025-01-04 02:19:10,199 - INFO - Training metrics: {'loss': 42.55385646791579, 'rmse': 6.3402288735225705, 'mae': 4.754307395224254, 'ndcg': 0.9570066111914874}
2025-01-04 02:19:12,714 - INFO - Validation metrics: {'loss': 1302.5879631554903, 'rmse': 11.23793314526776, 'mae': 6.12841546784586, 'ndcg': 0.41233258656601407}
2025-01-04 02:19:12,813 - INFO - Early stopping triggered after 6 epochs
2025-01-04 02:19:12,818 - INFO - Training fold 5/5
2025-01-04 02:19:13,041 - INFO - Epoch 1/20
2025-01-04 02:20:05,405 - INFO - Training metrics: {'loss': 732.8318314612847, 'rmse': 22.99165184330979, 'mae': 13.584246410372723, 'ndcg': 0.8110227949946529}
2025-01-04 02:20:08,085 - INFO - Validation metrics: {'loss': 160.6261031933685, 'rmse': 10.805885756804322, 'mae': 7.704081655616191, 'ndcg': 0.40463845373979257}
2025-01-04 02:20:08,318 - INFO - Saved best model to checkpoints/best_model.pth
2025-01-04 02:20:08,318 - INFO - --------------------------------------------------
2025-01-04 02:20:08,319 - INFO - Epoch 2/20
2025-01-04 02:21:09,434 - INFO - Training metrics: {'loss': 141.73860721431444, 'rmse': 11.323542329528655, 'mae': 7.424672826534781, 'ndcg': 0.9211597838804204}
2025-01-04 02:21:11,767 - INFO - Validation metrics: {'loss': 128.34096046846304, 'rmse': 9.089829880151473, 'mae': 6.686001412548236, 'ndcg': 0.41194865721375196}
2025-01-04 02:21:11,935 - INFO - Saved best model to checkpoints/best_model.pth
2025-01-04 02:21:11,936 - INFO - --------------------------------------------------
2025-01-04 02:21:11,937 - INFO - Epoch 3/20
2025-01-04 02:22:11,979 - INFO - Training metrics: {'loss': 84.18782035622515, 'rmse': 8.814999768566919, 'mae': 6.1922993643948, 'ndcg': 0.937679745028765}
2025-01-04 02:22:15,239 - INFO - Validation metrics: {'loss': 85.32431740974313, 'rmse': 8.07756226301517, 'mae': 5.980107501015734, 'ndcg': 0.41457322889299536}
2025-01-04 02:22:15,536 - INFO - Saved best model to checkpoints/best_model.pth
2025-01-04 02:22:15,537 - INFO - --------------------------------------------------
2025-01-04 02:22:15,537 - INFO - Epoch 4/20
2025-01-04 02:23:26,388 - INFO - Training metrics: {'loss': 63.14002042105164, 'rmse': 7.657488695076422, 'mae': 5.566740326422021, 'ndcg': 0.9412411521505384}
2025-01-04 02:23:30,226 - INFO - Validation metrics: {'loss': 80.64392247128842, 'rmse': 7.707812207446884, 'mae': 5.5615818735378895, 'ndcg': 0.4161684600274954}
2025-01-04 02:23:30,569 - INFO - Saved best model to checkpoints/best_model.pth
2025-01-04 02:23:30,569 - INFO - --------------------------------------------------
2025-01-04 02:23:30,569 - INFO - Epoch 5/20
2025-01-04 02:24:30,802 - INFO - Training metrics: {'loss': 50.55775786621344, 'rmse': 6.889741401117676, 'mae': 5.093327478475763, 'ndcg': 0.9503305667344984}
2025-01-04 02:24:33,271 - INFO - Validation metrics: {'loss': 67.0554843091253, 'rmse': 6.890123732031058, 'mae': 5.153203635429269, 'ndcg': 0.4162150126784595}
2025-01-04 02:24:33,511 - INFO - Saved best model to checkpoints/best_model.pth
2025-01-04 02:24:33,512 - INFO - --------------------------------------------------
2025-01-04 02:24:33,512 - INFO - Epoch 6/20
2025-01-04 02:25:36,569 - INFO - Training metrics: {'loss': 44.19075770018437, 'rmse': 6.445235970464815, 'mae': 4.778021319042488, 'ndcg': 0.9545676151792712}
2025-01-04 02:25:39,368 - INFO - Validation metrics: {'loss': 66.06501499147558, 'rmse': 7.136241044110198, 'mae': 5.337269631428505, 'ndcg': 0.4159772846236158}
2025-01-04 02:25:39,575 - INFO - Saved best model to checkpoints/best_model.pth
2025-01-04 02:25:39,575 - INFO - --------------------------------------------------
2025-01-04 02:25:39,576 - INFO - Epoch 7/20
2025-01-04 02:26:42,000 - INFO - Training metrics: {'loss': 37.73816345875792, 'rmse': 5.984314805835451, 'mae': 4.4446718904667595, 'ndcg': 0.9600524606546241}
2025-01-04 02:26:44,684 - INFO - Validation metrics: {'loss': 1049.1388928541496, 'rmse': 9.04072006674995, 'mae': 5.525877652951141, 'ndcg': 0.41703249518551044}
2025-01-04 02:26:44,772 - INFO - --------------------------------------------------
2025-01-04 02:26:44,773 - INFO - Epoch 8/20
2025-01-04 02:27:41,234 - INFO - Training metrics: {'loss': 34.06126776375461, 'rmse': 5.662435650372836, 'mae': 4.133069074536723, 'ndcg': 0.967420418263372}
2025-01-04 02:27:44,093 - INFO - Validation metrics: {'loss': 69.18329388205684, 'rmse': 7.161699365254218, 'mae': 5.073120658789108, 'ndcg': 0.4172478131393888}
2025-01-04 02:27:44,185 - INFO - Early stopping triggered after 8 epochs
2025-01-04 02:27:44,209 - INFO - Cross-validation results:
2025-01-04 02:27:44,210 - INFO - val_rmse: 7.9334
2025-01-04 02:27:44,210 - INFO - val_ndcg: 0.4137
2025-01-04 02:32:38,247 - INFO - Training fold 1/5
2025-01-04 02:32:40,300 - INFO - Epoch 1/20
2025-01-04 02:47:06,045 - INFO - Training fold 1/5
2025-01-04 02:47:10,584 - INFO - Epoch 1/20
2025-01-04 02:48:02,614 - INFO - Training metrics: {'loss': 698.9571214965068, 'rmse': 22.664169959178874, 'mae': 13.043204946781469, 'ndcg': 0.8104183176939972}
2025-01-04 02:48:05,490 - INFO - Validation metrics: {'loss': 172.88161589494393, 'rmse': 11.102760222063104, 'mae': 7.9578251155454724, 'ndcg': 0.3995119698012053}
2025-01-04 02:48:05,663 - INFO - Saved best model to checkpoints/best_model.pth
2025-01-04 02:48:05,664 - INFO - --------------------------------------------------
2025-01-04 02:48:05,664 - INFO - Epoch 2/20
2025-01-04 02:49:01,294 - INFO - Training metrics: {'loss': 159.28611053398424, 'rmse': 11.85711222954263, 'mae': 7.643941563220946, 'ndcg': 0.9130722236575433}
2025-01-04 02:49:03,698 - INFO - Validation metrics: {'loss': 426.1052271003154, 'rmse': 10.900741960806847, 'mae': 7.149700511391483, 'ndcg': 0.4074448676474059}
2025-01-04 02:49:03,800 - INFO - --------------------------------------------------
2025-01-04 02:49:03,802 - INFO - Epoch 3/20
2025-01-04 02:50:09,124 - INFO - Training metrics: {'loss': 94.177260281347, 'rmse': 9.258804724471577, 'mae': 6.423641862221134, 'ndcg': 0.9314459845273463}
2025-01-04 02:50:11,746 - INFO - Validation metrics: {'loss': 112.51207539714984, 'rmse': 8.854496686646492, 'mae': 6.4138230003527745, 'ndcg': 0.41436846994642}
2025-01-04 02:50:11,977 - INFO - Saved best model to checkpoints/best_model.pth
2025-01-04 02:50:11,978 - INFO - --------------------------------------------------
2025-01-04 02:50:11,979 - INFO - Epoch 4/20
2025-01-04 02:51:02,282 - INFO - Training metrics: {'loss': 68.67736714058977, 'rmse': 7.915980144950924, 'mae': 5.645208807290714, 'ndcg': 0.9441268801844948}
2025-01-04 02:51:05,501 - INFO - Validation metrics: {'loss': 72.3706546854617, 'rmse': 7.612281812653077, 'mae': 5.7778721852089046, 'ndcg': 0.41535265410124367}
2025-01-04 02:51:05,698 - INFO - Saved best model to checkpoints/best_model.pth
2025-01-04 02:51:05,698 - INFO - --------------------------------------------------
2025-01-04 02:51:05,698 - INFO - Epoch 5/20
2025-01-04 02:51:58,716 - INFO - Training metrics: {'loss': 52.19162373831238, 'rmse': 6.947577161715384, 'mae': 5.099023518765302, 'ndcg': 0.9525130322791463}
2025-01-04 02:52:01,115 - INFO - Validation metrics: {'loss': 294.6680413772811, 'rmse': 9.060998067683073, 'mae': 5.830743086515968, 'ndcg': 0.415723830995275}
2025-01-04 02:52:01,207 - INFO - --------------------------------------------------
2025-01-04 02:52:01,207 - INFO - Epoch 6/20
2025-01-04 02:52:47,979 - INFO - Training metrics: {'loss': 43.988458228876915, 'rmse': 6.403177358387431, 'mae': 4.734131901365683, 'ndcg': 0.9570151019154243}
2025-01-04 02:52:50,311 - INFO - Validation metrics: {'loss': 62.068981108024936, 'rmse': 6.995194889772411, 'mae': 5.309667143892886, 'ndcg': 0.4158541956944252}
2025-01-04 02:52:50,465 - INFO - Saved best model to checkpoints/best_model.pth
2025-01-04 02:52:50,465 - INFO - --------------------------------------------------
2025-01-04 02:52:50,466 - INFO - Epoch 7/20
2025-01-04 02:53:59,471 - INFO - Training metrics: {'loss': 38.1462167963508, 'rmse': 5.9451505323781495, 'mae': 4.364591504674602, 'ndcg': 0.9625859918257832}
2025-01-04 02:54:01,914 - INFO - Validation metrics: {'loss': 58.63476648473028, 'rmse': 7.0915024895963485, 'mae': 5.423977222015608, 'ndcg': 0.4157818028286322}
2025-01-04 02:54:02,086 - INFO - Saved best model to checkpoints/best_model.pth
2025-01-04 02:54:02,087 - INFO - --------------------------------------------------
2025-01-04 02:54:02,087 - INFO - Epoch 8/20
2025-01-04 02:54:53,695 - INFO - Training metrics: {'loss': 33.081662080108096, 'rmse': 5.515501669518754, 'mae': 4.010108899678465, 'ndcg': 0.9686254831149206}
2025-01-04 02:54:55,772 - INFO - Validation metrics: {'loss': 56.30721573900821, 'rmse': 6.86413349464537, 'mae': 5.078170818357325, 'ndcg': 0.4167915175210184}
2025-01-04 02:54:56,036 - INFO - Saved best model to checkpoints/best_model.pth
2025-01-04 02:54:56,037 - INFO - --------------------------------------------------
2025-01-04 02:54:56,037 - INFO - Epoch 9/20
2025-01-04 02:55:43,381 - INFO - Training metrics: {'loss': 28.3430894199283, 'rmse': 5.114904968799297, 'mae': 3.6647100993463404, 'ndcg': 0.974737417795838}
2025-01-04 02:55:45,513 - INFO - Validation metrics: {'loss': 59.38546958467854, 'rmse': 7.045319108247602, 'mae': 5.1515387592031, 'ndcg': 0.4170165019248849}
2025-01-04 02:55:45,600 - INFO - --------------------------------------------------
2025-01-04 02:55:45,601 - INFO - Epoch 10/20
2025-01-04 02:56:34,086 - INFO - Training metrics: {'loss': 24.18672723535106, 'rmse': 4.701472378918194, 'mae': 3.291041061983258, 'ndcg': 0.9780842145714321}
2025-01-04 02:56:36,731 - INFO - Validation metrics: {'loss': 53.21272474545152, 'rmse': 6.5340257952496295, 'mae': 4.622512403886709, 'ndcg': 0.4162059310656875}
2025-01-04 02:56:36,910 - INFO - Saved best model to checkpoints/best_model.pth
2025-01-04 02:56:36,910 - INFO - --------------------------------------------------
2025-01-04 02:56:36,911 - INFO - Epoch 11/20
2025-01-04 02:57:56,326 - INFO - Training metrics: {'loss': 20.909505849814042, 'rmse': 4.367025956447108, 'mae': 2.980214517983685, 'ndcg': 0.9821972065313793}
2025-01-04 02:57:59,206 - INFO - Validation metrics: {'loss': 27868.435395572436, 'rmse': 29.066774280978127, 'mae': 8.53286396104898, 'ndcg': 0.4151763634895211}
2025-01-04 02:57:59,327 - INFO - --------------------------------------------------
2025-01-04 02:57:59,327 - INFO - Epoch 12/20
2025-01-04 03:05:04,187 - INFO - Training metrics: {'loss': 18.01416439347698, 'rmse': 4.040677529004106, 'mae': 2.6817004160706546, 'ndcg': 0.9857209688073401}
2025-01-04 03:05:06,749 - INFO - Validation metrics: {'loss': 1104.9548586503784, 'rmse': 9.589615194488836, 'mae': 5.080765780406212, 'ndcg': 0.41661322686209606}
2025-01-04 03:05:06,828 - INFO - Early stopping triggered after 12 epochs
2025-01-04 03:05:06,831 - INFO - Training fold 2/5
2025-01-04 03:05:07,155 - INFO - Epoch 1/20
2025-01-04 03:05:49,661 - INFO - Training metrics: {'loss': 735.3264224940579, 'rmse': 23.047277585501725, 'mae': 13.923379173734634, 'ndcg': 0.8126091989344285}
2025-01-04 03:05:51,844 - INFO - Validation metrics: {'loss': 11324.795474004033, 'rmse': 24.241182599915337, 'mae': 10.046802049608372, 'ndcg': 0.40520864476018875}
2025-01-04 03:05:52,055 - INFO - Saved best model to checkpoints/best_model.pth
2025-01-04 03:05:52,057 - INFO - --------------------------------------------------
2025-01-04 03:05:52,057 - INFO - Epoch 2/20
2025-01-04 03:06:37,061 - INFO - Training metrics: {'loss': 151.60405352153023, 'rmse': 11.651142931361225, 'mae': 7.57802535029291, 'ndcg': 0.9122520486161368}
2025-01-04 03:06:39,702 - INFO - Validation metrics: {'loss': 504789.3357626616, 'rmse': 77.56569549417645, 'mae': 22.964381659920537, 'ndcg': 0.41310783446724736}
2025-01-04 03:06:39,759 - INFO - --------------------------------------------------
2025-01-04 03:06:39,759 - INFO - Epoch 3/20
2025-01-04 03:07:24,067 - INFO - Training metrics: {'loss': 89.78745444698775, 'rmse': 9.012670799733398, 'mae': 6.274760499474182, 'ndcg': 0.9342558337535495}
2025-01-04 03:07:26,216 - INFO - Validation metrics: {'loss': 60333.76644566095, 'rmse': 27.3166621065554, 'mae': 9.750387768247235, 'ndcg': 0.4158413812295714}
2025-01-04 03:07:26,387 - INFO - Early stopping triggered after 3 epochs
2025-01-04 03:07:26,391 - INFO - Training fold 3/5
2025-01-04 03:07:26,625 - INFO - Epoch 1/20
2025-01-04 03:10:32,080 - INFO - Training metrics: {'loss': 707.4203591421525, 'rmse': 22.78345383665935, 'mae': 13.44424786720817, 'ndcg': 0.8127191672971037}
2025-01-04 03:10:38,431 - INFO - Validation metrics: {'loss': 227.13909398833317, 'rmse': 12.660615976782926, 'mae': 8.709459909752233, 'ndcg': 0.382423224377988}
2025-01-04 03:10:38,738 - INFO - Saved best model to checkpoints/best_model.pth
2025-01-04 03:10:38,738 - INFO - --------------------------------------------------
2025-01-04 03:10:38,739 - INFO - Epoch 2/20
2025-01-04 03:11:25,600 - INFO - Training metrics: {'loss': 151.07523157776427, 'rmse': 11.619997248790062, 'mae': 7.635795480551517, 'ndcg': 0.9208593445206151}
2025-01-04 03:11:27,745 - INFO - Validation metrics: {'loss': 91.5767605084092, 'rmse': 8.360802165435022, 'mae': 6.094283602130947, 'ndcg': 0.3980416394881348}
2025-01-04 03:11:27,950 - INFO - Saved best model to checkpoints/best_model.pth
2025-01-04 03:11:27,950 - INFO - --------------------------------------------------
2025-01-04 03:11:27,951 - INFO - Epoch 3/20
2025-01-04 03:12:10,071 - INFO - Training metrics: {'loss': 84.22673951021498, 'rmse': 8.761896087930726, 'mae': 6.188227196430608, 'ndcg': 0.937281206661948}
2025-01-04 03:12:12,230 - INFO - Validation metrics: {'loss': 91.0302365459613, 'rmse': 8.298719194047607, 'mae': 5.971917348121529, 'ndcg': 0.3991476348976591}
2025-01-04 03:12:12,400 - INFO - Saved best model to checkpoints/best_model.pth
2025-01-04 03:12:12,401 - INFO - --------------------------------------------------
2025-01-04 03:12:12,401 - INFO - Epoch 4/20
2025-01-04 03:12:53,928 - INFO - Training metrics: {'loss': 58.70951760002176, 'rmse': 7.343267081961219, 'mae': 5.423829537705755, 'ndcg': 0.948826389427591}
2025-01-04 03:12:56,039 - INFO - Validation metrics: {'loss': 103.32767609553551, 'rmse': 7.70032410250077, 'mae': 5.656715124044846, 'ndcg': 0.4011840544529815}
2025-01-04 03:12:56,098 - INFO - --------------------------------------------------
2025-01-04 03:12:56,099 - INFO - Epoch 5/20
2025-01-04 03:13:38,874 - INFO - Training metrics: {'loss': 48.33882554846971, 'rmse': 6.71071821741142, 'mae': 5.011434268203576, 'ndcg': 0.9551151390392625}
2025-01-04 03:13:41,488 - INFO - Validation metrics: {'loss': 141.4468235556759, 'rmse': 8.050560559871839, 'mae': 5.366701940991986, 'ndcg': 0.40102315963204227}
2025-01-04 03:13:41,558 - INFO - Early stopping triggered after 5 epochs
2025-01-04 03:13:41,560 - INFO - Training fold 4/5
2025-01-04 03:13:41,738 - INFO - Epoch 1/20
2025-01-04 03:14:28,900 - INFO - Training metrics: {'loss': 693.8752748020734, 'rmse': 22.343945140709835, 'mae': 13.308118480457308, 'ndcg': 0.824149029365587}
2025-01-04 03:14:31,607 - INFO - Validation metrics: {'loss': 221.13465185450085, 'rmse': 11.589696772081204, 'mae': 7.805175819681652, 'ndcg': 0.40239049018318973}
2025-01-04 03:14:31,830 - INFO - Saved best model to checkpoints/best_model.pth
2025-01-04 03:14:31,831 - INFO - --------------------------------------------------
2025-01-04 03:14:31,832 - INFO - Epoch 2/20
2025-01-04 03:15:37,203 - INFO - Training metrics: {'loss': 143.06521852591572, 'rmse': 11.209311149955589, 'mae': 7.34469009638723, 'ndcg': 0.9233348219028776}
2025-01-04 03:15:41,307 - INFO - Validation metrics: {'loss': 126.7062578941459, 'rmse': 9.675971573301283, 'mae': 6.999090801068206, 'ndcg': 0.4108175612207669}
2025-01-04 03:15:41,525 - INFO - Saved best model to checkpoints/best_model.pth
2025-01-04 03:15:41,525 - INFO - --------------------------------------------------
2025-01-04 03:15:41,526 - INFO - Epoch 3/20
2025-01-04 03:16:34,518 - INFO - Training metrics: {'loss': 87.41402191293159, 'rmse': 8.877197905994185, 'mae': 6.181295131016704, 'ndcg': 0.9395553698572674}
2025-01-04 03:16:37,006 - INFO - Validation metrics: {'loss': 109.0026821278814, 'rmse': 8.535624260802322, 'mae': 6.04448765427319, 'ndcg': 0.41315683250996604}
2025-01-04 03:16:37,213 - INFO - Saved best model to checkpoints/best_model.pth
2025-01-04 03:16:37,213 - INFO - --------------------------------------------------
2025-01-04 03:16:37,214 - INFO - Epoch 4/20
2025-01-04 03:17:34,625 - INFO - Training metrics: {'loss': 62.330041731534564, 'rmse': 7.595857731260013, 'mae': 5.51424085248131, 'ndcg': 0.945940012425251}
2025-01-04 03:17:37,398 - INFO - Validation metrics: {'loss': 88.81078449363139, 'rmse': 8.183150259952535, 'mae': 5.957699498133873, 'ndcg': 0.4128569828930186}
2025-01-04 03:17:37,589 - INFO - Saved best model to checkpoints/best_model.pth
2025-01-04 03:17:37,589 - INFO - --------------------------------------------------
2025-01-04 03:17:37,589 - INFO - Epoch 5/20
2025-01-04 03:19:18,042 - INFO - Training metrics: {'loss': 51.9524566352679, 'rmse': 6.9175387010452996, 'mae': 5.115582722349787, 'ndcg': 0.9523662077882025}
2025-01-04 03:19:23,930 - INFO - Validation metrics: {'loss': 87.91443265089349, 'rmse': 8.070423052338157, 'mae': 5.82136970135703, 'ndcg': 0.4126511029343107}
2025-01-04 03:19:24,142 - INFO - Saved best model to checkpoints/best_model.pth
2025-01-04 03:19:24,143 - INFO - --------------------------------------------------
2025-01-04 03:19:24,143 - INFO - Epoch 6/20
2025-01-04 03:20:37,508 - INFO - Training metrics: {'loss': 43.99305674173299, 'rmse': 6.425296189254561, 'mae': 4.740298995871967, 'ndcg': 0.9568444478191307}
2025-01-04 03:20:39,347 - INFO - Validation metrics: {'loss': 71.50504865504023, 'rmse': 7.313188172818223, 'mae': 5.245282520464997, 'ndcg': 0.41352038685955217}
2025-01-04 03:20:39,475 - INFO - Saved best model to checkpoints/best_model.pth
2025-01-04 03:20:39,477 - INFO - --------------------------------------------------
2025-01-04 03:20:39,478 - INFO - Epoch 7/20
2025-01-04 03:21:18,685 - INFO - Training metrics: {'loss': 37.42898128458241, 'rmse': 5.919888221505917, 'mae': 4.379503441533551, 'ndcg': 0.9613752764628127}
2025-01-04 03:21:23,352 - INFO - Validation metrics: {'loss': 67.94821045861315, 'rmse': 7.242214208188046, 'mae': 5.167059695542748, 'ndcg': 0.41360223186549855}
2025-01-04 03:21:23,487 - INFO - Saved best model to checkpoints/best_model.pth
2025-01-04 03:21:23,488 - INFO - --------------------------------------------------
2025-01-04 03:21:23,488 - INFO - Epoch 8/20
2025-01-04 03:22:09,273 - INFO - Training metrics: {'loss': 33.11056671683872, 'rmse': 5.5613206845183045, 'mae': 4.042936435379672, 'ndcg': 0.9682343125654923}
2025-01-04 03:22:12,357 - INFO - Validation metrics: {'loss': 67.79595119134704, 'rmse': 7.116945911466614, 'mae': 4.8827118453694816, 'ndcg': 0.4144298443153723}
2025-01-04 03:22:12,555 - INFO - Saved best model to checkpoints/best_model.pth
2025-01-04 03:22:12,556 - INFO - --------------------------------------------------
2025-01-04 03:22:12,557 - INFO - Epoch 9/20
2025-01-04 03:23:02,668 - INFO - Training metrics: {'loss': 28.51361183767625, 'rmse': 5.167659101921626, 'mae': 3.734441288555621, 'ndcg': 0.9718365402943702}
2025-01-04 03:23:04,322 - INFO - Validation metrics: {'loss': 415.75349039106226, 'rmse': 8.266126313969142, 'mae': 5.062023084199251, 'ndcg': 0.41418730358579264}
2025-01-04 03:23:04,394 - INFO - --------------------------------------------------
2025-01-04 03:23:04,395 - INFO - Epoch 10/20
2025-01-04 03:23:55,888 - INFO - Training metrics: {'loss': 24.551026005990654, 'rmse': 4.800649237214116, 'mae': 3.4053463712390277, 'ndcg': 0.9762772326375051}
2025-01-04 03:23:59,001 - INFO - Validation metrics: {'loss': 63.61210726268256, 'rmse': 7.076476597483338, 'mae': 4.894085003013042, 'ndcg': 0.4143595579844802}
2025-01-04 03:23:59,182 - INFO - Saved best model to checkpoints/best_model.pth
2025-01-04 03:23:59,184 - INFO - --------------------------------------------------
2025-01-04 03:23:59,185 - INFO - Epoch 11/20
2025-01-04 03:25:00,757 - INFO - Training metrics: {'loss': 22.58255200621083, 'rmse': 4.567095683588289, 'mae': 3.1543325811646783, 'ndcg': 0.9813809907195994}
2025-01-04 03:25:03,857 - INFO - Validation metrics: {'loss': 519.5054892226831, 'rmse': 8.52433099031499, 'mae': 5.178442286377522, 'ndcg': 0.41472821484750777}
2025-01-04 03:25:03,946 - INFO - --------------------------------------------------
2025-01-04 03:25:03,947 - INFO - Epoch 12/20
2025-01-04 03:26:12,055 - INFO - Training metrics: {'loss': 19.552593211258767, 'rmse': 4.25568540591986, 'mae': 2.903894119604565, 'ndcg': 0.9825536847737764}
2025-01-04 03:26:15,467 - INFO - Validation metrics: {'loss': 194.69262801070712, 'rmse': 7.949548617303257, 'mae': 4.86199136954635, 'ndcg': 0.41372020475899995}
2025-01-04 03:26:15,643 - INFO - Early stopping triggered after 12 epochs
2025-01-04 03:26:15,646 - INFO - Training fold 5/5
2025-01-04 03:26:15,996 - INFO - Epoch 1/20
2025-01-04 03:27:19,511 - INFO - Training metrics: {'loss': 708.7588270606168, 'rmse': 22.59779747561388, 'mae': 13.196172184335197, 'ndcg': 0.8080398012314317}
2025-01-04 03:27:22,205 - INFO - Validation metrics: {'loss': 197.61655163978463, 'rmse': 11.657678826490976, 'mae': 8.13221596319284, 'ndcg': 0.40572969077238397}
2025-01-04 03:27:22,394 - INFO - Saved best model to checkpoints/best_model.pth
2025-01-04 03:27:22,396 - INFO - --------------------------------------------------
2025-01-04 03:27:22,397 - INFO - Epoch 2/20
2025-01-04 03:28:29,147 - INFO - Training metrics: {'loss': 139.50534394002833, 'rmse': 11.176489555601554, 'mae': 7.327349235799617, 'ndcg': 0.9220486682206058}
2025-01-04 03:28:32,448 - INFO - Validation metrics: {'loss': 303.1115029377724, 'rmse': 12.478757496424127, 'mae': 8.230719419735582, 'ndcg': 0.41284846868088}
2025-01-04 03:28:32,538 - INFO - --------------------------------------------------
2025-01-04 03:28:32,538 - INFO - Epoch 3/20
2025-01-04 03:29:35,911 - INFO - Training metrics: {'loss': 82.98358038987038, 'rmse': 8.697972652057679, 'mae': 6.132100355634056, 'ndcg': 0.9360437055436241}
2025-01-04 03:29:39,122 - INFO - Validation metrics: {'loss': 22026.20748399478, 'rmse': 24.836089591923344, 'mae': 9.140081856144008, 'ndcg': 0.4134419878916954}
2025-01-04 03:29:39,197 - INFO - Early stopping triggered after 3 epochs
2025-01-04 03:29:39,213 - INFO - Cross-validation results:
2025-01-04 03:29:39,214 - INFO - val_rmse: 15.5485
2025-01-04 03:29:39,214 - INFO - val_ndcg: 0.4121
2025-01-04 03:30:30,879 - INFO - Loading model from checkpoints/best_model.pth
2025-01-04 03:30:30,979 - INFO - Model loaded successfully
2025-01-04 03:31:36,089 - INFO - Loaded test data with 13421 samples
2025-01-04 03:31:36,343 - INFO - Prepared test dataset with 6711 samples
2025-01-04 03:31:37,195 - INFO - New best parameters found: {'dropout': 0.1, 'embedding_dim': 32, 'hidden_layers': [128, 64]} (RMSE: 59.9922)
2025-01-04 03:31:38,270 - INFO - New best parameters found: {'dropout': 0.1, 'embedding_dim': 32, 'hidden_layers': [256, 128, 64]} (RMSE: 58.2699)
2025-01-04 03:31:40,642 - INFO - New best parameters found: {'dropout': 0.1, 'embedding_dim': 64, 'hidden_layers': [128, 64]} (RMSE: 51.7486)
2025-01-04 03:31:44,812 - INFO - New best parameters found: {'dropout': 0.1, 'embedding_dim': 128, 'hidden_layers': [128, 64]} (RMSE: 51.0093)
2025-01-04 03:32:25,842 - INFO - Best parameters: {'dropout': 0.1, 'embedding_dim': 128, 'hidden_layers': [128, 64]}
2025-01-04 03:32:36,102 - INFO - 
cold_user_warm_item Metrics (n=138):
2025-01-04 03:32:36,102 - INFO - mse: 1255.9452
2025-01-04 03:32:36,102 - INFO - rmse: 35.4393
2025-01-04 03:32:36,103 - INFO - mae: 25.4445
2025-01-04 03:32:36,103 - INFO - r2: -1.0015
2025-01-04 03:32:36,103 - INFO - pred_mean: 0.6900
2025-01-04 03:32:36,103 - INFO - pred_std: 12.8016
2025-01-04 03:32:36,103 - INFO - true_mean: 23.4058
2025-01-04 03:32:36,104 - INFO - true_std: 25.0497
2025-01-04 03:32:36,616 - INFO - 
warm_user_cold_item Metrics (n=1755):
2025-01-04 03:32:36,617 - INFO - mse: 407.4568
2025-01-04 03:32:36,617 - INFO - rmse: 20.1856
2025-01-04 03:32:36,618 - INFO - mae: 11.8584
2025-01-04 03:32:36,618 - INFO - r2: -1.1614
2025-01-04 03:32:36,619 - INFO - pred_mean: 0.1928
2025-01-04 03:32:36,619 - INFO - pred_std: 12.4385
2025-01-04 03:32:36,620 - INFO - true_mean: 7.2906
2025-01-04 03:32:36,620 - INFO - true_std: 13.7302
2025-01-04 03:32:37,790 - INFO - 
cold_both Metrics (n=4108):
2025-01-04 03:32:37,791 - INFO - mse: 221.8984
2025-01-04 03:32:37,791 - INFO - rmse: 14.8963
2025-01-04 03:32:37,791 - INFO - mae: 9.5302
2025-01-04 03:32:37,791 - INFO - r2: -2.3063
2025-01-04 03:32:37,792 - INFO - pred_mean: -0.3402
2025-01-04 03:32:37,792 - INFO - pred_std: 11.8181
2025-01-04 03:32:37,792 - INFO - true_mean: 4.0962
2025-01-04 03:32:37,792 - INFO - true_std: 8.1924
2025-01-04 03:32:38,204 - INFO - 
warm_both Metrics (n=710):
2025-01-04 03:32:38,204 - INFO - mse: 27747.7402
2025-01-04 03:32:38,205 - INFO - rmse: 166.5765
2025-01-04 03:32:38,205 - INFO - mae: 136.6488
2025-01-04 03:32:38,205 - INFO - r2: -2.5419
2025-01-04 03:32:38,205 - INFO - pred_mean: -1.1831
2025-01-04 03:32:38,206 - INFO - pred_std: 23.0032
2025-01-04 03:32:38,206 - INFO - true_mean: 135.4437
2025-01-04 03:32:38,206 - INFO - true_std: 88.5102
2025-01-04 03:32:38,209 - INFO - Evaluation completed. Results saved to: metrics
2025-01-04 03:32:38,209 - INFO - 
Evaluation Summary:
2025-01-04 03:32:38,210 - INFO - Basic Metrics:
2025-01-04 03:32:38,210 - INFO - mse: 3227.5417
2025-01-04 03:32:38,210 - INFO - rmse: 56.8115
2025-01-04 03:32:38,210 - INFO - mae: 24.0144
2025-01-04 03:32:38,210 - INFO - r2: -0.2713
2025-01-04 03:32:38,210 - INFO - pred_mean: -0.3743
2025-01-04 03:32:38,211 - INFO - pred_std: 13.5919
2025-01-04 03:32:38,211 - INFO - true_mean: 19.2247
2025-01-04 03:32:38,211 - INFO - true_std: 50.3863
2025-01-04 03:32:38,211 - INFO - 
Top-K Metrics:
2025-01-04 03:32:38,211 - INFO - ndcg@10: 0.7607
2025-01-04 03:32:38,212 - INFO - precision@10: 0.8676
2025-01-04 03:32:38,212 - INFO - recall@10: 0.8676
2025-01-04 03:32:38,212 - INFO - 
Bias Analysis:
2025-01-04 03:32:38,212 - INFO - bias_range_3: -1.7771
2025-01-04 03:32:38,212 - INFO - bias_range_4: -67.0269
2025-01-04 03:32:57,174 - INFO - Loading model from checkpoints/best_model.pth
2025-01-04 03:32:57,230 - INFO - Model loaded successfully
2025-01-04 03:38:29,013 - INFO - Loading model from checkpoints/best_model.pth
2025-01-04 03:38:29,082 - INFO - Model loaded successfully
2025-01-04 03:38:29,217 - INFO - Model dimensions from state dict:
2025-01-04 03:38:29,217 - INFO - num_users: 7773
2025-01-04 03:38:29,217 - INFO - num_music: 9325
2025-01-04 03:38:29,218 - INFO - num_artists: 4482
2025-01-04 03:38:29,218 - INFO - num_genres: 12
2025-01-04 03:38:29,218 - INFO - num_numerical: 12
2025-01-04 03:38:29,365 - INFO - User ID 44d39c6e5e7b45bfc2187fb3c89be58c5a3dc6a54d2a0075402c551c14ea1459 encoded as: 2700
2025-01-04 03:46:09,369 - INFO - Using device: cpu
2025-01-04 03:46:09,488 - INFO - Training fold 1/5
2025-01-04 03:46:09,682 - INFO - Training on device: cpu
2025-01-04 03:46:10,826 - INFO - Epoch 1/20
2025-01-04 03:47:03,300 - INFO - Training metrics: {'loss': 705.4933729606213, 'rmse': 22.677628423018092, 'mae': 13.178906680755958, 'ndcg': 0.8198084038292086}
2025-01-04 03:47:05,172 - INFO - Validation metrics: {'loss': 265.9422520936425, 'rmse': 12.331354008850623, 'mae': 8.391498173528642, 'ndcg': 0.4035540356564878}
2025-01-04 03:47:05,305 - INFO - Saved best model to checkpoints/best_model.pth
2025-01-04 03:47:05,305 - INFO - --------------------------------------------------
2025-01-04 03:47:05,305 - INFO - Epoch 2/20
2025-01-04 03:48:22,552 - INFO - Training metrics: {'loss': 143.3582366077289, 'rmse': 11.246565147403668, 'mae': 7.317559792979428, 'ndcg': 0.9214924011599269}
2025-01-04 03:48:27,839 - INFO - Validation metrics: {'loss': 599.164297472541, 'rmse': 12.480587492036001, 'mae': 7.766921413478567, 'ndcg': 0.3967407426949757}
2025-01-04 03:48:27,927 - INFO - --------------------------------------------------
2025-01-04 03:48:27,927 - INFO - Epoch 3/20
2025-01-04 03:49:05,979 - INFO - Loaded test data with 13421 samples
2025-01-04 03:49:06,178 - WARNING - Error in transform: y contains previously unseen labels: '2369aefe8ec3cdae2ff0e053035aa0d7de7799ceeea788a9ba69e4b5f3a0e60d'
2025-01-04 03:49:06,178 - WARNING - Using default value 0 for 6711 items
2025-01-04 03:49:06,212 - WARNING - Error in transform: y contains previously unseen labels: 'e6cced9d64a4e37bb1e4405ed1138771698b6493b85db0b02ebea2a79aff8f7a'
2025-01-04 03:49:06,213 - WARNING - Using default value 0 for 6711 items
2025-01-04 03:49:06,226 - WARNING - Error in transform: y contains previously unseen labels: '8679e2620a355846bb4ce41155a8a4fb6dc6be5d275520f0a75552d102604694'
2025-01-04 03:49:06,226 - WARNING - Using default value 0 for 6711 items
2025-01-04 03:49:06,240 - INFO - Prepared test dataset with 6711 samples
2025-01-04 03:49:06,270 - WARNING - Error in transform: y contains previously unseen labels: '7880bd7fe5dcd28637eade8b95c42961c6c5acffa946a671aa0f01ce3a3479bc'
2025-01-04 03:49:06,271 - WARNING - Using default value 0 for 6710 items
2025-01-04 03:49:06,312 - WARNING - Error in transform: y contains previously unseen labels: 'a4bb6ad1352170fd9c7b17ed1b360aee3243d823b29eb55bd2ac3ff2c854b9ca'
2025-01-04 03:49:06,314 - WARNING - Using default value 0 for 6710 items
2025-01-04 03:49:06,335 - WARNING - Error in transform: y contains previously unseen labels: '1fe4e2aa80aa71d40f094ab985d99385bc2e713988b466184e0bbbfd5c41d469'
2025-01-04 03:49:06,341 - WARNING - Using default value 0 for 6710 items
2025-01-04 03:49:08,137 - INFO - New best parameters found: {'dropout': 0.1, 'embedding_dim': 32, 'hidden_layers': [128, 64]} (RMSE: 73.3372)
2025-01-04 03:49:09,325 - INFO - New best parameters found: {'dropout': 0.1, 'embedding_dim': 32, 'hidden_layers': [256, 128, 64]} (RMSE: 54.1071)
2025-01-04 03:49:16,272 - INFO - New best parameters found: {'dropout': 0.1, 'embedding_dim': 64, 'hidden_layers': [128, 64]} (RMSE: 51.8385)
2025-01-04 03:49:20,501 - INFO - Training metrics: {'loss': 87.07509436190708, 'rmse': 8.834686789816661, 'mae': 6.132409699378038, 'ndcg': 0.9377513008165751}
2025-01-04 03:49:23,621 - INFO - Validation metrics: {'loss': 291.8646502679853, 'rmse': 10.298486040125358, 'mae': 6.779145785943785, 'ndcg': 0.4065213820827541}
2025-01-04 03:49:23,731 - INFO - Early stopping triggered after 3 epochs
2025-01-04 03:49:26,813 - INFO - New best model from fold 1
2025-01-04 03:49:26,815 - INFO - Training fold 2/5
2025-01-04 03:49:27,050 - INFO - Training on device: cpu
2025-01-04 03:49:27,054 - INFO - Epoch 1/20
2025-01-04 03:49:31,183 - INFO - New best parameters found: {'dropout': 0.2, 'embedding_dim': 32, 'hidden_layers': [512, 256, 128]} (RMSE: 51.5806)
2025-01-04 03:50:05,736 - INFO - Best parameters: {'dropout': 0.2, 'embedding_dim': 32, 'hidden_layers': [512, 256, 128]}
2025-01-04 03:50:10,779 - WARNING - Error in transform: y contains previously unseen labels: 'a9346b0068335c634304afa5de1d51232a80966775613d8c1c5a0f6d231c8b1a'
2025-01-04 03:50:10,779 - WARNING - Using default value 0 for 16 items
2025-01-04 03:50:10,849 - WARNING - Error in transform: y contains previously unseen labels: 'f4707bd71b28e638dc2c6981e3750e0cccf4dae5b06a17457808508ab273318e'
2025-01-04 03:50:10,853 - WARNING - Using default value 0 for 16 items
2025-01-04 03:50:10,878 - WARNING - Error in transform: y contains previously unseen labels: '881485ea304d7cdb58d0b4e82119fd627889926b83689aa770c3f17ca0b2cf2f'
2025-01-04 03:50:10,878 - WARNING - Using default value 0 for 16 items
2025-01-04 03:50:10,883 - WARNING - Error in transform: y contains previously unseen labels: '447ef66324ba4e312e7d4d3d0410094cd33d0e28b041b54bdfc03e2ae715d55c'
2025-01-04 03:50:10,883 - WARNING - Using default value 0 for 16 items
2025-01-04 03:50:10,913 - WARNING - Error in transform: y contains previously unseen labels: 'b22eb34537f6f6753da6e0dc05713be0ccc35ef12dae0f6bf19b5206d373af33'
2025-01-04 03:50:10,913 - WARNING - Using default value 0 for 14 items
2025-01-04 03:50:11,001 - WARNING - Error in transform: y contains previously unseen labels: 'ec3f1e361fe23b5ec31edc081aef4c1d6e9bdd184a7b92df4b7111745fa3a164'
2025-01-04 03:50:11,001 - WARNING - Using default value 0 for 18 items
2025-01-04 03:50:11,023 - WARNING - Error in transform: y contains previously unseen labels: '80ec23c825aac146a009832998b1366db1b56a1824c3ea0692bcab2880d64572'
2025-01-04 03:50:11,024 - WARNING - Using default value 0 for 18 items
2025-01-04 03:50:11,072 - WARNING - Error in transform: y contains previously unseen labels: '363f42e8734ac53ee50524fb52fd08fd51c4bdaebb9ca2bff89fe24087aa466b'
2025-01-04 03:50:11,072 - WARNING - Using default value 0 for 12 items
2025-01-04 03:50:11,142 - WARNING - Error in transform: y contains previously unseen labels: '065aab207e6fe875caf93419bd6cfedcbb0933098c75e52a6702b75bdfe71c53'
2025-01-04 03:50:11,143 - WARNING - Using default value 0 for 12 items
2025-01-04 03:50:11,156 - WARNING - Error in transform: y contains previously unseen labels: 'ef2a28f03f6eafb0fe030794be2c6714d743f2b28e13b40d022393a0debfaa9f'
2025-01-04 03:50:11,156 - WARNING - Using default value 0 for 12 items
2025-01-04 03:50:11,174 - WARNING - Error in transform: y contains previously unseen labels: '1e3d332283bd8505facac3880c5652a61c2b143f5b691d36639e90bba19adcbe'
2025-01-04 03:50:11,175 - WARNING - Using default value 0 for 12 items
2025-01-04 03:50:11,284 - WARNING - Error in transform: y contains previously unseen labels: '63adeada6605b9c8dd505f7f351e0c3dc03c77c19a53b41879a3123a087477b1'
2025-01-04 03:50:11,285 - WARNING - Using default value 0 for 16 items
2025-01-04 03:50:11,409 - WARNING - Error in transform: y contains previously unseen labels: '8df93a86bb739d44608ed3a4cc54b698f246c32cc694422cefc2676a7ebf2f0e'
2025-01-04 03:50:11,409 - WARNING - Using default value 0 for 12 items
2025-01-04 03:50:11,449 - WARNING - Error in transform: y contains previously unseen labels: 'bcdba636ad5661c3193a9673309bbfb0ad8a4df5e338a1572796d9561e4fe297'
2025-01-04 03:50:11,449 - WARNING - Using default value 0 for 12 items
2025-01-04 03:50:11,507 - WARNING - Error in transform: y contains previously unseen labels: '8cf499a9720b5ffdf5261a41879fbe14c3c35b62f55b2abef236978ff1fbf687'
2025-01-04 03:50:11,508 - WARNING - Using default value 0 for 22 items
2025-01-04 03:50:11,523 - WARNING - Error in transform: y contains previously unseen labels: '24f5505d0b54d6cd9b8b88e4b6afb78178771231289e8e590ff83e9ab3760531'
2025-01-04 03:50:11,524 - WARNING - Using default value 0 for 22 items
2025-01-04 03:50:11,609 - WARNING - Error in transform: y contains previously unseen labels: 'df4865fca1f159162557359ef967f9502087f57527b0e030e139933e54f3061e'
2025-01-04 03:50:11,610 - WARNING - Using default value 0 for 28 items
2025-01-04 03:50:11,723 - WARNING - Error in transform: y contains previously unseen labels: 'f1de64eac803d9604ccb03ec7734b0e0eedc75ffebb091a39bf9b9397c39edf8'
2025-01-04 03:50:11,725 - WARNING - Using default value 0 for 11 items
2025-01-04 03:50:11,922 - WARNING - Error in transform: y contains previously unseen labels: '48a1a756f2d83f1dc57bbf14052b70a6f40d0fceed6662812e34903a9fe90924'
2025-01-04 03:50:11,923 - WARNING - Using default value 0 for 16 items
2025-01-04 03:50:11,980 - WARNING - Error in transform: y contains previously unseen labels: '6360659f97100b35f3dd80cd08358fb415757f07ee670a9e1d3b4ae7fa14a0cf'
2025-01-04 03:50:11,980 - WARNING - Using default value 0 for 11 items
2025-01-04 03:50:12,016 - WARNING - Error in transform: y contains previously unseen labels: '22238e9c9f4044de5e35fd6ba0074ca82c1e0a726c6e31aad1ff7a713ba81135'
2025-01-04 03:50:12,016 - WARNING - Using default value 0 for 11 items
2025-01-04 03:50:12,069 - WARNING - Error in transform: y contains previously unseen labels: '57d9aaa33d570b3362e21a0a8d25c198ad16029623c76de0ba7b5af12a2249dc'
2025-01-04 03:50:12,069 - WARNING - Using default value 0 for 10 items
2025-01-04 03:50:12,230 - WARNING - Error in transform: y contains previously unseen labels: '27c07c5ddfa9e28d81ee804e4645378dccacbc94438f716f557d611f21092c5f'
2025-01-04 03:50:12,230 - WARNING - Using default value 0 for 10 items
2025-01-04 03:50:12,326 - WARNING - Error in transform: y contains previously unseen labels: 'e8202f39fad74acd9b6d38a6038da9e8682e857bbdb977cf7b913963bfa2b393'
2025-01-04 03:50:12,327 - WARNING - Using default value 0 for 10 items
2025-01-04 03:50:12,385 - WARNING - Error in transform: y contains previously unseen labels: '23cd823b961b630ed4052bcb4fde5247f69eb59433c00b541abe8bde8d0bdbeb'
2025-01-04 03:50:12,385 - WARNING - Using default value 0 for 11 items
2025-01-04 03:50:12,403 - WARNING - Error in transform: y contains previously unseen labels: '22114c0386c2b7ccb303012718003ce086f21b17de7e69e5a29445829c409db3'
2025-01-04 03:50:12,404 - WARNING - Using default value 0 for 11 items
2025-01-04 03:50:12,454 - WARNING - Error in transform: y contains previously unseen labels: '6a6a93367e7d0023a00c4020a01c8e317b38bb4ce988adeb099fdb08fff5f4d0'
2025-01-04 03:50:12,455 - WARNING - Using default value 0 for 11 items
2025-01-04 03:50:12,508 - WARNING - Error in transform: y contains previously unseen labels: 'ff82f8369bf72d2b706a32e75b571ec3eb68550403147995cb858c8609837e32'
2025-01-04 03:50:12,508 - WARNING - Using default value 0 for 11 items
2025-01-04 03:50:12,547 - WARNING - Error in transform: y contains previously unseen labels: 'ae351f9a3fcd5ab533d54dc3d780b919a941229fb18d1bbed6f11a33515ea526'
2025-01-04 03:50:12,548 - WARNING - Using default value 0 for 11 items
2025-01-04 03:50:12,554 - WARNING - Error in transform: y contains previously unseen labels: 'e6190478331b9ad96a3755c04b57c019c98b47624a49e864eb024312a90ef40a'
2025-01-04 03:50:12,554 - WARNING - Using default value 0 for 11 items
2025-01-04 03:50:12,617 - WARNING - Error in transform: y contains previously unseen labels: 'd59eced1ded07f84c145592f65bdf854358e009c5cd705f5215bf18697fed103'
2025-01-04 03:50:12,617 - WARNING - Using default value 0 for 10 items
2025-01-04 03:50:12,698 - WARNING - Error in transform: y contains previously unseen labels: 'e9297a9f26942ce6d80b40dd566c86ee7ae4918109c50bdd306730ab5139e011'
2025-01-04 03:50:12,699 - WARNING - Using default value 0 for 18 items
2025-01-04 03:50:12,826 - WARNING - Error in transform: y contains previously unseen labels: '01ff77a3e2353341335866f2bfd20f41b1e7c4b932a32872c49526ba062606a5'
2025-01-04 03:50:12,827 - WARNING - Using default value 0 for 10 items
2025-01-04 03:50:13,014 - WARNING - Error in transform: y contains previously unseen labels: '0663ba1a18227e9b2b3260379dcd706b0047e88eca8eab005685ac56db94ca9a'
2025-01-04 03:50:13,015 - WARNING - Using default value 0 for 10 items
2025-01-04 03:50:13,123 - WARNING - Error in transform: y contains previously unseen labels: '117019447c8cafa16c8c15c79e694a1b2e99bd3adc86a9121856b3fc810879f3'
2025-01-04 03:50:13,124 - WARNING - Using default value 0 for 18 items
2025-01-04 03:50:13,196 - WARNING - Error in transform: y contains previously unseen labels: '2086aa95003f19c850a91e79dacf1834298f6b931bf6507d56455564d72c8e44'
2025-01-04 03:50:13,197 - WARNING - Using default value 0 for 11 items
2025-01-04 03:50:13,368 - WARNING - Error in transform: y contains previously unseen labels: '52d77984d95c7488ca0352141692368c1a2e1cc2fcd54dac736c6d77aa6dd46f'
2025-01-04 03:50:13,368 - WARNING - Using default value 0 for 17 items
2025-01-04 03:50:13,569 - WARNING - Error in transform: y contains previously unseen labels: 'dd5c332e8ce67a7cf955e8605f10e14fa9e70bf8f3ba284a195d42be74c25a63'
2025-01-04 03:50:13,569 - WARNING - Using default value 0 for 14 items
2025-01-04 03:50:13,583 - WARNING - Error in transform: y contains previously unseen labels: '48374b70c52dd314e34b7d425267fb9e44b3592b41c4ee933cba0041a3f7c607'
2025-01-04 03:50:13,584 - WARNING - Using default value 0 for 14 items
2025-01-04 03:50:13,706 - WARNING - Error in transform: y contains previously unseen labels: 'f02f814830ccf74651c859257ce679417adac5a22196b3689f3d3e7745026221'
2025-01-04 03:50:13,707 - WARNING - Using default value 0 for 12 items
2025-01-04 03:50:13,857 - WARNING - Error in transform: y contains previously unseen labels: '37df889efd442031f8614eb1e10ddbd95909b115c2f6c8e750fe2a6b3c074f54'
2025-01-04 03:50:13,857 - WARNING - Using default value 0 for 10 items
2025-01-04 03:50:13,959 - WARNING - Error in transform: y contains previously unseen labels: '93919581b9314ddadcfe6395a9d77c3ab8e30bffc0ced00695e9d52f7de1b620'
2025-01-04 03:50:13,959 - WARNING - Using default value 0 for 16 items
2025-01-04 03:50:14,064 - WARNING - Error in transform: y contains previously unseen labels: 'd4b9aead1dd10a596542d1d8211a5021b9c3e894751d019ac64b15a55b9b69ba'
2025-01-04 03:50:14,064 - WARNING - Using default value 0 for 11 items
2025-01-04 03:50:14,354 - WARNING - Error in transform: y contains previously unseen labels: '8c8699214133b6332adc864763533eb8880c1e6f6a7787a962cd3f5ed3e72026'
2025-01-04 03:50:14,354 - WARNING - Using default value 0 for 21 items
2025-01-04 03:50:14,464 - WARNING - Error in transform: y contains previously unseen labels: 'a367613375c7fcd7402955ec5143e208948604a13765c1805450f350ba570d3d'
2025-01-04 03:50:14,464 - WARNING - Using default value 0 for 12 items
2025-01-04 03:50:14,482 - WARNING - Error in transform: y contains previously unseen labels: 'cea3d47c224ec3cfc8a0ac01a163fd9b051c1f06667246ecac96f68923fa24e5'
2025-01-04 03:50:14,482 - WARNING - Using default value 0 for 12 items
2025-01-04 03:50:15,117 - WARNING - Error in transform: y contains previously unseen labels: '8f7d517865d625743943de2e9b0e93cd7482bc12807d56b02e2920a4401740d0'
2025-01-04 03:50:15,117 - WARNING - Using default value 0 for 11 items
2025-01-04 03:50:15,973 - WARNING - Error in transform: y contains previously unseen labels: 'a69b8b1151fdda8ada08ad45b2ad9f511586c98a6ef65380bf69fb380c8c1ea6'
2025-01-04 03:50:15,973 - WARNING - Using default value 0 for 139 items
2025-01-04 03:50:16,010 - WARNING - Error in transform: y contains previously unseen labels: '1c86c1d447a7c802a07956bd5a3a72e30cde39dab08e4938bae480865c82c61c'
2025-01-04 03:50:16,011 - WARNING - Using default value 0 for 139 items
2025-01-04 03:50:16,097 - INFO - 
cold_user_warm_item Metrics (n=139):
2025-01-04 03:50:16,098 - INFO - mse: 1254.1477
2025-01-04 03:50:16,098 - INFO - rmse: 35.4139
2025-01-04 03:50:16,099 - INFO - mae: 24.8958
2025-01-04 03:50:16,099 - INFO - r2: -0.9901
2025-01-04 03:50:16,100 - INFO - pred_mean: 1.0831
2025-01-04 03:50:16,100 - INFO - pred_std: 11.0658
2025-01-04 03:50:16,100 - INFO - true_mean: 23.7338
2025-01-04 03:50:16,101 - INFO - true_std: 25.1034
2025-01-04 03:50:16,117 - WARNING - Error in transform: y contains previously unseen labels: 'f6563999cf206aa7c0113c3378785452f0950c37bf22742c5b8cf79ac3d2e2fb'
2025-01-04 03:50:16,118 - WARNING - Using default value 0 for 1751 items
2025-01-04 03:50:16,144 - WARNING - Error in transform: y contains previously unseen labels: '8fa43e84c6151a50a7d570f421c63cd1af31411a53f9295585559322b810db72'
2025-01-04 03:50:16,145 - WARNING - Using default value 0 for 1751 items
2025-01-04 03:50:16,161 - WARNING - Error in transform: y contains previously unseen labels: 'beeffb33d1dfb073ddf7eaca7a0cacfc645e9eeb138b037a8ed660d5a09f444f'
2025-01-04 03:50:16,162 - WARNING - Using default value 0 for 1751 items
2025-01-04 03:50:16,911 - INFO - 
warm_user_cold_item Metrics (n=1751):
2025-01-04 03:50:16,912 - INFO - mse: 365.7469
2025-01-04 03:50:16,912 - INFO - rmse: 19.1245
2025-01-04 03:50:16,912 - INFO - mae: 12.1065
2025-01-04 03:50:16,913 - INFO - r2: -0.9245
2025-01-04 03:50:16,913 - INFO - pred_mean: -0.9320
2025-01-04 03:50:16,914 - INFO - pred_std: 10.0939
2025-01-04 03:50:16,914 - INFO - true_mean: 7.4015
2025-01-04 03:50:16,914 - INFO - true_std: 13.7858
2025-01-04 03:50:16,948 - WARNING - Error in transform: y contains previously unseen labels: '2369aefe8ec3cdae2ff0e053035aa0d7de7799ceeea788a9ba69e4b5f3a0e60d'
2025-01-04 03:50:16,949 - WARNING - Using default value 0 for 4107 items
2025-01-04 03:50:16,965 - WARNING - Error in transform: y contains previously unseen labels: 'e6cced9d64a4e37bb1e4405ed1138771698b6493b85db0b02ebea2a79aff8f7a'
2025-01-04 03:50:16,965 - WARNING - Using default value 0 for 4107 items
2025-01-04 03:50:16,971 - WARNING - Error in transform: y contains previously unseen labels: '8679e2620a355846bb4ce41155a8a4fb6dc6be5d275520f0a75552d102604694'
2025-01-04 03:50:16,971 - WARNING - Using default value 0 for 4107 items
2025-01-04 03:50:18,640 - INFO - 
cold_both Metrics (n=4107):
2025-01-04 03:50:18,641 - INFO - mse: 169.5804
2025-01-04 03:50:18,641 - INFO - rmse: 13.0223
2025-01-04 03:50:18,642 - INFO - mae: 8.7211
2025-01-04 03:50:18,642 - INFO - r2: -1.5553
2025-01-04 03:50:18,642 - INFO - pred_mean: -1.2563
2025-01-04 03:50:18,642 - INFO - pred_std: 8.5118
2025-01-04 03:50:18,643 - INFO - true_mean: 4.0804
2025-01-04 03:50:18,643 - INFO - true_std: 8.1464
2025-01-04 03:50:18,658 - WARNING - Error in transform: y contains previously unseen labels: 'a9346b0068335c634304afa5de1d51232a80966775613d8c1c5a0f6d231c8b1a'
2025-01-04 03:50:18,659 - WARNING - Using default value 0 for 714 items
2025-01-04 03:50:18,696 - WARNING - Error in transform: y contains previously unseen labels: '1012534ad9506d15dea1948c8de4b3f972dec6ff0532629dee293c829ccf58da'
2025-01-04 03:50:18,697 - WARNING - Using default value 0 for 714 items
2025-01-04 03:50:18,945 - INFO - 
warm_both Metrics (n=714):
2025-01-04 03:50:18,946 - INFO - mse: 26994.2637
2025-01-04 03:50:18,946 - INFO - rmse: 164.2993
2025-01-04 03:50:18,946 - INFO - mae: 136.5051
2025-01-04 03:50:18,946 - INFO - r2: -2.3963
2025-01-04 03:50:18,947 - INFO - pred_mean: -1.9450
2025-01-04 03:50:18,947 - INFO - pred_std: 13.8630
2025-01-04 03:50:18,947 - INFO - true_mean: 134.4538
2025-01-04 03:50:18,948 - INFO - true_std: 89.1525
2025-01-04 03:50:18,949 - INFO - Evaluation completed. Results saved to: metrics
2025-01-04 03:50:18,949 - INFO - 
Evaluation Summary:
2025-01-04 03:50:18,949 - INFO - Basic Metrics:
2025-01-04 03:50:18,950 - INFO - mse: 3079.0234
2025-01-04 03:50:18,950 - INFO - rmse: 55.4889
2025-01-04 03:50:18,950 - INFO - mae: 23.4454
2025-01-04 03:50:18,950 - INFO - r2: -0.2128
2025-01-04 03:50:18,951 - INFO - pred_mean: -1.0994
2025-01-04 03:50:18,951 - INFO - pred_std: 9.7247
2025-01-04 03:50:18,952 - INFO - true_mean: 19.2247
2025-01-04 03:50:18,952 - INFO - true_std: 50.3863
2025-01-04 03:50:18,952 - INFO - 
Top-K Metrics:
2025-01-04 03:50:18,952 - INFO - ndcg@10: 0.7665
2025-01-04 03:50:18,952 - INFO - precision@10: 0.8794
2025-01-04 03:50:18,953 - INFO - recall@10: 0.8794
2025-01-04 03:50:18,953 - INFO - 
Bias Analysis:
2025-01-04 03:50:18,953 - INFO - bias_range_3: -2.6668
2025-01-04 03:50:18,953 - INFO - bias_range_4: -67.3139
2025-01-04 03:50:31,590 - INFO - Training metrics: {'loss': 758.4061784637429, 'rmse': 23.57242905650043, 'mae': 14.152986165745387, 'ndcg': 0.8045291208138354}
2025-01-04 03:50:33,403 - INFO - Validation metrics: {'loss': 189.73780101092893, 'rmse': 11.799949766308039, 'mae': 8.358986478065377, 'ndcg': 0.40621905558144866}
2025-01-04 03:50:33,548 - INFO - Saved best model to checkpoints/best_model.pth
2025-01-04 03:50:33,549 - INFO - --------------------------------------------------
2025-01-04 03:50:33,549 - INFO - Epoch 2/20
2025-01-04 03:50:44,293 - INFO - Loading model from checkpoints/best_model.pth
2025-01-04 03:50:44,355 - INFO - Model loaded successfully
2025-01-04 03:50:44,395 - INFO - Model dimensions from state dict:
2025-01-04 03:50:44,396 - INFO - num_users: 7773
2025-01-04 03:50:44,396 - INFO - num_music: 9324
2025-01-04 03:50:44,397 - INFO - num_artists: 4482
2025-01-04 03:50:44,397 - INFO - num_genres: 12
2025-01-04 03:50:44,397 - INFO - num_numerical: 12
2025-01-04 03:50:44,477 - INFO - User ID 44d39c6e5e7b45bfc2187fb3c89be58c5a3dc6a54d2a0075402c551c14ea1459 encoded as: 2700
2025-01-04 03:51:13,750 - INFO - Training metrics: {'loss': 137.11025542301238, 'rmse': 11.137397981594578, 'mae': 7.361556921368486, 'ndcg': 0.9180132217755328}
2025-01-04 03:51:15,289 - INFO - Validation metrics: {'loss': 286.2062330971903, 'rmse': 10.26184375780677, 'mae': 6.893342978918731, 'ndcg': 0.4162389481245582}
2025-01-04 03:51:15,337 - INFO - --------------------------------------------------
2025-01-04 03:51:15,337 - INFO - Epoch 3/20
2025-01-04 03:51:56,194 - INFO - Training metrics: {'loss': 80.9494658641801, 'rmse': 8.628011266066808, 'mae': 6.1052181311202105, 'ndcg': 0.9366651822891451}
2025-01-04 03:51:58,173 - INFO - Validation metrics: {'loss': 126.24478304848742, 'rmse': 9.418285897049083, 'mae': 6.652122153097125, 'ndcg': 0.4175362001604109}
2025-01-04 03:51:58,330 - INFO - Saved best model to checkpoints/best_model.pth
2025-01-04 03:51:58,331 - INFO - --------------------------------------------------
2025-01-04 03:51:58,331 - INFO - Epoch 4/20
2025-01-04 03:53:04,691 - INFO - Training metrics: {'loss': 59.483063643685554, 'rmse': 7.451798988249531, 'mae': 5.470090973279296, 'ndcg': 0.9444075318371921}
2025-01-04 03:53:07,187 - INFO - Validation metrics: {'loss': 72.37630074344465, 'rmse': 7.429664151607237, 'mae': 5.5424893528667845, 'ndcg': 0.4189709800392834}
2025-01-04 03:53:07,394 - INFO - Saved best model to checkpoints/best_model.pth
2025-01-04 03:53:07,395 - INFO - --------------------------------------------------
2025-01-04 03:53:07,395 - INFO - Epoch 5/20
2025-01-04 03:53:50,277 - INFO - Training metrics: {'loss': 49.201812336745775, 'rmse': 6.79454040519388, 'mae': 5.060453226354427, 'ndcg': 0.952008526257564}
2025-01-04 03:53:54,849 - INFO - Validation metrics: {'loss': 105.93298020718703, 'rmse': 7.811284724731222, 'mae': 5.450220261758833, 'ndcg': 0.41809268602684363}
2025-01-04 03:53:54,928 - INFO - --------------------------------------------------
2025-01-04 03:53:54,929 - INFO - Epoch 6/20
2025-01-04 03:54:30,988 - INFO - Training metrics: {'loss': 40.73386340750252, 'rmse': 6.216682339314853, 'mae': 4.641178916691843, 'ndcg': 0.9566528540079589}
2025-01-04 03:54:32,642 - INFO - Validation metrics: {'loss': 68.99501527672383, 'rmse': 7.234610161155094, 'mae': 5.348870352132996, 'ndcg': 0.4199563908932814}
2025-01-04 03:54:32,778 - INFO - Saved best model to checkpoints/best_model.pth
2025-01-04 03:54:32,778 - INFO - --------------------------------------------------
2025-01-04 03:54:32,778 - INFO - Epoch 7/20
2025-01-04 03:55:12,216 - INFO - Training metrics: {'loss': 34.74373262902531, 'rmse': 5.737876600213858, 'mae': 4.248382784520805, 'ndcg': 0.9642133633700033}
2025-01-04 03:55:14,022 - INFO - Validation metrics: {'loss': 235.99726799495184, 'rmse': 8.919537257856366, 'mae': 5.688709040542147, 'ndcg': 0.41620578160926475}
2025-01-04 03:55:14,072 - INFO - --------------------------------------------------
2025-01-04 03:55:14,073 - INFO - Epoch 8/20
2025-01-04 03:55:55,066 - INFO - Training metrics: {'loss': 30.69085391481213, 'rmse': 5.385161063570677, 'mae': 3.9134408366421964, 'ndcg': 0.9694890109036198}
2025-01-04 03:55:56,861 - INFO - Validation metrics: {'loss': 69.57223493946132, 'rmse': 7.214588789872004, 'mae': 5.1441824585644165, 'ndcg': 0.42006791385252085}
2025-01-04 03:55:56,911 - INFO - Early stopping triggered after 8 epochs
2025-01-04 03:55:58,670 - INFO - New best model from fold 2
2025-01-04 03:55:58,671 - INFO - Training fold 3/5
2025-01-04 03:55:58,801 - INFO - Training on device: cpu
2025-01-04 03:55:58,804 - INFO - Epoch 1/20
2025-01-04 03:56:35,232 - INFO - Loading model from checkpoints/best_model.pth
2025-01-04 03:56:35,289 - INFO - Model loaded successfully
2025-01-04 03:56:35,316 - INFO - Encoder class counts:
2025-01-04 03:56:35,316 - INFO - user_encoder: 9717
2025-01-04 03:56:35,316 - INFO - music_encoder: 9373
2025-01-04 03:56:35,316 - INFO - artist_encoder: 5059
2025-01-04 03:56:35,317 - INFO - genre_encoder: 12
2025-01-04 03:56:35,317 - INFO - Model dimensions from state dict:
2025-01-04 03:56:35,318 - INFO - num_users: 7773
2025-01-04 03:56:35,318 - INFO - num_music: 9324
2025-01-04 03:56:35,318 - INFO - num_artists: 4482
2025-01-04 03:56:35,319 - INFO - num_genres: 12
2025-01-04 03:56:35,319 - INFO - num_numerical: 12
2025-01-04 03:56:35,394 - INFO - User ID 44d39c6e5e7b45bfc2187fb3c89be58c5a3dc6a54d2a0075402c551c14ea1459 encoded as: 2700
2025-01-04 03:56:46,468 - INFO - Training metrics: {'loss': 706.1501856911441, 'rmse': 22.742331773402856, 'mae': 13.92051528264018, 'ndcg': 0.8259828706258732}
2025-01-04 03:56:52,268 - INFO - Validation metrics: {'loss': 199.9756853018234, 'rmse': 11.958828108102482, 'mae': 8.282042282019088, 'ndcg': 0.3878060644242301}
2025-01-04 03:56:52,456 - INFO - Saved best model to checkpoints/best_model.pth
2025-01-04 03:56:52,457 - INFO - --------------------------------------------------
2025-01-04 03:56:52,457 - INFO - Epoch 2/20
2025-01-04 03:57:30,875 - INFO - Training metrics: {'loss': 150.0209044242101, 'rmse': 11.593090749960119, 'mae': 7.580886709057991, 'ndcg': 0.9194074850571164}
2025-01-04 03:57:32,882 - INFO - Validation metrics: {'loss': 108.31689842565736, 'rmse': 9.175513001016052, 'mae': 6.592146900518617, 'ndcg': 0.3948961508807851}
2025-01-04 03:57:33,097 - INFO - Saved best model to checkpoints/best_model.pth
2025-01-04 03:57:33,097 - INFO - --------------------------------------------------
2025-01-04 03:57:33,098 - INFO - Epoch 3/20
2025-01-04 03:58:11,942 - INFO - Training metrics: {'loss': 93.26934436045983, 'rmse': 9.1742233265277, 'mae': 6.367765482011529, 'ndcg': 0.9307861506460405}
2025-01-04 03:58:13,656 - INFO - Validation metrics: {'loss': 104.55042081519738, 'rmse': 8.811094427391513, 'mae': 6.61991348408941, 'ndcg': 0.39723423052189955}
2025-01-04 03:58:13,789 - INFO - Saved best model to checkpoints/best_model.pth
2025-01-04 03:58:13,790 - INFO - --------------------------------------------------
2025-01-04 03:58:13,790 - INFO - Epoch 4/20
2025-01-04 03:59:04,678 - INFO - Training metrics: {'loss': 66.58243293705229, 'rmse': 7.833683624535842, 'mae': 5.651792570581358, 'ndcg': 0.9451329650230778}
2025-01-04 03:59:06,865 - INFO - Validation metrics: {'loss': 454.4157250176615, 'rmse': 11.152531142646662, 'mae': 6.43403929240668, 'ndcg': 0.3939070789671656}
2025-01-04 03:59:06,982 - INFO - --------------------------------------------------
2025-01-04 03:59:06,985 - INFO - Epoch 5/20
2025-01-04 03:59:51,160 - INFO - Training metrics: {'loss': 52.78873946437024, 'rmse': 7.002090583278092, 'mae': 5.200385647981001, 'ndcg': 0.950495823806039}
2025-01-04 03:59:53,105 - INFO - Validation metrics: {'loss': 158.27391404393893, 'rmse': 7.860803741906465, 'mae': 5.457390156076915, 'ndcg': 0.40096141331231416}
2025-01-04 03:59:53,176 - INFO - Early stopping triggered after 5 epochs
2025-01-04 03:59:55,057 - INFO - Training fold 4/5
2025-01-04 03:59:55,246 - INFO - Training on device: cpu
2025-01-04 03:59:55,250 - INFO - Epoch 1/20
2025-01-04 04:00:40,412 - INFO - Training metrics: {'loss': 693.3493922663056, 'rmse': 22.39233296802582, 'mae': 13.137335445740225, 'ndcg': 0.8147827904571273}
2025-01-04 04:00:44,742 - INFO - Validation metrics: {'loss': 194.1725643385702, 'rmse': 11.277227303216923, 'mae': 8.10700863297306, 'ndcg': 0.40309090987959906}
2025-01-04 04:00:44,972 - INFO - Saved best model to checkpoints/best_model.pth
2025-01-04 04:00:44,974 - INFO - --------------------------------------------------
2025-01-04 04:00:44,975 - INFO - Epoch 2/20
2025-01-04 04:01:37,762 - INFO - Training metrics: {'loss': 150.4215969729548, 'rmse': 11.53483708374188, 'mae': 7.524323462371599, 'ndcg': 0.9195014441231456}
2025-01-04 04:01:40,253 - INFO - Validation metrics: {'loss': 92.48529248308779, 'rmse': 8.593636697601069, 'mae': 6.486815276786462, 'ndcg': 0.40861177515627733}
2025-01-04 04:01:40,426 - INFO - Saved best model to checkpoints/best_model.pth
2025-01-04 04:01:40,427 - INFO - --------------------------------------------------
2025-01-04 04:01:40,429 - INFO - Epoch 3/20
2025-01-04 04:02:34,211 - INFO - Training metrics: {'loss': 84.98198152425309, 'rmse': 8.775429130685943, 'mae': 6.122811905388693, 'ndcg': 0.9374510720984272}
2025-01-04 04:02:36,653 - INFO - Validation metrics: {'loss': 161.4031962181205, 'rmse': 8.11316952288707, 'mae': 5.852721886136639, 'ndcg': 0.41244852364952883}
2025-01-04 04:02:36,726 - INFO - --------------------------------------------------
2025-01-04 04:02:36,726 - INFO - Epoch 4/20
2025-01-04 04:03:29,845 - INFO - Training metrics: {'loss': 60.457418089219225, 'rmse': 7.458528378398516, 'mae': 5.432487708405828, 'ndcg': 0.9492035960421089}
2025-01-04 04:03:31,935 - INFO - Validation metrics: {'loss': 180.15326284864057, 'rmse': 8.002277260705627, 'mae': 5.591186810251492, 'ndcg': 0.4138362373878707}
2025-01-04 04:03:32,063 - INFO - Early stopping triggered after 4 epochs
2025-01-04 04:03:34,567 - INFO - Training fold 5/5
2025-01-04 04:03:34,679 - INFO - Training on device: cpu
2025-01-04 04:03:34,682 - INFO - Epoch 1/20
2025-01-04 04:04:23,301 - INFO - Training metrics: {'loss': 689.130595629566, 'rmse': 22.529214308817576, 'mae': 13.660037974086245, 'ndcg': 0.821469237809532}
2025-01-04 04:04:24,875 - INFO - Validation metrics: {'loss': 302.85772431074685, 'rmse': 12.913320689057414, 'mae': 9.01379484632122, 'ndcg': 0.4018256061112703}
2025-01-04 04:04:25,038 - INFO - Saved best model to checkpoints/best_model.pth
2025-01-04 04:04:25,038 - INFO - --------------------------------------------------
2025-01-04 04:04:25,038 - INFO - Epoch 2/20
2025-01-04 04:05:11,119 - INFO - Training metrics: {'loss': 139.49130275660792, 'rmse': 11.162050345223506, 'mae': 7.3614010939053225, 'ndcg': 0.914775796006472}
2025-01-04 04:05:13,552 - INFO - Validation metrics: {'loss': 119.77353070671879, 'rmse': 9.302131288708653, 'mae': 6.6825726544679105, 'ndcg': 0.4135967048246469}
2025-01-04 04:05:13,742 - INFO - Saved best model to checkpoints/best_model.pth
2025-01-04 04:05:13,742 - INFO - --------------------------------------------------
2025-01-04 04:05:13,743 - INFO - Epoch 3/20
2025-01-04 04:05:54,067 - INFO - Training metrics: {'loss': 82.53027272099786, 'rmse': 8.675669285514939, 'mae': 6.076423147171624, 'ndcg': 0.9375224679964438}
2025-01-04 04:05:56,045 - INFO - Validation metrics: {'loss': 94.39702252914657, 'rmse': 8.38776286912344, 'mae': 6.144122189194409, 'ndcg': 0.414845283707576}
2025-01-04 04:05:56,260 - INFO - Saved best model to checkpoints/best_model.pth
2025-01-04 04:05:56,261 - INFO - --------------------------------------------------
2025-01-04 04:05:56,261 - INFO - Epoch 4/20
2025-01-04 04:06:38,072 - INFO - Training metrics: {'loss': 60.22444664176673, 'rmse': 7.473763672041848, 'mae': 5.479654790217348, 'ndcg': 0.9421565018210329}
2025-01-04 04:06:41,031 - INFO - Validation metrics: {'loss': 100.23079925366302, 'rmse': 8.434350762213942, 'mae': 6.115410737137296, 'ndcg': 0.41577828304091496}
2025-01-04 04:06:41,107 - INFO - --------------------------------------------------
2025-01-04 04:06:41,108 - INFO - Epoch 5/20
2025-01-04 04:07:24,708 - INFO - Training metrics: {'loss': 50.379440995630176, 'rmse': 6.840862442093647, 'mae': 5.098374373704484, 'ndcg': 0.9514495860381835}
2025-01-04 04:07:26,539 - INFO - Validation metrics: {'loss': 82.13415300597006, 'rmse': 7.6944850235179265, 'mae': 5.60187832419552, 'ndcg': 0.4157964475119292}
2025-01-04 04:07:26,757 - INFO - Saved best model to checkpoints/best_model.pth
2025-01-04 04:07:26,758 - INFO - --------------------------------------------------
2025-01-04 04:07:26,759 - INFO - Epoch 6/20
2025-01-04 04:08:22,490 - INFO - Training metrics: {'loss': 42.41448741710569, 'rmse': 6.306910312057891, 'mae': 4.721167455777203, 'ndcg': 0.9552468639409658}
2025-01-04 04:08:24,402 - INFO - Validation metrics: {'loss': 71375.0667290958, 'rmse': 40.04222182097298, 'mae': 11.110870180557024, 'ndcg': 0.41434744721028344}
2025-01-04 04:08:24,454 - INFO - --------------------------------------------------
2025-01-04 04:08:24,454 - INFO - Epoch 7/20
2025-01-04 04:09:35,996 - INFO - Training metrics: {'loss': 36.70890317166181, 'rmse': 5.871452503349609, 'mae': 4.359718320795277, 'ndcg': 0.9622232119613303}
2025-01-04 04:09:37,774 - INFO - Validation metrics: {'loss': 93.56792839107229, 'rmse': 7.749602583232453, 'mae': 5.484042556250273, 'ndcg': 0.4170750034389211}
2025-01-04 04:09:37,827 - INFO - Early stopping triggered after 7 epochs
2025-01-04 04:09:39,636 - INFO - Saved best model from fold 2 to checkpoints/best_model_cv.pth
2025-01-04 04:09:39,641 - INFO - Cross-validation results:
2025-01-04 04:09:39,641 - INFO - val_rmse: 8.2252
2025-01-04 04:09:39,641 - INFO - val_ndcg: 0.4117
2025-01-06 01:02:23,559 - INFO - Using device: cuda
2025-01-06 01:02:24,010 - INFO - CUDA Device: NVIDIA GeForce GTX 1050
2025-01-06 01:02:24,212 - INFO - Training fold 1/5
2025-01-06 01:03:55,158 - INFO - Using device: cuda
2025-01-06 01:03:55,721 - INFO - CUDA Device: NVIDIA GeForce GTX 1050
2025-01-06 01:03:55,915 - INFO - Training fold 1/5
2025-01-06 01:08:57,439 - INFO - Using device: cuda
2025-01-06 01:08:57,796 - INFO - CUDA Device: NVIDIA GeForce GTX 1050
2025-01-06 01:08:57,872 - INFO - Training fold 1/5
2025-01-06 01:11:51,227 - INFO - Using device: cuda
2025-01-06 01:11:51,604 - INFO - CUDA Device: NVIDIA GeForce GTX 1050
2025-01-06 01:11:52,080 - INFO - Training fold 1/5
2025-01-06 01:11:52,603 - INFO - Training on device: cuda
2025-01-06 01:11:52,603 - INFO - CUDA Device: NVIDIA GeForce GTX 1050
2025-01-06 01:11:52,605 - INFO - CUDA Memory Allocated: 0.00 GB
2025-01-06 01:11:57,047 - INFO - Epoch 1/20
2025-01-06 01:14:46,930 - INFO - Using device: cuda
2025-01-06 01:14:47,294 - INFO - CUDA Device: NVIDIA GeForce GTX 1050
2025-01-06 01:14:47,727 - INFO - Training fold 1/5
2025-01-06 01:14:48,253 - INFO - Training on device: cuda
2025-01-06 01:14:48,265 - INFO - CUDA Device: NVIDIA GeForce GTX 1050
2025-01-06 01:14:48,269 - INFO - CUDA Memory Allocated: 0.00 GB
2025-01-06 01:14:50,993 - INFO - Epoch 1/20
2025-01-06 01:17:10,399 - INFO - Using device: cuda
2025-01-06 01:17:10,742 - INFO - CUDA Device: NVIDIA GeForce GTX 1050
2025-01-06 01:17:11,174 - INFO - Training fold 1/5
2025-01-06 01:17:11,471 - INFO - Training on device: cuda
2025-01-06 01:17:11,471 - INFO - CUDA Device: NVIDIA GeForce GTX 1050
2025-01-06 01:17:11,472 - INFO - CUDA Memory Allocated: 0.00 GB
2025-01-06 01:17:13,806 - INFO - Epoch 1/20
2025-01-06 01:17:56,282 - INFO - Training metrics: {'loss': 677.4095717411416, 'rmse': 23.384288154155897, 'mae': 14.403268519569846, 'ndcg': 0.44389265527327854}
2025-01-06 01:18:00,941 - INFO - Validation metrics: {'loss': 644.7806268205829, 'rmse': 20.696973616178344, 'mae': 10.29565825181849, 'ndcg': 0.4812820520909393}
2025-01-06 01:18:01,214 - INFO - Saved best model to checkpoints/best_model.pth
2025-01-06 01:18:01,214 - INFO - --------------------------------------------------
2025-01-06 01:18:01,215 - INFO - Epoch 2/20
2025-01-06 01:18:37,953 - INFO - Training metrics: {'loss': 558.2921807251724, 'rmse': 20.269670593917535, 'mae': 11.646486655169843, 'ndcg': 0.47988789618088334}
2025-01-06 01:18:43,923 - INFO - Validation metrics: {'loss': 633.8388915716433, 'rmse': 20.17602918907872, 'mae': 9.392935621972178, 'ndcg': 0.4829207462276898}
2025-01-06 01:18:44,165 - INFO - Saved best model to checkpoints/best_model.pth
2025-01-06 01:18:44,166 - INFO - --------------------------------------------------
2025-01-06 01:18:44,167 - INFO - Epoch 3/20
2025-01-06 01:19:26,266 - INFO - Training metrics: {'loss': 526.7140400549945, 'rmse': 19.561546914892755, 'mae': 10.684694182639028, 'ndcg': 0.5028277294819846}
2025-01-06 01:19:31,429 - INFO - Validation metrics: {'loss': 609.0789291531432, 'rmse': 19.63581441804046, 'mae': 8.980424941754809, 'ndcg': 0.5246185821061041}
2025-01-06 01:19:31,639 - INFO - Saved best model to checkpoints/best_model.pth
2025-01-06 01:19:31,639 - INFO - --------------------------------------------------
2025-01-06 01:19:31,640 - INFO - Epoch 4/20
2025-01-06 01:20:09,665 - INFO - Training metrics: {'loss': 500.0914993473128, 'rmse': 18.78684292167629, 'mae': 10.093188136231666, 'ndcg': 0.5202828930946541}
2025-01-06 01:20:15,424 - INFO - Validation metrics: {'loss': 595.4935700659659, 'rmse': 19.282260780636847, 'mae': 8.686103811451034, 'ndcg': 0.5402331930749557}
2025-01-06 01:20:15,659 - INFO - Saved best model to checkpoints/best_model.pth
2025-01-06 01:20:15,659 - INFO - --------------------------------------------------
2025-01-06 01:20:15,660 - INFO - Epoch 5/20
2025-01-06 01:20:54,165 - INFO - Training metrics: {'loss': 487.37149562555203, 'rmse': 18.235729530596974, 'mae': 9.665897716494168, 'ndcg': 0.5420450307428837}
2025-01-06 01:21:01,442 - INFO - Validation metrics: {'loss': 581.1377223706713, 'rmse': 19.09464238357615, 'mae': 8.557805215611177, 'ndcg': 0.570442485166531}
2025-01-06 01:21:01,702 - INFO - Saved best model to checkpoints/best_model.pth
2025-01-06 01:21:01,703 - INFO - --------------------------------------------------
2025-01-06 01:21:01,703 - INFO - Epoch 6/20
2025-01-06 01:21:42,070 - INFO - Training metrics: {'loss': 447.98664633433026, 'rmse': 17.72465770842413, 'mae': 9.467784827830744, 'ndcg': 0.5678711222922977}
2025-01-06 01:21:47,395 - INFO - Validation metrics: {'loss': 557.6590894998288, 'rmse': 18.593444438683033, 'mae': 8.339851692611097, 'ndcg': 0.5962980043362168}
2025-01-06 01:21:47,877 - INFO - Saved best model to checkpoints/best_model.pth
2025-01-06 01:21:47,878 - INFO - --------------------------------------------------
2025-01-06 01:21:47,878 - INFO - Epoch 7/20
2025-01-06 01:22:24,904 - INFO - Training metrics: {'loss': 428.04870030926725, 'rmse': 17.366816038698975, 'mae': 9.103076796905667, 'ndcg': 0.5959919236746489}
2025-01-06 01:22:30,196 - INFO - Validation metrics: {'loss': 529.161103921778, 'rmse': 18.182458911727597, 'mae': 8.191491695011363, 'ndcg': 0.6136126579607234}
2025-01-06 01:22:30,432 - INFO - Saved best model to checkpoints/best_model.pth
2025-01-06 01:22:30,438 - INFO - --------------------------------------------------
2025-01-06 01:22:30,439 - INFO - Epoch 8/20
2025-01-06 01:23:18,799 - INFO - Training metrics: {'loss': 407.1938084527558, 'rmse': 16.879014068641887, 'mae': 8.880646409941654, 'ndcg': 0.6050263908052561}
2025-01-06 01:23:24,169 - INFO - Validation metrics: {'loss': 494.94725094589535, 'rmse': 17.6003997214246, 'mae': 7.996361559512568, 'ndcg': 0.6472054798813427}
2025-01-06 01:23:24,335 - INFO - Saved best model to checkpoints/best_model.pth
2025-01-06 01:23:24,335 - INFO - --------------------------------------------------
2025-01-06 01:23:24,335 - INFO - Epoch 9/20
2025-01-06 01:24:58,266 - INFO - Training metrics: {'loss': 381.1571396425659, 'rmse': 16.562822481576852, 'mae': 8.807254971242418, 'ndcg': 0.6198302077166006}
2025-01-06 01:25:04,859 - INFO - Validation metrics: {'loss': 463.70073849547146, 'rmse': 16.986273535361192, 'mae': 7.95389465490977, 'ndcg': 0.6662477623013889}
2025-01-06 01:25:05,119 - INFO - Saved best model to checkpoints/best_model.pth
2025-01-06 01:25:05,119 - INFO - --------------------------------------------------
2025-01-06 01:25:05,120 - INFO - Epoch 10/20
2025-01-06 01:26:01,758 - INFO - Training metrics: {'loss': 353.9572622869529, 'rmse': 15.779603449477579, 'mae': 8.521068166284, 'ndcg': 0.6446948886355933}
2025-01-06 01:26:07,870 - INFO - Validation metrics: {'loss': 432.2988697313795, 'rmse': 16.48197247174688, 'mae': 7.875304483899884, 'ndcg': 0.6620744259334078}
2025-01-06 01:26:08,093 - INFO - Saved best model to checkpoints/best_model.pth
2025-01-06 01:26:08,094 - INFO - --------------------------------------------------
2025-01-06 01:26:08,094 - INFO - Epoch 11/20
2025-01-06 01:26:46,221 - INFO - Training metrics: {'loss': 327.7644064426422, 'rmse': 15.47050256608235, 'mae': 8.328329677090926, 'ndcg': 0.670993998719781}
2025-01-06 01:26:51,983 - INFO - Validation metrics: {'loss': 398.9581884870342, 'rmse': 15.906906190287257, 'mae': 7.660151500327914, 'ndcg': 0.6855147793596866}
2025-01-06 01:26:52,189 - INFO - Saved best model to checkpoints/best_model.pth
2025-01-06 01:26:52,189 - INFO - --------------------------------------------------
2025-01-06 01:26:52,190 - INFO - Epoch 12/20
2025-01-06 01:27:34,351 - INFO - Training metrics: {'loss': 318.7805703855028, 'rmse': 15.063144813642339, 'mae': 8.185576424294828, 'ndcg': 0.6829672556589631}
2025-01-06 01:27:40,566 - INFO - Validation metrics: {'loss': 377.6695631064621, 'rmse': 15.663944391887208, 'mae': 7.594680636536841, 'ndcg': 0.7104188005129496}
2025-01-06 01:27:40,799 - INFO - Saved best model to checkpoints/best_model.pth
2025-01-06 01:27:40,800 - INFO - --------------------------------------------------
2025-01-06 01:27:40,800 - INFO - Epoch 13/20
2025-01-06 01:28:31,265 - INFO - Training metrics: {'loss': 297.4788686621423, 'rmse': 14.54240591886337, 'mae': 7.970023925397911, 'ndcg': 0.7048648553078666}
2025-01-06 01:28:40,413 - INFO - Validation metrics: {'loss': 347.55541698605407, 'rmse': 15.056141807010567, 'mae': 7.447392543156941, 'ndcg': 0.7258013562828887}
2025-01-06 01:28:40,977 - INFO - Saved best model to checkpoints/best_model.pth
2025-01-06 01:28:40,978 - INFO - --------------------------------------------------
2025-01-06 01:28:40,978 - INFO - Epoch 14/20
2025-01-06 01:29:35,917 - INFO - Training metrics: {'loss': 273.59536473891313, 'rmse': 14.176279522883656, 'mae': 7.835507686231651, 'ndcg': 0.7041234379159469}
2025-01-06 01:29:41,832 - INFO - Validation metrics: {'loss': 336.78637377421063, 'rmse': 14.852807669062885, 'mae': 7.328804385428335, 'ndcg': 0.7341171692983777}
2025-01-06 01:29:42,156 - INFO - Saved best model to checkpoints/best_model.pth
2025-01-06 01:29:42,156 - INFO - --------------------------------------------------
2025-01-06 01:29:42,157 - INFO - Epoch 15/20
2025-01-06 01:30:21,490 - INFO - Training metrics: {'loss': 249.30214367193335, 'rmse': 13.649511909747364, 'mae': 7.598973118791394, 'ndcg': 0.7257263629752047}
2025-01-06 01:30:26,317 - INFO - Validation metrics: {'loss': 301.3973859712189, 'rmse': 14.275982825636893, 'mae': 7.213466779858458, 'ndcg': 0.7409601328419704}
2025-01-06 01:30:26,627 - INFO - Saved best model to checkpoints/best_model.pth
2025-01-06 01:30:26,627 - INFO - --------------------------------------------------
2025-01-06 01:30:26,628 - INFO - Epoch 16/20
2025-01-06 01:31:03,970 - INFO - Training metrics: {'loss': 236.25793767442892, 'rmse': 13.19074676663549, 'mae': 7.3955850145396065, 'ndcg': 0.7332024611532688}
2025-01-06 01:31:09,480 - INFO - Validation metrics: {'loss': 277.9278086680992, 'rmse': 13.922779472236524, 'mae': 7.063141988772972, 'ndcg': 0.7379722174476174}
2025-01-06 01:31:09,854 - INFO - Saved best model to checkpoints/best_model.pth
2025-01-06 01:31:09,854 - INFO - --------------------------------------------------
2025-01-06 01:31:09,854 - INFO - Epoch 17/20
2025-01-06 01:31:48,843 - INFO - Training metrics: {'loss': 222.11967074169831, 'rmse': 12.791776641551268, 'mae': 7.200403691506853, 'ndcg': 0.7582274268509126}
2025-01-06 01:31:53,292 - INFO - Validation metrics: {'loss': 247.76820794273826, 'rmse': 13.314445025987949, 'mae': 6.9006408032249, 'ndcg': 0.74583220920142}
2025-01-06 01:31:53,565 - INFO - Saved best model to checkpoints/best_model.pth
2025-01-06 01:31:53,566 - INFO - --------------------------------------------------
2025-01-06 01:31:53,566 - INFO - Epoch 18/20
2025-01-06 01:32:29,918 - INFO - Training metrics: {'loss': 206.17851761275648, 'rmse': 12.540472388648018, 'mae': 7.0688473827698655, 'ndcg': 0.75083587976063}
2025-01-06 01:32:36,059 - INFO - Validation metrics: {'loss': 221.51432701185638, 'rmse': 12.699472202011645, 'mae': 6.66905777127135, 'ndcg': 0.7502464301445905}
2025-01-06 01:32:36,280 - INFO - Saved best model to checkpoints/best_model.pth
2025-01-06 01:32:36,280 - INFO - --------------------------------------------------
2025-01-06 01:32:36,281 - INFO - Epoch 19/20
2025-01-06 01:33:13,390 - INFO - Training metrics: {'loss': 192.67146287712396, 'rmse': 12.065766009877521, 'mae': 6.878412490381914, 'ndcg': 0.7635752417366294}
2025-01-06 01:33:17,473 - INFO - Validation metrics: {'loss': 218.9917309330959, 'rmse': 12.764446644314766, 'mae': 6.7204406845803355, 'ndcg': 0.7486120745831845}
2025-01-06 01:33:17,658 - INFO - Saved best model to checkpoints/best_model.pth
2025-01-06 01:33:17,658 - INFO - --------------------------------------------------
2025-01-06 01:33:17,658 - INFO - Epoch 20/20
2025-01-06 01:33:49,740 - INFO - Training metrics: {'loss': 185.68518435721305, 'rmse': 11.742679896400318, 'mae': 6.739858868659711, 'ndcg': 0.7682714109473369}
2025-01-06 01:33:54,255 - INFO - Validation metrics: {'loss': 191.8874932457419, 'rmse': 11.97121129153698, 'mae': 6.354153125893836, 'ndcg': 0.7563007354151969}
2025-01-06 01:33:54,487 - INFO - Saved best model to checkpoints/best_model.pth
2025-01-06 01:33:54,488 - INFO - --------------------------------------------------
2025-01-06 01:34:01,344 - INFO - New best model from fold 1
2025-01-06 01:34:01,345 - INFO - Training fold 2/5
2025-01-06 01:34:01,772 - INFO - Training on device: cuda
2025-01-06 01:34:01,772 - INFO - CUDA Device: NVIDIA GeForce GTX 1050
2025-01-06 01:34:01,773 - INFO - CUDA Memory Allocated: 0.02 GB
2025-01-06 01:34:01,790 - INFO - Epoch 1/20
2025-01-06 01:34:34,921 - INFO - Training metrics: {'loss': 934.5911708906585, 'rmse': 27.155616163532148, 'mae': 17.82803073116377, 'ndcg': 0.44000122013191384}
2025-01-06 01:34:39,280 - INFO - Validation metrics: {'loss': 543.5173717947567, 'rmse': 19.62019815807842, 'mae': 9.907781984291825, 'ndcg': 0.45609227151555176}
2025-01-06 01:34:39,432 - INFO - Saved best model to checkpoints/best_model.pth
2025-01-06 01:34:39,432 - INFO - --------------------------------------------------
2025-01-06 01:34:39,432 - INFO - Epoch 2/20
2025-01-06 01:34:54,477 - INFO - Loaded test data with 4075 samples
2025-01-06 01:34:54,705 - ERROR - Error during evaluation: [Errno 2] No such file or directory: '/home/martinson/Lhydra_rs/data_engineered_v3/rs_main_v2_refactored/checkpoints/best_model.pth'
2025-01-06 01:35:15,863 - INFO - Training metrics: {'loss': 611.6888722064448, 'rmse': 21.31451453899885, 'mae': 12.402389499486661, 'ndcg': 0.46853072218158665}
2025-01-06 01:35:21,236 - INFO - Validation metrics: {'loss': 512.4339720221127, 'rmse': 18.80694134384926, 'mae': 9.09113959938872, 'ndcg': 0.49820679513847127}
2025-01-06 01:35:21,440 - INFO - Saved best model to checkpoints/best_model.pth
2025-01-06 01:35:21,441 - INFO - --------------------------------------------------
2025-01-06 01:35:21,441 - INFO - Epoch 3/20
2025-01-06 01:35:53,419 - INFO - Training metrics: {'loss': 558.5750721202177, 'rmse': 19.788032828951373, 'mae': 10.959787062570161, 'ndcg': 0.49995676771390674}
2025-01-06 01:35:58,031 - INFO - Validation metrics: {'loss': 503.33247394187777, 'rmse': 18.477911518471956, 'mae': 8.632077111917383, 'ndcg': 0.5270411364880263}
2025-01-06 01:35:58,299 - INFO - Saved best model to checkpoints/best_model.pth
2025-01-06 01:35:58,300 - INFO - --------------------------------------------------
2025-01-06 01:35:58,300 - INFO - Epoch 4/20
2025-01-06 01:36:29,893 - INFO - Loaded test data with 4075 samples
2025-01-06 01:36:30,681 - ERROR - Error during evaluation: 'user_encoder'
2025-01-06 01:36:38,715 - INFO - Training metrics: {'loss': 533.299387885075, 'rmse': 19.15688661375092, 'mae': 10.249260792545243, 'ndcg': 0.5223091872518554}
2025-01-06 01:36:46,735 - INFO - Validation metrics: {'loss': 485.4797301946902, 'rmse': 18.11970653066433, 'mae': 8.3708962950052, 'ndcg': 0.550531215819658}
2025-01-06 01:36:47,008 - INFO - Saved best model to checkpoints/best_model.pth
2025-01-06 01:36:47,009 - INFO - --------------------------------------------------
2025-01-06 01:36:47,009 - INFO - Epoch 5/20
2025-01-06 01:37:15,801 - INFO - Training metrics: {'loss': 511.14821022632077, 'rmse': 18.480758365468866, 'mae': 9.639482311173982, 'ndcg': 0.5440736890350487}
2025-01-06 01:37:19,001 - INFO - Validation metrics: {'loss': 461.25261353511434, 'rmse': 17.69498059163827, 'mae': 8.15875597561107, 'ndcg': 0.5785777843465992}
2025-01-06 01:37:19,195 - INFO - Saved best model to checkpoints/best_model.pth
2025-01-06 01:37:19,195 - INFO - --------------------------------------------------
2025-01-06 01:37:19,195 - INFO - Epoch 6/20
2025-01-06 01:37:49,507 - INFO - Training metrics: {'loss': 485.4145100537468, 'rmse': 18.06916919130465, 'mae': 9.272345750355253, 'ndcg': 0.5774017809798905}
2025-01-06 01:37:53,509 - INFO - Validation metrics: {'loss': 450.32829409954593, 'rmse': 17.50454304068636, 'mae': 7.964001183416329, 'ndcg': 0.5851214855324989}
2025-01-06 01:37:53,765 - INFO - Saved best model to checkpoints/best_model.pth
2025-01-06 01:37:53,765 - INFO - --------------------------------------------------
2025-01-06 01:37:53,765 - INFO - Epoch 7/20
2025-01-06 01:38:20,621 - INFO - Training metrics: {'loss': 465.7997807521446, 'rmse': 17.605000660750317, 'mae': 9.053671805297627, 'ndcg': 0.6056807509386072}
2025-01-06 01:38:26,327 - INFO - Validation metrics: {'loss': 423.399778917724, 'rmse': 16.956196691506058, 'mae': 7.804324619910297, 'ndcg': 0.606236694782388}
2025-01-06 01:38:26,439 - INFO - Saved best model to checkpoints/best_model.pth
2025-01-06 01:38:26,439 - INFO - --------------------------------------------------
2025-01-06 01:38:26,440 - INFO - Epoch 8/20
2025-01-06 01:38:55,454 - INFO - Training metrics: {'loss': 439.871856137818, 'rmse': 17.275234980652602, 'mae': 8.928505629301071, 'ndcg': 0.6121476928466091}
2025-01-06 01:38:59,565 - INFO - Validation metrics: {'loss': 404.20443101022755, 'rmse': 16.740636334294503, 'mae': 7.850320549572215, 'ndcg': 0.6182363331317902}
2025-01-06 01:38:59,734 - INFO - Saved best model to checkpoints/best_model.pth
2025-01-06 01:38:59,735 - INFO - --------------------------------------------------
2025-01-06 01:38:59,735 - INFO - Epoch 9/20
2025-01-06 01:39:23,872 - INFO - Training metrics: {'loss': 404.9235516155467, 'rmse': 16.6180473772375, 'mae': 8.591242459474826, 'ndcg': 0.6338780169539592}
2025-01-06 01:39:27,282 - INFO - Validation metrics: {'loss': 355.7121337254842, 'rmse': 15.761845903938019, 'mae': 7.614777794071272, 'ndcg': 0.6382396761693206}
2025-01-06 01:39:27,468 - INFO - Saved best model to checkpoints/best_model.pth
2025-01-06 01:39:27,468 - INFO - --------------------------------------------------
2025-01-06 01:39:27,468 - INFO - Epoch 10/20
2025-01-06 01:39:58,093 - INFO - Training metrics: {'loss': 374.5492052143695, 'rmse': 16.07300211058989, 'mae': 8.46859697150249, 'ndcg': 0.6550131582235005}
2025-01-06 01:40:01,834 - INFO - Validation metrics: {'loss': 341.437523430469, 'rmse': 15.4318377816949, 'mae': 7.429503085566502, 'ndcg': 0.655488517646696}
2025-01-06 01:40:02,103 - INFO - Saved best model to checkpoints/best_model.pth
2025-01-06 01:40:02,104 - INFO - --------------------------------------------------
2025-01-06 01:40:02,104 - INFO - Epoch 11/20
2025-01-06 01:40:34,998 - INFO - Training metrics: {'loss': 341.4554698794496, 'rmse': 15.448621048715536, 'mae': 8.162262501669865, 'ndcg': 0.6738142659705059}
2025-01-06 01:40:38,763 - INFO - Validation metrics: {'loss': 325.9227688733269, 'rmse': 15.139037831006831, 'mae': 7.400213234564838, 'ndcg': 0.6698424649589202}
2025-01-06 01:40:38,970 - INFO - Saved best model to checkpoints/best_model.pth
2025-01-06 01:40:38,970 - INFO - --------------------------------------------------
2025-01-06 01:40:38,970 - INFO - Epoch 12/20
2025-01-06 01:41:11,241 - INFO - Training metrics: {'loss': 305.6778501435822, 'rmse': 14.632259723226998, 'mae': 7.861599341911428, 'ndcg': 0.6995409936370218}
2025-01-06 01:41:16,308 - INFO - Validation metrics: {'loss': 315.47352611317353, 'rmse': 14.945986977871785, 'mae': 7.334962875235314, 'ndcg': 0.6789529136582917}
2025-01-06 01:41:16,443 - INFO - Saved best model to checkpoints/best_model.pth
2025-01-06 01:41:16,444 - INFO - --------------------------------------------------
2025-01-06 01:41:16,444 - INFO - Epoch 13/20
2025-01-06 01:41:50,257 - INFO - Training metrics: {'loss': 282.592063183878, 'rmse': 14.116427456405063, 'mae': 7.652316950115503, 'ndcg': 0.7098454705567336}
2025-01-06 01:41:55,935 - INFO - Validation metrics: {'loss': 302.49782889497044, 'rmse': 14.611402069529996, 'mae': 7.188282227983661, 'ndcg': 0.6811850436177909}
2025-01-06 01:41:56,136 - INFO - Saved best model to checkpoints/best_model.pth
2025-01-06 01:41:56,137 - INFO - --------------------------------------------------
2025-01-06 01:41:56,137 - INFO - Epoch 14/20
2025-01-06 01:42:30,344 - INFO - Training metrics: {'loss': 267.6611071614658, 'rmse': 13.828069606304195, 'mae': 7.534224656282687, 'ndcg': 0.7101829550868156}
2025-01-06 01:42:36,476 - INFO - Validation metrics: {'loss': 297.69018668754427, 'rmse': 14.496225152980767, 'mae': 7.082440993365119, 'ndcg': 0.6942167431116104}
2025-01-06 01:42:37,039 - INFO - Saved best model to checkpoints/best_model.pth
2025-01-06 01:42:37,040 - INFO - --------------------------------------------------
2025-01-06 01:42:37,040 - INFO - Epoch 15/20
2025-01-06 01:43:34,469 - INFO - Training metrics: {'loss': 248.99283836402145, 'rmse': 13.24463292002113, 'mae': 7.237452450336194, 'ndcg': 0.7181706638166717}
2025-01-06 01:43:44,827 - INFO - Validation metrics: {'loss': 267.4894878537047, 'rmse': 13.734465288800308, 'mae': 6.833790283577115, 'ndcg': 0.7170710414648056}
2025-01-06 01:43:46,280 - INFO - Saved best model to checkpoints/best_model.pth
2025-01-06 01:43:46,280 - INFO - --------------------------------------------------
2025-01-06 01:43:46,281 - INFO - Epoch 16/20
2025-01-06 01:44:54,851 - INFO - Training metrics: {'loss': 233.08396023862502, 'rmse': 12.970652369562055, 'mae': 7.085461587882509, 'ndcg': 0.7351835249904909}
2025-01-06 01:45:01,523 - INFO - Validation metrics: {'loss': 255.0758128633686, 'rmse': 13.45376084719654, 'mae': 6.763894209674761, 'ndcg': 0.7216638639277103}
2025-01-06 01:45:01,838 - INFO - Saved best model to checkpoints/best_model.pth
2025-01-06 01:45:01,839 - INFO - --------------------------------------------------
2025-01-06 01:45:01,839 - INFO - Epoch 17/20
2025-01-06 01:45:49,330 - INFO - Training metrics: {'loss': 218.06629802666458, 'rmse': 12.697870294509865, 'mae': 7.003659483848834, 'ndcg': 0.7531948264907388}
2025-01-06 01:45:58,274 - INFO - Validation metrics: {'loss': 243.4623505928937, 'rmse': 13.143162640099682, 'mae': 6.68275490695355, 'ndcg': 0.7320650839338115}
2025-01-06 01:45:59,244 - INFO - Saved best model to checkpoints/best_model.pth
2025-01-06 01:45:59,247 - INFO - --------------------------------------------------
2025-01-06 01:45:59,248 - INFO - Epoch 18/20
2025-01-06 01:46:53,453 - INFO - Training metrics: {'loss': 197.75653718967064, 'rmse': 12.111133591679737, 'mae': 6.789726016568203, 'ndcg': 0.7576893622822621}
2025-01-06 01:46:59,603 - INFO - Validation metrics: {'loss': 240.35004238053864, 'rmse': 12.9126789197696, 'mae': 6.546681591108734, 'ndcg': 0.7344868969099194}
2025-01-06 01:47:00,024 - INFO - Saved best model to checkpoints/best_model.pth
2025-01-06 01:47:00,025 - INFO - --------------------------------------------------
2025-01-06 01:47:00,025 - INFO - Epoch 19/20
2025-01-06 01:47:49,340 - INFO - Training metrics: {'loss': 195.71608868767234, 'rmse': 11.958819753384082, 'mae': 6.7051841266015, 'ndcg': 0.7637431741345162}
2025-01-06 01:47:56,402 - INFO - Validation metrics: {'loss': 229.47168081881952, 'rmse': 12.72940343588811, 'mae': 6.514191622827568, 'ndcg': 0.7431445305838305}
2025-01-06 01:47:56,814 - INFO - Saved best model to checkpoints/best_model.pth
2025-01-06 01:47:56,816 - INFO - --------------------------------------------------
2025-01-06 01:47:56,817 - INFO - Epoch 20/20
2025-01-06 01:48:52,157 - INFO - Training metrics: {'loss': 186.5385788749246, 'rmse': 11.722933239166759, 'mae': 6.538150100147023, 'ndcg': 0.7693676574192211}
2025-01-06 01:48:58,472 - INFO - Validation metrics: {'loss': 218.00624091952454, 'rmse': 12.441010838213495, 'mae': 6.507473365933287, 'ndcg': 0.741693308540419}
2025-01-06 01:48:58,825 - INFO - Saved best model to checkpoints/best_model.pth
2025-01-06 01:48:58,825 - INFO - --------------------------------------------------
2025-01-06 01:49:06,517 - INFO - Training fold 3/5
2025-01-06 01:49:07,127 - INFO - Training on device: cuda
2025-01-06 01:49:07,128 - INFO - CUDA Device: NVIDIA GeForce GTX 1050
2025-01-06 01:49:07,129 - INFO - CUDA Memory Allocated: 0.02 GB
2025-01-06 01:49:07,164 - INFO - Epoch 1/20
2025-01-06 01:49:58,258 - INFO - Training metrics: {'loss': 728.4321042229147, 'rmse': 23.849703901280908, 'mae': 14.658074402341656, 'ndcg': 0.43518366419947613}
2025-01-06 01:50:05,598 - INFO - Validation metrics: {'loss': 572.162493425257, 'rmse': 20.405214646998676, 'mae': 10.80148669317657, 'ndcg': 0.45761922578893455}
2025-01-06 01:50:05,922 - INFO - Saved best model to checkpoints/best_model.pth
2025-01-06 01:50:05,922 - INFO - --------------------------------------------------
2025-01-06 01:50:05,923 - INFO - Epoch 2/20
2025-01-06 01:50:37,305 - INFO - Training metrics: {'loss': 608.3403898687924, 'rmse': 21.08304147632996, 'mae': 12.028985496829538, 'ndcg': 0.4628706944777685}
2025-01-06 01:50:40,477 - INFO - Validation metrics: {'loss': 501.7871750102324, 'rmse': 18.676253669098493, 'mae': 9.266501571617875, 'ndcg': 0.4990515678244479}
2025-01-06 01:50:40,642 - INFO - Saved best model to checkpoints/best_model.pth
2025-01-06 01:50:40,643 - INFO - --------------------------------------------------
2025-01-06 01:50:40,644 - INFO - Epoch 3/20
2025-01-06 01:51:04,414 - INFO - Training metrics: {'loss': 567.2895890778186, 'rmse': 19.91831117070098, 'mae': 11.084995582991956, 'ndcg': 0.49260339679598225}
2025-01-06 01:51:07,272 - INFO - Validation metrics: {'loss': 485.48309432759004, 'rmse': 18.17301458787643, 'mae': 8.852927114449296, 'ndcg': 0.5206973099825429}
2025-01-06 01:51:07,455 - INFO - Saved best model to checkpoints/best_model.pth
2025-01-06 01:51:07,455 - INFO - --------------------------------------------------
2025-01-06 01:51:07,455 - INFO - Epoch 4/20
2025-01-06 01:51:32,168 - INFO - Training metrics: {'loss': 543.4618246228088, 'rmse': 19.312710472119818, 'mae': 10.354665157841701, 'ndcg': 0.5114805611471335}
2025-01-06 01:51:35,658 - INFO - Validation metrics: {'loss': 475.6747938604916, 'rmse': 17.987201820053116, 'mae': 8.640369992630154, 'ndcg': 0.5357736696799597}
2025-01-06 01:51:35,846 - INFO - Saved best model to checkpoints/best_model.pth
2025-01-06 01:51:35,847 - INFO - --------------------------------------------------
2025-01-06 01:51:35,847 - INFO - Epoch 5/20
2025-01-06 01:52:00,400 - INFO - Training metrics: {'loss': 519.8910252019471, 'rmse': 19.007481680364148, 'mae': 9.951074721766453, 'ndcg': 0.5360529956353062}
2025-01-06 01:52:03,283 - INFO - Validation metrics: {'loss': 474.98274819991167, 'rmse': 17.923842600483102, 'mae': 8.585031794566735, 'ndcg': 0.5520154293261322}
2025-01-06 01:52:03,436 - INFO - Saved best model to checkpoints/best_model.pth
2025-01-06 01:52:03,436 - INFO - --------------------------------------------------
2025-01-06 01:52:03,437 - INFO - Epoch 6/20
2025-01-06 01:52:26,262 - INFO - Training metrics: {'loss': 506.3707100176344, 'rmse': 18.633755630768757, 'mae': 9.69430175482058, 'ndcg': 0.5589057024495274}
2025-01-06 01:52:28,754 - INFO - Validation metrics: {'loss': 496.0055440079932, 'rmse': 18.12292525022305, 'mae': 8.509005628380121, 'ndcg': 0.5621409848624584}
2025-01-06 01:52:28,810 - INFO - --------------------------------------------------
2025-01-06 01:52:28,810 - INFO - Epoch 7/20
2025-01-06 01:52:51,699 - INFO - Training metrics: {'loss': 488.94557170306933, 'rmse': 18.133718765362417, 'mae': 9.36564550446529, 'ndcg': 0.5761560773038689}
2025-01-06 01:52:56,335 - INFO - Validation metrics: {'loss': 445.0713505838432, 'rmse': 17.471115471288027, 'mae': 8.344720592685775, 'ndcg': 0.5651041137821534}
2025-01-06 01:52:56,534 - INFO - Saved best model to checkpoints/best_model.pth
2025-01-06 01:52:56,535 - INFO - --------------------------------------------------
2025-01-06 01:52:56,535 - INFO - Epoch 8/20
2025-01-06 01:53:21,647 - INFO - Training metrics: {'loss': 457.4204255552853, 'rmse': 17.37489404700359, 'mae': 9.080940864834131, 'ndcg': 0.6101512855612764}
2025-01-06 01:53:24,606 - INFO - Validation metrics: {'loss': 424.031904444975, 'rmse': 17.106157133716454, 'mae': 8.245694059951633, 'ndcg': 0.5983891089757284}
2025-01-06 01:53:24,752 - INFO - Saved best model to checkpoints/best_model.pth
2025-01-06 01:53:24,752 - INFO - --------------------------------------------------
2025-01-06 01:53:24,752 - INFO - Epoch 9/20
2025-01-06 01:53:50,410 - INFO - Training metrics: {'loss': 435.1762496256361, 'rmse': 17.09793367942963, 'mae': 8.912303670948626, 'ndcg': 0.6125154488299992}
2025-01-06 01:53:53,974 - INFO - Validation metrics: {'loss': 398.19770096797566, 'rmse': 16.752247602763944, 'mae': 8.051824162988101, 'ndcg': 0.6038394568889749}
2025-01-06 01:53:54,237 - INFO - Saved best model to checkpoints/best_model.pth
2025-01-06 01:53:54,238 - INFO - --------------------------------------------------
2025-01-06 01:53:54,238 - INFO - Epoch 10/20
2025-01-06 01:54:25,440 - INFO - Training metrics: {'loss': 396.012854309643, 'rmse': 16.562744107770033, 'mae': 8.698074368869557, 'ndcg': 0.6402026481707307}
2025-01-06 01:54:29,823 - INFO - Validation metrics: {'loss': 377.07161774354825, 'rmse': 16.336325982793458, 'mae': 7.9288775827370435, 'ndcg': 0.6318553516677782}
2025-01-06 01:54:30,085 - INFO - Saved best model to checkpoints/best_model.pth
2025-01-06 01:54:30,086 - INFO - --------------------------------------------------
2025-01-06 01:54:30,086 - INFO - Epoch 11/20
2025-01-06 01:55:02,700 - INFO - Training metrics: {'loss': 376.14334006870496, 'rmse': 15.773633592033553, 'mae': 8.38519107243594, 'ndcg': 0.6584738381206989}
2025-01-06 01:55:06,259 - INFO - Validation metrics: {'loss': 339.999958561916, 'rmse': 15.661319243099106, 'mae': 7.772366495693431, 'ndcg': 0.6293892401690576}
2025-01-06 01:55:06,411 - INFO - Saved best model to checkpoints/best_model.pth
2025-01-06 01:55:06,412 - INFO - --------------------------------------------------
2025-01-06 01:55:06,412 - INFO - Epoch 12/20
2025-01-06 01:55:45,884 - INFO - Training metrics: {'loss': 342.10455512533, 'rmse': 15.09655997341554, 'mae': 8.128176398137036, 'ndcg': 0.6782741446559336}
2025-01-06 01:55:51,699 - INFO - Validation metrics: {'loss': 313.35865475149717, 'rmse': 15.070650241204753, 'mae': 7.457454057300792, 'ndcg': 0.6623523492439121}
2025-01-06 01:55:51,915 - INFO - Saved best model to checkpoints/best_model.pth
2025-01-06 01:55:51,915 - INFO - --------------------------------------------------
2025-01-06 01:55:51,915 - INFO - Epoch 13/20
2025-01-06 01:56:46,683 - INFO - Training metrics: {'loss': 325.2312584998561, 'rmse': 14.917533625193514, 'mae': 8.051485223513023, 'ndcg': 0.6885672269717735}
2025-01-06 01:56:53,814 - INFO - Validation metrics: {'loss': 320.71842806946995, 'rmse': 15.154461404915834, 'mae': 7.514904929142372, 'ndcg': 0.6857503898003522}
2025-01-06 01:56:53,918 - INFO - --------------------------------------------------
2025-01-06 01:56:53,919 - INFO - Epoch 14/20
2025-01-06 01:57:30,429 - INFO - Training metrics: {'loss': 295.5979488410202, 'rmse': 14.371338131029223, 'mae': 7.818375768030391, 'ndcg': 0.6947221359347596}
2025-01-06 01:57:34,716 - INFO - Validation metrics: {'loss': 294.9528959872676, 'rmse': 14.746633587531086, 'mae': 7.424164229748296, 'ndcg': 0.6953402757644653}
2025-01-06 01:57:34,836 - INFO - Saved best model to checkpoints/best_model.pth
2025-01-06 01:57:34,837 - INFO - --------------------------------------------------
2025-01-06 01:57:34,837 - INFO - Epoch 15/20
2025-01-06 01:58:14,821 - INFO - Training metrics: {'loss': 282.5801181793213, 'rmse': 14.04357103560726, 'mae': 7.574817190567653, 'ndcg': 0.7152586461355289}
2025-01-06 01:58:18,774 - INFO - Validation metrics: {'loss': 261.09736455655565, 'rmse': 14.067601158783917, 'mae': 7.155656157755384, 'ndcg': 0.6966268615979775}
2025-01-06 01:58:19,136 - INFO - Saved best model to checkpoints/best_model.pth
2025-01-06 01:58:19,138 - INFO - --------------------------------------------------
2025-01-06 01:58:19,138 - INFO - Epoch 16/20
2025-01-06 01:59:05,357 - INFO - Training metrics: {'loss': 263.42986853216206, 'rmse': 13.566195375580353, 'mae': 7.418604832069547, 'ndcg': 0.7176277879990783}
2025-01-06 01:59:09,637 - INFO - Validation metrics: {'loss': 266.47820904675655, 'rmse': 13.997512150546912, 'mae': 7.2020009124980255, 'ndcg': 0.7265922774871191}
2025-01-06 01:59:09,704 - INFO - --------------------------------------------------
2025-01-06 01:59:09,704 - INFO - Epoch 17/20
2025-01-06 01:59:46,695 - INFO - Training metrics: {'loss': 237.04767620329764, 'rmse': 13.08777389424799, 'mae': 7.210600844200919, 'ndcg': 0.7354591790513665}
2025-01-06 01:59:51,381 - INFO - Validation metrics: {'loss': 240.48243573132683, 'rmse': 13.54926883947391, 'mae': 7.0190653800964355, 'ndcg': 0.7263613451345294}
2025-01-06 01:59:51,633 - INFO - Saved best model to checkpoints/best_model.pth
2025-01-06 01:59:51,634 - INFO - --------------------------------------------------
2025-01-06 01:59:51,634 - INFO - Epoch 18/20
2025-01-06 02:00:24,314 - INFO - Training metrics: {'loss': 230.3592061809465, 'rmse': 12.880019722791184, 'mae': 7.104169729293561, 'ndcg': 0.731340785748234}
2025-01-06 02:00:28,534 - INFO - Validation metrics: {'loss': 233.48510876823875, 'rmse': 13.338722333052278, 'mae': 6.86481125682008, 'ndcg': 0.7141111834960825}
2025-01-06 02:00:28,818 - INFO - Saved best model to checkpoints/best_model.pth
2025-01-06 02:00:28,819 - INFO - --------------------------------------------------
2025-01-06 02:00:28,819 - INFO - Epoch 19/20
2025-01-06 02:01:02,222 - INFO - Training metrics: {'loss': 211.10580894526314, 'rmse': 12.467350101152448, 'mae': 6.931815897132836, 'ndcg': 0.7537562161245767}
2025-01-06 02:01:06,254 - INFO - Validation metrics: {'loss': 223.69496012668984, 'rmse': 12.997250903631153, 'mae': 6.746947657828238, 'ndcg': 0.7369255496590745}
2025-01-06 02:01:06,455 - INFO - Saved best model to checkpoints/best_model.pth
2025-01-06 02:01:06,456 - INFO - --------------------------------------------------
2025-01-06 02:01:06,456 - INFO - Epoch 20/20
2025-01-06 02:01:53,105 - INFO - Training metrics: {'loss': 201.7800495297301, 'rmse': 12.26120882188725, 'mae': 6.833457471108904, 'ndcg': 0.7636952557254071}
2025-01-06 02:01:57,531 - INFO - Validation metrics: {'loss': 212.04095129873238, 'rmse': 12.854672505144231, 'mae': 6.864922135483985, 'ndcg': 0.7501667661994111}
2025-01-06 02:01:57,881 - INFO - Saved best model to checkpoints/best_model.pth
2025-01-06 02:01:57,893 - INFO - --------------------------------------------------
2025-01-06 02:02:02,522 - INFO - Training fold 4/5
2025-01-06 02:02:02,812 - INFO - Training on device: cuda
2025-01-06 02:02:02,813 - INFO - CUDA Device: NVIDIA GeForce GTX 1050
2025-01-06 02:02:02,813 - INFO - CUDA Memory Allocated: 0.02 GB
2025-01-06 02:02:02,831 - INFO - Epoch 1/20
2025-01-06 02:02:38,938 - INFO - Training metrics: {'loss': 730.4825250588211, 'rmse': 23.986098006453872, 'mae': 14.630228720459284, 'ndcg': 0.4208653389713636}
2025-01-06 02:02:48,834 - INFO - Validation metrics: {'loss': 589.4555451636221, 'rmse': 19.561946991917488, 'mae': 9.926711615394144, 'ndcg': 0.4458252558959465}
2025-01-06 02:02:49,283 - INFO - Saved best model to checkpoints/best_model.pth
2025-01-06 02:02:49,283 - INFO - --------------------------------------------------
2025-01-06 02:02:49,284 - INFO - Epoch 2/20
2025-01-06 02:03:29,140 - INFO - Training metrics: {'loss': 575.6992217793185, 'rmse': 20.247474620685356, 'mae': 11.29979606001985, 'ndcg': 0.45871582501293984}
2025-01-06 02:03:33,148 - INFO - Validation metrics: {'loss': 555.598541914248, 'rmse': 18.646810963928797, 'mae': 9.20900953984728, 'ndcg': 0.501255634076455}
2025-01-06 02:03:33,395 - INFO - Saved best model to checkpoints/best_model.pth
2025-01-06 02:03:33,395 - INFO - --------------------------------------------------
2025-01-06 02:03:33,396 - INFO - Epoch 3/20
2025-01-06 02:04:06,333 - INFO - Training metrics: {'loss': 545.5697705418456, 'rmse': 19.432457688958937, 'mae': 10.388867706644769, 'ndcg': 0.48886993295494835}
2025-01-06 02:04:09,761 - INFO - Validation metrics: {'loss': 547.0384101119696, 'rmse': 18.380835786841928, 'mae': 8.761232102618498, 'ndcg': 0.5372040533259803}
2025-01-06 02:04:09,999 - INFO - Saved best model to checkpoints/best_model.pth
2025-01-06 02:04:09,999 - INFO - --------------------------------------------------
2025-01-06 02:04:10,000 - INFO - Epoch 4/20
2025-01-06 02:04:39,685 - INFO - Training metrics: {'loss': 526.3241868767084, 'rmse': 18.87849636795546, 'mae': 9.942854853237376, 'ndcg': 0.5170065211314782}
2025-01-06 02:04:43,464 - INFO - Validation metrics: {'loss': 541.5215716081507, 'rmse': 18.33268028854117, 'mae': 8.633912822779488, 'ndcg': 0.5554969250863674}
2025-01-06 02:04:43,580 - INFO - Saved best model to checkpoints/best_model.pth
2025-01-06 02:04:43,580 - INFO - --------------------------------------------------
2025-01-06 02:04:43,581 - INFO - Epoch 5/20
2025-01-06 02:05:14,323 - INFO - Training metrics: {'loss': 511.91780286676743, 'rmse': 18.524124112482593, 'mae': 9.636411097704196, 'ndcg': 0.523323138317495}
2025-01-06 02:05:17,387 - INFO - Validation metrics: {'loss': 525.290161450704, 'rmse': 18.02913041639615, 'mae': 8.551358262697855, 'ndcg': 0.5595389988784697}
2025-01-06 02:05:17,536 - INFO - Saved best model to checkpoints/best_model.pth
2025-01-06 02:05:17,536 - INFO - --------------------------------------------------
2025-01-06 02:05:17,537 - INFO - Epoch 6/20
2025-01-06 02:30:24,566 - INFO - Training metrics: {'loss': 498.8892444208557, 'rmse': 18.198491046484207, 'mae': 9.320088286025852, 'ndcg': 0.5574420017427674}
2025-01-06 02:30:27,472 - INFO - Validation metrics: {'loss': 525.0449649212408, 'rmse': 17.9580875065561, 'mae': 8.362751974779016, 'ndcg': 0.583580429647483}
2025-01-06 02:30:27,626 - INFO - Saved best model to checkpoints/best_model.pth
2025-01-06 02:30:27,627 - INFO - --------------------------------------------------
2025-01-06 02:30:27,627 - INFO - Epoch 7/20
2025-01-06 02:30:54,203 - INFO - Training metrics: {'loss': 485.957465022218, 'rmse': 18.0336659540461, 'mae': 9.234444943128848, 'ndcg': 0.5834234624772388}
2025-01-06 02:30:57,028 - INFO - Validation metrics: {'loss': 495.7337115044687, 'rmse': 17.63456112020316, 'mae': 8.460135590796376, 'ndcg': 0.5755282580560329}
2025-01-06 02:30:57,408 - INFO - Saved best model to checkpoints/best_model.pth
2025-01-06 02:30:57,409 - INFO - --------------------------------------------------
2025-01-06 02:30:57,409 - INFO - Epoch 8/20
2025-01-06 02:31:18,440 - INFO - Training metrics: {'loss': 466.52931746314556, 'rmse': 17.629842511613305, 'mae': 9.136336552161797, 'ndcg': 0.6044035280196398}
2025-01-06 02:31:21,438 - INFO - Validation metrics: {'loss': 480.3206898184384, 'rmse': 17.329998663265766, 'mae': 8.241826606731788, 'ndcg': 0.6165472942532277}
2025-01-06 02:31:21,558 - INFO - Saved best model to checkpoints/best_model.pth
2025-01-06 02:31:21,558 - INFO - --------------------------------------------------
2025-01-06 02:31:21,558 - INFO - Epoch 9/20
2025-01-06 02:31:44,588 - INFO - Training metrics: {'loss': 449.79289199324216, 'rmse': 17.31268939021258, 'mae': 8.997814132886774, 'ndcg': 0.6212633836503122}
2025-01-06 02:31:47,071 - INFO - Validation metrics: {'loss': 469.69842123517805, 'rmse': 17.226933799172617, 'mae': 8.165609504662308, 'ndcg': 0.6281792067137419}
2025-01-06 02:31:47,235 - INFO - Saved best model to checkpoints/best_model.pth
2025-01-06 02:31:47,235 - INFO - --------------------------------------------------
2025-01-06 02:31:47,236 - INFO - Epoch 10/20
2025-01-06 02:32:09,625 - INFO - Training metrics: {'loss': 428.97784495821185, 'rmse': 17.091586202442773, 'mae': 8.805299945906096, 'ndcg': 0.646880416930014}
2025-01-06 02:32:12,001 - INFO - Validation metrics: {'loss': 428.43201799953687, 'rmse': 16.56117582443499, 'mae': 8.136036314216314, 'ndcg': 0.6313215406501994}
2025-01-06 02:32:12,136 - INFO - Saved best model to checkpoints/best_model.pth
2025-01-06 02:32:12,136 - INFO - --------------------------------------------------
2025-01-06 02:32:12,137 - INFO - Epoch 11/20
2025-01-06 02:32:33,434 - INFO - Training metrics: {'loss': 398.2253994520973, 'rmse': 16.394218695875782, 'mae': 8.6424888103616, 'ndcg': 0.6766593728360593}
2025-01-06 02:32:36,180 - INFO - Validation metrics: {'loss': 396.2130008772308, 'rmse': 16.02131546797649, 'mae': 7.992599309659472, 'ndcg': 0.6516870642993965}
2025-01-06 02:32:36,385 - INFO - Saved best model to checkpoints/best_model.pth
2025-01-06 02:32:36,385 - INFO - --------------------------------------------------
2025-01-06 02:32:36,386 - INFO - Epoch 12/20
2025-01-06 02:33:00,933 - INFO - Training metrics: {'loss': 374.2010750022589, 'rmse': 15.865689652900988, 'mae': 8.482561106775321, 'ndcg': 0.6929107802536558}
2025-01-06 02:33:03,374 - INFO - Validation metrics: {'loss': 366.50969473520917, 'rmse': 15.495313965929821, 'mae': 7.768952264505274, 'ndcg': 0.6604635353181877}
2025-01-06 02:33:03,539 - INFO - Saved best model to checkpoints/best_model.pth
2025-01-06 02:33:03,539 - INFO - --------------------------------------------------
2025-01-06 02:33:03,539 - INFO - Epoch 13/20
2025-01-06 02:33:25,814 - INFO - Training metrics: {'loss': 337.9264362185609, 'rmse': 15.245530908366549, 'mae': 8.32515089301502, 'ndcg': 0.6981295036042438}
2025-01-06 02:33:28,360 - INFO - Validation metrics: {'loss': 345.12089519874723, 'rmse': 15.231719430997046, 'mae': 7.708177491730335, 'ndcg': 0.6637474581891415}
2025-01-06 02:33:28,511 - INFO - Saved best model to checkpoints/best_model.pth
2025-01-06 02:33:28,511 - INFO - --------------------------------------------------
2025-01-06 02:33:28,511 - INFO - Epoch 14/20
2025-01-06 02:33:50,129 - INFO - Training metrics: {'loss': 313.7234772654141, 'rmse': 14.619166897162568, 'mae': 8.089013009094725, 'ndcg': 0.7033471552764669}
2025-01-06 02:33:53,348 - INFO - Validation metrics: {'loss': 323.24883874257404, 'rmse': 14.762219878311534, 'mae': 7.554047811265085, 'ndcg': 0.6923760760064218}
2025-01-06 02:33:53,465 - INFO - Saved best model to checkpoints/best_model.pth
2025-01-06 02:33:53,466 - INFO - --------------------------------------------------
2025-01-06 02:33:53,466 - INFO - Epoch 15/20
2025-01-06 02:34:18,373 - INFO - Training metrics: {'loss': 292.0736923872256, 'rmse': 14.179987945183054, 'mae': 7.8405568985378045, 'ndcg': 0.7187735826032711}
2025-01-06 02:34:22,366 - INFO - Validation metrics: {'loss': 313.32741615819, 'rmse': 14.523737649811586, 'mae': 7.4739208712297325, 'ndcg': 0.6821677535772324}
2025-01-06 02:34:22,599 - INFO - Saved best model to checkpoints/best_model.pth
2025-01-06 02:34:22,600 - INFO - --------------------------------------------------
2025-01-06 02:34:22,600 - INFO - Epoch 16/20
2025-01-06 02:34:47,389 - INFO - Training metrics: {'loss': 261.6762735329422, 'rmse': 13.526739496268073, 'mae': 7.557966487664802, 'ndcg': 0.7435365390105575}
2025-01-06 02:34:50,224 - INFO - Validation metrics: {'loss': 287.2118942597333, 'rmse': 14.000235830316738, 'mae': 7.315792462405036, 'ndcg': 0.6887430288628036}
2025-01-06 02:34:50,426 - INFO - Saved best model to checkpoints/best_model.pth
2025-01-06 02:34:50,427 - INFO - --------------------------------------------------
2025-01-06 02:34:50,427 - INFO - Epoch 17/20
2025-01-06 02:35:14,361 - INFO - Training metrics: {'loss': 244.38217501079336, 'rmse': 12.931578088470262, 'mae': 7.293428104297788, 'ndcg': 0.7399632050564476}
2025-01-06 02:35:16,825 - INFO - Validation metrics: {'loss': 271.828369252822, 'rmse': 13.701641856650745, 'mae': 7.235927549062991, 'ndcg': 0.7077306982348947}
2025-01-06 02:35:16,964 - INFO - Saved best model to checkpoints/best_model.pth
2025-01-06 02:35:16,965 - INFO - --------------------------------------------------
2025-01-06 02:35:16,965 - INFO - Epoch 18/20
2025-01-06 02:35:39,303 - INFO - Training metrics: {'loss': 222.94418404616562, 'rmse': 12.765798569915141, 'mae': 7.2152090879047615, 'ndcg': 0.7544917824367682}
2025-01-06 02:35:41,870 - INFO - Validation metrics: {'loss': 253.9718058904012, 'rmse': 13.19604504466855, 'mae': 6.974838612126369, 'ndcg': 0.724422469442966}
2025-01-06 02:35:42,013 - INFO - Saved best model to checkpoints/best_model.pth
2025-01-06 02:35:42,014 - INFO - --------------------------------------------------
2025-01-06 02:35:42,014 - INFO - Epoch 19/20
2025-01-06 02:36:07,931 - INFO - Training metrics: {'loss': 208.768685873817, 'rmse': 12.35708152211932, 'mae': 7.005690124105005, 'ndcg': 0.7520581046301945}
2025-01-06 02:36:10,356 - INFO - Validation metrics: {'loss': 237.38446168338552, 'rmse': 13.007785586325456, 'mae': 6.8706760967479035, 'ndcg': 0.7326762460026086}
2025-01-06 02:36:10,499 - INFO - Saved best model to checkpoints/best_model.pth
2025-01-06 02:36:10,500 - INFO - --------------------------------------------------
2025-01-06 02:36:10,500 - INFO - Epoch 20/20
2025-01-06 02:36:32,196 - INFO - Training metrics: {'loss': 201.22114323400984, 'rmse': 12.025690836062864, 'mae': 6.896599335413353, 'ndcg': 0.7582744340978417}
2025-01-06 02:36:35,773 - INFO - Validation metrics: {'loss': 224.51840956070845, 'rmse': 12.731401756792986, 'mae': 6.836540102958679, 'ndcg': 0.7372007819951749}
2025-01-06 02:36:36,074 - INFO - Saved best model to checkpoints/best_model.pth
2025-01-06 02:36:36,075 - INFO - --------------------------------------------------
2025-01-06 02:36:40,052 - INFO - Training fold 5/5
2025-01-06 02:36:40,462 - INFO - Training on device: cuda
2025-01-06 02:36:40,463 - INFO - CUDA Device: NVIDIA GeForce GTX 1050
2025-01-06 02:36:40,463 - INFO - CUDA Memory Allocated: 0.02 GB
2025-01-06 02:36:40,476 - INFO - Epoch 1/20
2025-01-06 02:37:01,868 - INFO - Training metrics: {'loss': 852.365540971943, 'rmse': 26.414862046653763, 'mae': 16.846347035146227, 'ndcg': 0.4250773782020106}
2025-01-06 02:37:04,918 - INFO - Validation metrics: {'loss': 472.01977094014484, 'rmse': 18.76320108117391, 'mae': 10.11067320318783, 'ndcg': 0.5036609641769353}
2025-01-06 02:37:05,051 - INFO - Saved best model to checkpoints/best_model.pth
2025-01-06 02:37:05,052 - INFO - --------------------------------------------------
2025-01-06 02:37:05,052 - INFO - Epoch 2/20
2025-01-06 02:37:30,381 - INFO - Training metrics: {'loss': 666.5229104546939, 'rmse': 22.66127336602769, 'mae': 13.568552643645043, 'ndcg': 0.46645230799913406}
2025-01-06 02:37:32,829 - INFO - Validation metrics: {'loss': 458.80418253879924, 'rmse': 18.157901086467646, 'mae': 9.427310041352815, 'ndcg': 0.5167695001205977}
2025-01-06 02:37:32,969 - INFO - Saved best model to checkpoints/best_model.pth
2025-01-06 02:37:32,969 - INFO - --------------------------------------------------
2025-01-06 02:37:32,969 - INFO - Epoch 3/20
2025-01-06 02:37:55,537 - INFO - Training metrics: {'loss': 602.5291412951899, 'rmse': 21.00976407425515, 'mae': 12.059176635508443, 'ndcg': 0.48403329920827176}
2025-01-06 02:37:58,206 - INFO - Validation metrics: {'loss': 427.43930603476133, 'rmse': 17.298183056268204, 'mae': 8.639867212258133, 'ndcg': 0.5407015820052109}
2025-01-06 02:37:58,341 - INFO - Saved best model to checkpoints/best_model.pth
2025-01-06 02:37:58,341 - INFO - --------------------------------------------------
2025-01-06 02:37:58,342 - INFO - Epoch 4/20
2025-01-06 02:38:19,978 - INFO - Training metrics: {'loss': 548.1441640713635, 'rmse': 20.02009844292959, 'mae': 11.186710139115652, 'ndcg': 0.5197631030836526}
2025-01-06 02:38:22,531 - INFO - Validation metrics: {'loss': 437.9534485199872, 'rmse': 17.45975606352908, 'mae': 8.608915277555877, 'ndcg': 0.5660494679183352}
2025-01-06 02:38:22,608 - INFO - --------------------------------------------------
2025-01-06 02:38:22,608 - INFO - Epoch 5/20
2025-01-06 02:38:54,291 - INFO - Training metrics: {'loss': 525.933436758378, 'rmse': 19.374330607412027, 'mae': 10.514289625719481, 'ndcg': 0.5368463762433213}
2025-01-06 02:38:57,144 - INFO - Validation metrics: {'loss': 402.5048891142303, 'rmse': 16.67090001966095, 'mae': 8.102392610381631, 'ndcg': 0.5954948895994354}
2025-01-06 02:38:57,417 - INFO - Saved best model to checkpoints/best_model.pth
2025-01-06 02:38:57,418 - INFO - --------------------------------------------------
2025-01-06 02:38:57,418 - INFO - Epoch 6/20
2025-01-06 02:39:20,185 - INFO - Training metrics: {'loss': 491.11837285640195, 'rmse': 18.516939154827487, 'mae': 10.157491527351679, 'ndcg': 0.5689668924200768}
2025-01-06 02:39:22,732 - INFO - Validation metrics: {'loss': 407.65752642762425, 'rmse': 16.618868562683137, 'mae': 8.056945749357634, 'ndcg': 0.6037326532543874}
2025-01-06 02:39:22,784 - INFO - --------------------------------------------------
2025-01-06 02:39:22,784 - INFO - Epoch 7/20
2025-01-06 02:39:46,241 - INFO - Training metrics: {'loss': 455.61828868529375, 'rmse': 17.898140226213815, 'mae': 9.529780577210818, 'ndcg': 0.5942008681595325}
2025-01-06 02:39:49,023 - INFO - Validation metrics: {'loss': 361.70648588853726, 'rmse': 15.644162401923982, 'mae': 7.643850055395388, 'ndcg': 0.6346784353840584}
2025-01-06 02:39:49,183 - INFO - Saved best model to checkpoints/best_model.pth
2025-01-06 02:39:49,184 - INFO - --------------------------------------------------
2025-01-06 02:39:49,184 - INFO - Epoch 8/20
2025-01-06 02:40:12,506 - INFO - Training metrics: {'loss': 409.6183149580862, 'rmse': 17.182389417278216, 'mae': 9.244200418977176, 'ndcg': 0.6199196506949032}
2025-01-06 02:40:15,189 - INFO - Validation metrics: {'loss': 362.9874754232519, 'rmse': 15.489026458107954, 'mae': 7.501603699197956, 'ndcg': 0.639274775251454}
2025-01-06 02:40:15,251 - INFO - --------------------------------------------------
2025-01-06 02:40:15,251 - INFO - Epoch 9/20
2025-01-06 02:40:36,669 - INFO - Training metrics: {'loss': 385.80938416836307, 'rmse': 16.591444692282025, 'mae': 8.919469323812747, 'ndcg': 0.6422352308005679}
2025-01-06 02:40:39,397 - INFO - Validation metrics: {'loss': 333.89561567119523, 'rmse': 14.925141610510902, 'mae': 7.225779629221149, 'ndcg': 0.6581436854367163}
2025-01-06 02:40:39,555 - INFO - Saved best model to checkpoints/best_model.pth
2025-01-06 02:40:39,555 - INFO - --------------------------------------------------
2025-01-06 02:40:39,556 - INFO - Epoch 10/20
2025-01-06 02:41:03,566 - INFO - Training metrics: {'loss': 354.88887920566634, 'rmse': 15.99509609749426, 'mae': 8.714402141524296, 'ndcg': 0.6608770368072916}
2025-01-06 02:41:06,076 - INFO - Validation metrics: {'loss': 313.91375703437654, 'rmse': 14.606022445030135, 'mae': 7.162068684895833, 'ndcg': 0.6665203696956822}
2025-01-06 02:41:06,240 - INFO - Saved best model to checkpoints/best_model.pth
2025-01-06 02:41:06,240 - INFO - --------------------------------------------------
2025-01-06 02:41:06,241 - INFO - Epoch 11/20
2025-01-06 02:41:30,807 - INFO - Training metrics: {'loss': 336.5707868361006, 'rmse': 15.442935441094592, 'mae': 8.40376381897459, 'ndcg': 0.6565635195915022}
2025-01-06 02:41:33,573 - INFO - Validation metrics: {'loss': 285.1773675563289, 'rmse': 13.84808794557082, 'mae': 6.878923960760528, 'ndcg': 0.677232651441705}
2025-01-06 02:41:33,731 - INFO - Saved best model to checkpoints/best_model.pth
2025-01-06 02:41:33,732 - INFO - --------------------------------------------------
2025-01-06 02:41:33,732 - INFO - Epoch 12/20
2025-01-06 02:41:59,052 - INFO - Training metrics: {'loss': 306.13246600768144, 'rmse': 14.935204199903856, 'mae': 8.158314321555343, 'ndcg': 0.6618947592363054}
2025-01-06 02:42:01,787 - INFO - Validation metrics: {'loss': 280.46907598832075, 'rmse': 13.620548895522425, 'mae': 6.7518674018336275, 'ndcg': 0.6770772571657219}
2025-01-06 02:42:01,936 - INFO - Saved best model to checkpoints/best_model.pth
2025-01-06 02:42:01,937 - INFO - --------------------------------------------------
2025-01-06 02:42:01,937 - INFO - Epoch 13/20
2025-01-06 02:42:24,939 - INFO - Training metrics: {'loss': 286.92760938756606, 'rmse': 14.41433534126138, 'mae': 7.921276402239706, 'ndcg': 0.6921992564172137}
2025-01-06 02:42:27,541 - INFO - Validation metrics: {'loss': 272.8975540048936, 'rmse': 13.449548280944407, 'mae': 6.683040752130396, 'ndcg': 0.6953819934643951}
2025-01-06 02:42:27,752 - INFO - Saved best model to checkpoints/best_model.pth
2025-01-06 02:42:27,752 - INFO - --------------------------------------------------
2025-01-06 02:42:27,753 - INFO - Epoch 14/20
2025-01-06 02:42:56,329 - INFO - Training metrics: {'loss': 253.6472835447274, 'rmse': 13.8238333973528, 'mae': 7.727239186272902, 'ndcg': 0.7106863929360521}
2025-01-06 02:43:00,309 - INFO - Validation metrics: {'loss': 239.7889491997513, 'rmse': 12.608641817295009, 'mae': 6.461679213187274, 'ndcg': 0.6990119645408556}
2025-01-06 02:43:00,472 - INFO - Saved best model to checkpoints/best_model.pth
2025-01-06 02:43:00,473 - INFO - --------------------------------------------------
2025-01-06 02:43:00,473 - INFO - Epoch 15/20
2025-01-06 02:43:30,019 - INFO - Training metrics: {'loss': 237.37702260297888, 'rmse': 13.383746753656622, 'mae': 7.496633652378531, 'ndcg': 0.7088864045400246}
2025-01-06 02:43:35,114 - INFO - Validation metrics: {'loss': 264.9067255562427, 'rmse': 13.092979931079386, 'mae': 6.523790586228464, 'ndcg': 0.7022248661401225}
2025-01-06 02:43:35,180 - INFO - --------------------------------------------------
2025-01-06 02:43:35,180 - INFO - Epoch 16/20
2025-01-06 02:44:22,939 - INFO - Training metrics: {'loss': 219.05322459632276, 'rmse': 12.942767992420954, 'mae': 7.3198496734394745, 'ndcg': 0.7220528519109768}
2025-01-06 02:44:27,658 - INFO - Validation metrics: {'loss': 234.24623490314858, 'rmse': 12.362789703240505, 'mae': 6.352644371051414, 'ndcg': 0.7096486673051235}
2025-01-06 02:44:27,881 - INFO - Saved best model to checkpoints/best_model.pth
2025-01-06 02:44:27,881 - INFO - --------------------------------------------------
2025-01-06 02:44:27,882 - INFO - Epoch 17/20
2025-01-06 02:44:42,720 - INFO - Loaded test data with 4075 samples
2025-01-06 02:44:44,072 - ERROR - Error during evaluation: Error(s) in loading state_dict for HybridMusicRecommender:
	size mismatch for genre_layer.weight: copying a param with shape torch.Size([64, 12]) from checkpoint, the shape in current model is torch.Size([64, 250]).
2025-01-06 02:45:00,546 - INFO - Training metrics: {'loss': 208.25465289751688, 'rmse': 12.545624289057113, 'mae': 7.098827300118465, 'ndcg': 0.7401341699502048}
2025-01-06 02:45:05,756 - INFO - Validation metrics: {'loss': 262.31919421401676, 'rmse': 12.980857366001635, 'mae': 6.557629636689728, 'ndcg': 0.7081789079250074}
2025-01-06 02:45:05,808 - INFO - --------------------------------------------------
2025-01-06 02:45:05,808 - INFO - Epoch 18/20
2025-01-06 02:45:39,338 - INFO - Training metrics: {'loss': 196.05718510758643, 'rmse': 12.370027921875723, 'mae': 7.019055316261217, 'ndcg': 0.7482291540021405}
2025-01-06 02:45:43,185 - INFO - Validation metrics: {'loss': 275.3106259832195, 'rmse': 13.09343212098728, 'mae': 6.465318067401063, 'ndcg': 0.7154972383788988}
2025-01-06 02:45:43,293 - INFO - Early stopping triggered after 18 epochs
2025-01-06 02:45:46,526 - INFO - Saved best model from fold 1 to checkpoints/best_model_cv.pth
2025-01-06 02:45:46,566 - INFO - Cross-validation results:
2025-01-06 02:45:46,567 - INFO - val_rmse: 12.6183
2025-01-06 02:45:46,567 - INFO - val_ndcg: 0.7402
2025-01-06 02:51:16,589 - INFO - Using device: cuda
2025-01-06 02:51:17,019 - INFO - CUDA Device: NVIDIA GeForce GTX 1050
2025-01-06 02:51:17,462 - INFO - Training fold 1/5
2025-01-06 02:51:17,681 - INFO - Training on device: cuda
2025-01-06 02:51:17,681 - INFO - CUDA Device: NVIDIA GeForce GTX 1050
2025-01-06 02:51:17,682 - INFO - CUDA Memory Allocated: 0.00 GB
2025-01-06 02:51:21,024 - INFO - Epoch 1/20
2025-01-06 02:51:54,597 - INFO - Training metrics: {'loss': 798.8243798555112, 'rmse': 25.172482776891336, 'mae': 16.047480316723096, 'ndcg': 0.4244905813213657}
2025-01-06 02:52:00,039 - INFO - Validation metrics: {'loss': 548.1191039365881, 'rmse': 18.105511377299603, 'mae': 9.53091713961433, 'ndcg': 0.49023543531988184}
2025-01-06 02:52:00,298 - INFO - Saved best model to checkpoints/best_model.pth
2025-01-06 02:52:00,301 - INFO - --------------------------------------------------
2025-01-06 02:52:00,302 - INFO - Epoch 2/20
2025-01-06 02:52:30,667 - INFO - Training metrics: {'loss': 624.5373299916586, 'rmse': 21.720744238818057, 'mae': 12.661900419814915, 'ndcg': 0.44993340260550085}
2025-01-06 02:52:34,367 - INFO - Validation metrics: {'loss': 523.8930987563788, 'rmse': 17.59929085559906, 'mae': 9.150899751513611, 'ndcg': 0.5120878361311614}
2025-01-06 02:52:34,569 - INFO - Saved best model to checkpoints/best_model.pth
2025-01-06 02:52:34,570 - INFO - --------------------------------------------------
2025-01-06 02:52:34,570 - INFO - Epoch 3/20
2025-01-06 02:53:08,622 - INFO - Training metrics: {'loss': 582.3825721273236, 'rmse': 20.473701024556828, 'mae': 11.515166945317212, 'ndcg': 0.4684051287488318}
2025-01-06 02:53:12,722 - INFO - Validation metrics: {'loss': 509.3175579893823, 'rmse': 17.064150898675422, 'mae': 8.352313876152039, 'ndcg': 0.5591784178041944}
2025-01-06 02:53:12,860 - INFO - Saved best model to checkpoints/best_model.pth
2025-01-06 02:53:12,861 - INFO - --------------------------------------------------
2025-01-06 02:53:12,861 - INFO - Epoch 4/20
2025-01-06 02:53:37,876 - INFO - Training metrics: {'loss': 550.6342680687998, 'rmse': 19.846510085107813, 'mae': 10.719701069242815, 'ndcg': 0.5065548178538972}
2025-01-06 02:53:42,723 - INFO - Validation metrics: {'loss': 487.38290840971706, 'rmse': 16.605962173838133, 'mae': 8.061783636317534, 'ndcg': 0.5808401537292144}
2025-01-06 02:53:42,938 - INFO - Saved best model to checkpoints/best_model.pth
2025-01-06 02:53:42,938 - INFO - --------------------------------------------------
2025-01-06 02:53:42,938 - INFO - Epoch 5/20
2025-01-06 02:54:09,041 - INFO - Training metrics: {'loss': 539.0463104341544, 'rmse': 19.39436012493708, 'mae': 10.276988293610367, 'ndcg': 0.5167527798855421}
2025-01-06 02:54:12,581 - INFO - Validation metrics: {'loss': 479.66105257296095, 'rmse': 16.48271347851624, 'mae': 7.935312014000089, 'ndcg': 0.5754263272472456}
2025-01-06 02:54:12,725 - INFO - Saved best model to checkpoints/best_model.pth
2025-01-06 02:54:12,725 - INFO - --------------------------------------------------
2025-01-06 02:54:12,725 - INFO - Epoch 6/20
2025-01-06 02:54:41,281 - INFO - Training metrics: {'loss': 514.5015425588571, 'rmse': 18.949002421401115, 'mae': 9.87898787797666, 'ndcg': 0.5528259171063409}
2025-01-06 02:54:44,666 - INFO - Validation metrics: {'loss': 459.19576672946704, 'rmse': 16.203379770740128, 'mae': 7.725280621472527, 'ndcg': 0.6165690344630503}
2025-01-06 02:54:44,833 - INFO - Saved best model to checkpoints/best_model.pth
2025-01-06 02:54:44,833 - INFO - --------------------------------------------------
2025-01-06 02:54:44,834 - INFO - Epoch 7/20
2025-01-06 02:55:16,567 - INFO - Training metrics: {'loss': 492.9810422261556, 'rmse': 18.4274462926946, 'mae': 9.651743680823083, 'ndcg': 0.5785946619934311}
2025-01-06 02:55:21,033 - INFO - Validation metrics: {'loss': 441.1460955283221, 'rmse': 15.97465466605068, 'mae': 7.647668286865833, 'ndcg': 0.6195243893592965}
2025-01-06 02:55:21,181 - INFO - Saved best model to checkpoints/best_model.pth
2025-01-06 02:55:21,181 - INFO - --------------------------------------------------
2025-01-06 02:55:21,181 - INFO - Epoch 8/20
2025-01-06 02:55:57,537 - INFO - Training metrics: {'loss': 468.9168622306749, 'rmse': 18.04135029747632, 'mae': 9.45578775102017, 'ndcg': 0.6074127927057299}
2025-01-06 02:56:01,744 - INFO - Validation metrics: {'loss': 417.8414148442885, 'rmse': 15.696607636762364, 'mae': 7.571137044944015, 'ndcg': 0.6122916510292128}
2025-01-06 02:56:01,891 - INFO - Saved best model to checkpoints/best_model.pth
2025-01-06 02:56:01,891 - INFO - --------------------------------------------------
2025-01-06 02:56:01,891 - INFO - Epoch 9/20
2025-01-06 02:56:32,076 - INFO - Training metrics: {'loss': 437.6594849614536, 'rmse': 17.552695106679312, 'mae': 9.156784274998833, 'ndcg': 0.6152773920775336}
2025-01-06 02:56:36,862 - INFO - Validation metrics: {'loss': 371.7592651890773, 'rmse': 15.035436563989823, 'mae': 7.443603891952365, 'ndcg': 0.635234518962748}
2025-01-06 02:56:37,087 - INFO - Saved best model to checkpoints/best_model.pth
2025-01-06 02:56:37,087 - INFO - --------------------------------------------------
2025-01-06 02:56:37,088 - INFO - Epoch 10/20
2025-01-06 02:57:03,747 - INFO - Training metrics: {'loss': 408.43141853108125, 'rmse': 16.96363445480309, 'mae': 8.943795262598524, 'ndcg': 0.6353708167797795}
2025-01-06 02:57:07,540 - INFO - Validation metrics: {'loss': 348.1157635894476, 'rmse': 14.916031263156253, 'mae': 7.331619811993019, 'ndcg': 0.6330416218615046}
2025-01-06 02:57:07,661 - INFO - Saved best model to checkpoints/best_model.pth
2025-01-06 02:57:07,661 - INFO - --------------------------------------------------
2025-01-06 02:57:07,661 - INFO - Epoch 11/20
2025-01-06 02:57:30,691 - INFO - Training metrics: {'loss': 363.73363067589554, 'rmse': 16.17095370132501, 'mae': 8.6026019272851, 'ndcg': 0.6659388050948288}
2025-01-06 02:57:34,876 - INFO - Validation metrics: {'loss': 299.03278154485366, 'rmse': 14.14844258726987, 'mae': 7.063422376034307, 'ndcg': 0.6597564553513247}
2025-01-06 02:57:35,202 - INFO - Saved best model to checkpoints/best_model.pth
2025-01-06 02:57:35,203 - INFO - --------------------------------------------------
2025-01-06 02:57:35,203 - INFO - Epoch 12/20
2025-01-06 02:58:03,846 - INFO - Training metrics: {'loss': 324.95103263387495, 'rmse': 15.402632985414359, 'mae': 8.349598744336296, 'ndcg': 0.684128954166583}
2025-01-06 02:58:08,225 - INFO - Validation metrics: {'loss': 277.1624073327756, 'rmse': 13.845747306080504, 'mae': 6.985384447901857, 'ndcg': 0.6617033545877419}
2025-01-06 02:58:08,374 - INFO - Saved best model to checkpoints/best_model.pth
2025-01-06 02:58:08,375 - INFO - --------------------------------------------------
2025-01-06 02:58:08,375 - INFO - Epoch 13/20
2025-01-06 02:58:38,466 - INFO - Training metrics: {'loss': 295.08582498513016, 'rmse': 14.669802260120484, 'mae': 8.069426980673098, 'ndcg': 0.6962362882845542}
2025-01-06 02:58:42,914 - INFO - Validation metrics: {'loss': 247.02830651227166, 'rmse': 13.199565377071622, 'mae': 6.78134638187932, 'ndcg': 0.6689158245628956}
2025-01-06 02:58:43,142 - INFO - Saved best model to checkpoints/best_model.pth
2025-01-06 02:58:43,143 - INFO - --------------------------------------------------
2025-01-06 02:58:43,143 - INFO - Epoch 14/20
2025-01-06 02:59:09,973 - INFO - Training metrics: {'loss': 267.66301262144947, 'rmse': 13.967209287084247, 'mae': 7.774546328128553, 'ndcg': 0.7244998250960135}
2025-01-06 02:59:14,530 - INFO - Validation metrics: {'loss': 231.28892055212282, 'rmse': 12.89434689857466, 'mae': 6.6824821116877535, 'ndcg': 0.6694308308994069}
2025-01-06 02:59:14,735 - INFO - Saved best model to checkpoints/best_model.pth
2025-01-06 02:59:14,736 - INFO - --------------------------------------------------
2025-01-06 02:59:14,736 - INFO - Epoch 15/20
2025-01-06 02:59:40,866 - INFO - Training metrics: {'loss': 252.71191408587438, 'rmse': 13.571628701909798, 'mae': 7.571111665052526, 'ndcg': 0.7272581252835545}
2025-01-06 02:59:45,009 - INFO - Validation metrics: {'loss': 219.97878867504645, 'rmse': 12.605905306389705, 'mae': 6.63914284285377, 'ndcg': 0.6707470551425335}
2025-01-06 02:59:45,155 - INFO - Saved best model to checkpoints/best_model.pth
2025-01-06 02:59:45,155 - INFO - --------------------------------------------------
2025-01-06 02:59:45,155 - INFO - Epoch 16/20
2025-01-06 03:00:17,989 - INFO - Training metrics: {'loss': 236.76056003570557, 'rmse': 12.91130732614409, 'mae': 7.297078559796016, 'ndcg': 0.7375646932233199}
2025-01-06 03:00:21,443 - INFO - Validation metrics: {'loss': 209.92908088833678, 'rmse': 12.342748761973066, 'mae': 6.382404163771985, 'ndcg': 0.6895047478816089}
2025-01-06 03:00:21,665 - INFO - Saved best model to checkpoints/best_model.pth
2025-01-06 03:00:21,666 - INFO - --------------------------------------------------
2025-01-06 03:00:21,667 - INFO - Epoch 17/20
2025-01-06 03:00:46,245 - INFO - Training metrics: {'loss': 228.6302001429539, 'rmse': 12.79099044989698, 'mae': 7.15153891432519, 'ndcg': 0.7425394515488662}
2025-01-06 03:00:51,475 - INFO - Validation metrics: {'loss': 209.21127291286692, 'rmse': 12.265913447201603, 'mae': 6.3665326857099345, 'ndcg': 0.6910122764461181}
2025-01-06 03:00:51,723 - INFO - Saved best model to checkpoints/best_model.pth
2025-01-06 03:00:51,723 - INFO - --------------------------------------------------
2025-01-06 03:00:51,723 - INFO - Epoch 18/20
2025-01-06 03:01:19,922 - INFO - Training metrics: {'loss': 218.73495075749415, 'rmse': 12.595626651517957, 'mae': 7.075261707983765, 'ndcg': 0.7521670210887405}
2025-01-06 03:01:23,434 - INFO - Validation metrics: {'loss': 203.02739681917078, 'rmse': 12.163062856704006, 'mae': 6.332419732037713, 'ndcg': 0.692483707093725}
2025-01-06 03:01:23,880 - INFO - Saved best model to checkpoints/best_model.pth
2025-01-06 03:01:23,881 - INFO - --------------------------------------------------
2025-01-06 03:01:23,881 - INFO - Epoch 19/20
2025-01-06 03:01:51,283 - INFO - Training metrics: {'loss': 210.14473440600378, 'rmse': 12.343040159063289, 'mae': 6.92821021641002, 'ndcg': 0.7617091292917144}
2025-01-06 03:01:54,336 - INFO - Validation metrics: {'loss': 194.42116365245744, 'rmse': 11.91399918194047, 'mae': 6.2673606194701845, 'ndcg': 0.704262978013824}
2025-01-06 03:01:54,581 - INFO - Saved best model to checkpoints/best_model.pth
2025-01-06 03:01:54,582 - INFO - --------------------------------------------------
2025-01-06 03:01:54,582 - INFO - Epoch 20/20
2025-01-06 03:02:21,090 - INFO - Training metrics: {'loss': 201.58061251920813, 'rmse': 12.05903352356305, 'mae': 6.851640398595848, 'ndcg': 0.7653007592056312}
2025-01-06 03:02:24,702 - INFO - Validation metrics: {'loss': 186.85616459566003, 'rmse': 11.764311133823481, 'mae': 6.222082458290399, 'ndcg': 0.7087306353975745}
2025-01-06 03:02:24,887 - INFO - Saved best model to checkpoints/best_model.pth
2025-01-06 03:02:24,887 - INFO - --------------------------------------------------
2025-01-06 03:02:28,958 - INFO - New best model from fold 1
2025-01-06 03:02:28,960 - INFO - Training fold 2/5
2025-01-06 03:02:29,250 - INFO - Training on device: cuda
2025-01-06 03:02:29,250 - INFO - CUDA Device: NVIDIA GeForce GTX 1050
2025-01-06 03:02:29,251 - INFO - CUDA Memory Allocated: 0.02 GB
2025-01-06 03:02:29,271 - INFO - Epoch 1/20
2025-01-06 03:03:00,123 - INFO - Training metrics: {'loss': 770.5464418822644, 'rmse': 24.54145783060489, 'mae': 15.272321800390879, 'ndcg': 0.43006480136411446}
2025-01-06 03:03:03,039 - INFO - Validation metrics: {'loss': 582.5985113779703, 'rmse': 20.110643591658235, 'mae': 10.231161711262722, 'ndcg': 0.43557776948984933}
2025-01-06 03:03:03,229 - INFO - Saved best model to checkpoints/best_model.pth
2025-01-06 03:03:03,229 - INFO - --------------------------------------------------
2025-01-06 03:03:03,229 - INFO - Epoch 2/20
2025-01-06 03:03:30,116 - INFO - Training metrics: {'loss': 622.8877130957211, 'rmse': 21.267396483643985, 'mae': 12.362164642296586, 'ndcg': 0.44267033679666473}
2025-01-06 03:03:34,175 - INFO - Validation metrics: {'loss': 554.8597606958127, 'rmse': 19.530361949376385, 'mae': 9.593078926497816, 'ndcg': 0.4566780823995085}
2025-01-06 03:03:34,423 - INFO - Saved best model to checkpoints/best_model.pth
2025-01-06 03:03:34,423 - INFO - --------------------------------------------------
2025-01-06 03:03:34,423 - INFO - Epoch 3/20
2025-01-06 03:04:03,782 - INFO - Training metrics: {'loss': 584.1787518145991, 'rmse': 20.276275624260176, 'mae': 11.396182256586412, 'ndcg': 0.47797307848711224}
2025-01-06 03:04:07,736 - INFO - Validation metrics: {'loss': 539.8818471384983, 'rmse': 19.044090877253968, 'mae': 9.057910433002547, 'ndcg': 0.4927201393772574}
2025-01-06 03:04:07,990 - INFO - Saved best model to checkpoints/best_model.pth
2025-01-06 03:04:07,990 - INFO - --------------------------------------------------
2025-01-06 03:04:07,991 - INFO - Epoch 4/20
2025-01-06 03:04:32,211 - INFO - Training metrics: {'loss': 557.2943919406217, 'rmse': 19.568298002033053, 'mae': 10.783366026831608, 'ndcg': 0.49258163123957666}
2025-01-06 03:04:35,719 - INFO - Validation metrics: {'loss': 534.198610829372, 'rmse': 18.98878833307878, 'mae': 9.046415604797064, 'ndcg': 0.5164963641003066}
2025-01-06 03:04:35,953 - INFO - Saved best model to checkpoints/best_model.pth
2025-01-06 03:04:35,954 - INFO - --------------------------------------------------
2025-01-06 03:04:35,955 - INFO - Epoch 5/20
2025-01-06 03:05:06,127 - INFO - Training metrics: {'loss': 541.9603993658926, 'rmse': 19.131115146845, 'mae': 10.280108199400061, 'ndcg': 0.5153256341376725}
2025-01-06 03:05:10,126 - INFO - Validation metrics: {'loss': 522.2081418878892, 'rmse': 18.69195878529266, 'mae': 8.890603243135939, 'ndcg': 0.532668298366023}
2025-01-06 03:05:10,258 - INFO - Saved best model to checkpoints/best_model.pth
2025-01-06 03:05:10,258 - INFO - --------------------------------------------------
2025-01-06 03:05:10,258 - INFO - Epoch 6/20
2025-01-06 03:05:36,974 - INFO - Training metrics: {'loss': 524.6018017787559, 'rmse': 18.73507265700282, 'mae': 10.071047357484407, 'ndcg': 0.5461923415389132}
2025-01-06 03:05:41,144 - INFO - Validation metrics: {'loss': 512.372195412131, 'rmse': 18.53920890008423, 'mae': 8.900407010433721, 'ndcg': 0.5495783821040509}
2025-01-06 03:05:41,416 - INFO - Saved best model to checkpoints/best_model.pth
2025-01-06 03:05:41,417 - INFO - --------------------------------------------------
2025-01-06 03:05:41,417 - INFO - Epoch 7/20
2025-01-06 03:06:09,538 - INFO - Training metrics: {'loss': 511.0679253690383, 'rmse': 18.60028065928213, 'mae': 9.881914066333398, 'ndcg': 0.5573402686848068}
2025-01-06 03:06:15,685 - INFO - Validation metrics: {'loss': 498.81927996990726, 'rmse': 18.24328381526737, 'mae': 8.595826576737796, 'ndcg': 0.5740583277508324}
2025-01-06 03:06:15,898 - INFO - Saved best model to checkpoints/best_model.pth
2025-01-06 03:06:15,898 - INFO - --------------------------------------------------
2025-01-06 03:06:15,898 - INFO - Epoch 8/20
2025-01-06 03:06:44,749 - INFO - Training metrics: {'loss': 497.29545133254106, 'rmse': 18.27108669205759, 'mae': 9.720604818241268, 'ndcg': 0.5725671804930065}
2025-01-06 03:06:47,792 - INFO - Validation metrics: {'loss': 481.99278212528606, 'rmse': 18.016699441151523, 'mae': 8.609713283239627, 'ndcg': 0.5900194444784931}
2025-01-06 03:06:47,994 - INFO - Saved best model to checkpoints/best_model.pth
2025-01-06 03:06:47,995 - INFO - --------------------------------------------------
2025-01-06 03:06:47,995 - INFO - Epoch 9/20
2025-01-06 03:07:14,607 - INFO - Training metrics: {'loss': 480.243623827018, 'rmse': 18.16514604827161, 'mae': 9.570546839751449, 'ndcg': 0.5884189553120557}
2025-01-06 03:07:19,221 - INFO - Validation metrics: {'loss': 463.38771967794383, 'rmse': 17.847238917659745, 'mae': 8.727644004073797, 'ndcg': 0.5829062816851279}
2025-01-06 03:07:19,485 - INFO - Saved best model to checkpoints/best_model.pth
2025-01-06 03:07:19,486 - INFO - --------------------------------------------------
2025-01-06 03:07:19,487 - INFO - Epoch 10/20
2025-01-06 03:07:42,830 - INFO - Training metrics: {'loss': 449.6050580623103, 'rmse': 17.61636757348965, 'mae': 9.350050840892044, 'ndcg': 0.6048582253210685}
2025-01-06 03:07:46,087 - INFO - Validation metrics: {'loss': 446.6250379973767, 'rmse': 17.562951952310865, 'mae': 8.458705299040851, 'ndcg': 0.6022478904502064}
2025-01-06 03:07:46,201 - INFO - Saved best model to checkpoints/best_model.pth
2025-01-06 03:07:46,201 - INFO - --------------------------------------------------
2025-01-06 03:07:46,202 - INFO - Epoch 11/20
2025-01-06 03:08:11,358 - INFO - Training metrics: {'loss': 428.6574981025621, 'rmse': 17.02812599409255, 'mae': 9.095829884211222, 'ndcg': 0.6284818372086567}
2025-01-06 03:08:15,104 - INFO - Validation metrics: {'loss': 424.41647176181567, 'rmse': 17.19560871670697, 'mae': 8.411111032261568, 'ndcg': 0.6107253417664883}
2025-01-06 03:08:15,315 - INFO - Saved best model to checkpoints/best_model.pth
2025-01-06 03:08:15,316 - INFO - --------------------------------------------------
2025-01-06 03:08:15,316 - INFO - Epoch 12/20
2025-01-06 03:08:41,258 - INFO - Training metrics: {'loss': 409.69792286554974, 'rmse': 16.89781641132072, 'mae': 9.045395706214157, 'ndcg': 0.6406387710286414}
2025-01-06 03:08:44,530 - INFO - Validation metrics: {'loss': 399.5142822265625, 'rmse': 16.779202723877937, 'mae': 8.272154574300728, 'ndcg': 0.6378190364031231}
2025-01-06 03:08:44,766 - INFO - Saved best model to checkpoints/best_model.pth
2025-01-06 03:08:44,766 - INFO - --------------------------------------------------
2025-01-06 03:08:44,766 - INFO - Epoch 13/20
2025-01-06 03:09:14,656 - INFO - Training metrics: {'loss': 365.4915569436316, 'rmse': 16.188398630233415, 'mae': 8.834117350625057, 'ndcg': 0.663840598481543}
2025-01-06 03:09:17,278 - INFO - Validation metrics: {'loss': 393.87836061739455, 'rmse': 16.68927055482428, 'mae': 8.146429896354675, 'ndcg': 0.6458408315392101}
2025-01-06 03:09:17,433 - INFO - Saved best model to checkpoints/best_model.pth
2025-01-06 03:09:17,434 - INFO - --------------------------------------------------
2025-01-06 03:09:17,434 - INFO - Epoch 14/20
2025-01-06 03:09:44,349 - INFO - Training metrics: {'loss': 337.7559699264227, 'rmse': 15.494051515742163, 'mae': 8.665735187483769, 'ndcg': 0.6763672851683462}
2025-01-06 03:09:46,767 - INFO - Validation metrics: {'loss': 388.40018094754686, 'rmse': 16.7222962926594, 'mae': 8.189951660586338, 'ndcg': 0.6759025745239913}
2025-01-06 03:09:46,895 - INFO - Saved best model to checkpoints/best_model.pth
2025-01-06 03:09:46,895 - INFO - --------------------------------------------------
2025-01-06 03:09:46,895 - INFO - Epoch 15/20
2025-01-06 03:10:15,592 - INFO - Training metrics: {'loss': 321.1961664312026, 'rmse': 15.066843811402165, 'mae': 8.448984631136351, 'ndcg': 0.6803107961427932}
2025-01-06 03:10:17,868 - INFO - Validation metrics: {'loss': 359.5376259111891, 'rmse': 16.266934990209066, 'mae': 8.048934384888293, 'ndcg': 0.6490730410989594}
2025-01-06 03:10:18,009 - INFO - Saved best model to checkpoints/best_model.pth
2025-01-06 03:10:18,009 - INFO - --------------------------------------------------
2025-01-06 03:10:18,009 - INFO - Epoch 16/20
2025-01-06 03:10:45,589 - INFO - Training metrics: {'loss': 297.9798928662842, 'rmse': 14.47499579366542, 'mae': 8.222267898858762, 'ndcg': 0.7077557232742216}
2025-01-06 03:10:51,128 - INFO - Validation metrics: {'loss': 351.5266024645637, 'rmse': 16.023958361497417, 'mae': 7.966034540943071, 'ndcg': 0.6768193798614484}
2025-01-06 03:10:51,317 - INFO - Saved best model to checkpoints/best_model.pth
2025-01-06 03:10:51,317 - INFO - --------------------------------------------------
2025-01-06 03:10:51,318 - INFO - Epoch 17/20
2025-01-06 03:11:15,611 - INFO - Training metrics: {'loss': 268.2901569394504, 'rmse': 13.91668466180403, 'mae': 7.967671667828279, 'ndcg': 0.714567488826373}
2025-01-06 03:11:18,772 - INFO - Validation metrics: {'loss': 351.19938506332096, 'rmse': 15.99381720587233, 'mae': 7.8635878142188576, 'ndcg': 0.685330342428357}
2025-01-06 03:11:18,934 - INFO - Saved best model to checkpoints/best_model.pth
2025-01-06 03:11:18,935 - INFO - --------------------------------------------------
2025-01-06 03:11:18,935 - INFO - Epoch 18/20
2025-01-06 03:12:04,526 - INFO - Training metrics: {'loss': 259.93557419496426, 'rmse': 13.736676923421484, 'mae': 7.761124091989854, 'ndcg': 0.7320575237858529}
2025-01-06 03:12:10,906 - INFO - Validation metrics: {'loss': 312.4663744907753, 'rmse': 15.094526719303424, 'mae': 7.584974417499468, 'ndcg': 0.7132463339789241}
2025-01-06 03:12:11,075 - INFO - Saved best model to checkpoints/best_model.pth
2025-01-06 03:12:11,076 - INFO - --------------------------------------------------
2025-01-06 03:12:11,076 - INFO - Epoch 19/20
2025-01-06 03:12:51,289 - INFO - Training metrics: {'loss': 252.21134525186875, 'rmse': 13.466599210640092, 'mae': 7.615009844303131, 'ndcg': 0.7345470896027252}
2025-01-06 03:12:57,305 - INFO - Validation metrics: {'loss': 304.04766744725845, 'rmse': 14.8742447887871, 'mae': 7.524799524569044, 'ndcg': 0.7028277956095397}
2025-01-06 03:12:57,488 - INFO - Saved best model to checkpoints/best_model.pth
2025-01-06 03:12:57,488 - INFO - --------------------------------------------------
2025-01-06 03:12:57,488 - INFO - Epoch 20/20
2025-01-06 03:13:38,780 - INFO - Training metrics: {'loss': 229.8108461370655, 'rmse': 12.853797733121096, 'mae': 7.359182800148048, 'ndcg': 0.7538438657043027}
2025-01-06 03:13:46,810 - INFO - Validation metrics: {'loss': 297.4490250606163, 'rmse': 14.555916093884985, 'mae': 7.398457319128747, 'ndcg': 0.7120701368240749}
2025-01-06 03:13:47,070 - INFO - Saved best model to checkpoints/best_model.pth
2025-01-06 03:13:47,072 - INFO - --------------------------------------------------
2025-01-06 03:13:52,637 - INFO - Training fold 3/5
2025-01-06 03:13:53,109 - INFO - Training on device: cuda
2025-01-06 03:13:53,111 - INFO - CUDA Device: NVIDIA GeForce GTX 1050
2025-01-06 03:13:53,112 - INFO - CUDA Memory Allocated: 0.02 GB
2025-01-06 03:13:53,156 - INFO - Epoch 1/20
2025-01-06 03:14:32,437 - INFO - Training metrics: {'loss': 807.9707400565054, 'rmse': 25.609950092481526, 'mae': 16.634883908664477, 'ndcg': 0.4438602441520083}
2025-01-06 03:14:36,890 - INFO - Validation metrics: {'loss': 629.0185739853803, 'rmse': 21.260518703771808, 'mae': 10.837540481604782, 'ndcg': 0.47532887493862824}
2025-01-06 03:14:37,124 - INFO - Saved best model to checkpoints/best_model.pth
2025-01-06 03:14:37,125 - INFO - --------------------------------------------------
2025-01-06 03:14:37,125 - INFO - Epoch 2/20
2025-01-06 03:15:08,946 - INFO - Training metrics: {'loss': 622.676124123966, 'rmse': 21.2825637822465, 'mae': 12.758575154285804, 'ndcg': 0.47911548533239495}
2025-01-06 03:15:13,317 - INFO - Validation metrics: {'loss': 608.7211001901065, 'rmse': 20.67030384551023, 'mae': 10.08103206578423, 'ndcg': 0.4864583617331935}
2025-01-06 03:15:13,552 - INFO - Saved best model to checkpoints/best_model.pth
2025-01-06 03:15:13,553 - INFO - --------------------------------------------------
2025-01-06 03:15:13,553 - INFO - Epoch 3/20
2025-01-06 03:15:43,034 - INFO - Training metrics: {'loss': 565.1084889243631, 'rmse': 19.833659189871966, 'mae': 11.26935545720306, 'ndcg': 0.49369163714422315}
2025-01-06 03:15:47,491 - INFO - Validation metrics: {'loss': 593.3285990322338, 'rmse': 20.35872508587652, 'mae': 9.735489153394512, 'ndcg': 0.5117429626338622}
2025-01-06 03:15:47,852 - INFO - Saved best model to checkpoints/best_model.pth
2025-01-06 03:15:47,853 - INFO - --------------------------------------------------
2025-01-06 03:15:47,853 - INFO - Epoch 4/20
2025-01-06 03:16:16,775 - INFO - Training metrics: {'loss': 534.3117436240701, 'rmse': 19.166775631649244, 'mae': 10.503973474689559, 'ndcg': 0.5235540259848622}
2025-01-06 03:16:21,866 - INFO - Validation metrics: {'loss': 577.0512232686959, 'rmse': 19.919488431279675, 'mae': 9.242959132381515, 'ndcg': 0.538918025791645}
2025-01-06 03:16:22,040 - INFO - Saved best model to checkpoints/best_model.pth
2025-01-06 03:16:22,040 - INFO - --------------------------------------------------
2025-01-06 03:16:22,040 - INFO - Epoch 5/20
2025-01-06 03:16:54,255 - INFO - Training metrics: {'loss': 512.2264882069009, 'rmse': 18.58686831049207, 'mae': 10.011946955147911, 'ndcg': 0.5471087780726307}
2025-01-06 03:16:57,834 - INFO - Validation metrics: {'loss': 570.3442052018409, 'rmse': 19.803098912493226, 'mae': 9.218204727359847, 'ndcg': 0.5594251060894891}
2025-01-06 03:16:58,135 - INFO - Saved best model to checkpoints/best_model.pth
2025-01-06 03:16:58,135 - INFO - --------------------------------------------------
2025-01-06 03:16:58,135 - INFO - Epoch 6/20
2025-01-06 03:17:31,947 - INFO - Training metrics: {'loss': 494.7422409618602, 'rmse': 18.042673979714078, 'mae': 9.569129447142283, 'ndcg': 0.5684118150715151}
2025-01-06 03:17:36,324 - INFO - Validation metrics: {'loss': 543.947216277029, 'rmse': 19.257650811971278, 'mae': 8.817752912932752, 'ndcg': 0.580291731392636}
2025-01-06 03:17:36,585 - INFO - Saved best model to checkpoints/best_model.pth
2025-01-06 03:17:36,586 - INFO - --------------------------------------------------
2025-01-06 03:17:36,586 - INFO - Epoch 7/20
2025-01-06 03:18:09,305 - INFO - Training metrics: {'loss': 482.1622454465604, 'rmse': 17.730842557516354, 'mae': 9.327147279299941, 'ndcg': 0.5800788009210545}
2025-01-06 03:18:13,329 - INFO - Validation metrics: {'loss': 531.982351658391, 'rmse': 19.087051490002573, 'mae': 8.713974176668653, 'ndcg': 0.5923130221518815}
2025-01-06 03:18:13,580 - INFO - Saved best model to checkpoints/best_model.pth
2025-01-06 03:18:13,580 - INFO - --------------------------------------------------
2025-01-06 03:18:13,580 - INFO - Epoch 8/20
2025-01-06 03:18:45,928 - INFO - Training metrics: {'loss': 465.7124762628593, 'rmse': 17.334864562525024, 'mae': 9.042315519323536, 'ndcg': 0.6112769956828332}
2025-01-06 03:18:54,739 - INFO - Validation metrics: {'loss': 511.4627846362544, 'rmse': 18.75430972611049, 'mae': 8.56065660130744, 'ndcg': 0.5956873654150495}
2025-01-06 03:18:54,889 - INFO - Saved best model to checkpoints/best_model.pth
2025-01-06 03:18:54,890 - INFO - --------------------------------------------------
2025-01-06 03:18:54,890 - INFO - Epoch 9/20
2025-01-06 03:19:26,333 - INFO - Training metrics: {'loss': 428.39476420832614, 'rmse': 17.106134295819345, 'mae': 8.850272572508045, 'ndcg': 0.6345463404979776}
2025-01-06 03:19:30,641 - INFO - Validation metrics: {'loss': 478.9718232809329, 'rmse': 18.33794556709923, 'mae': 8.504382965611477, 'ndcg': 0.6136838963218764}
2025-01-06 03:19:30,894 - INFO - Saved best model to checkpoints/best_model.pth
2025-01-06 03:19:30,894 - INFO - --------------------------------------------------
2025-01-06 03:19:30,894 - INFO - Epoch 10/20
2025-01-06 03:19:59,281 - INFO - Training metrics: {'loss': 402.36089586744123, 'rmse': 16.385040489481955, 'mae': 8.568872590275372, 'ndcg': 0.6509541082104632}
2025-01-06 03:20:04,317 - INFO - Validation metrics: {'loss': 446.28615143719844, 'rmse': 17.82934274483111, 'mae': 8.350639899571737, 'ndcg': 0.6255883622695418}
2025-01-06 03:20:04,519 - INFO - Saved best model to checkpoints/best_model.pth
2025-01-06 03:20:04,520 - INFO - --------------------------------------------------
2025-01-06 03:20:04,520 - INFO - Epoch 11/20
2025-01-06 03:20:37,953 - INFO - Training metrics: {'loss': 357.2430163832272, 'rmse': 15.673060050496275, 'mae': 8.357957522074381, 'ndcg': 0.6801275579514456}
2025-01-06 03:20:42,125 - INFO - Validation metrics: {'loss': 395.79614132525876, 'rmse': 16.90532920772507, 'mae': 8.098157052900277, 'ndcg': 0.6611151221920463}
2025-01-06 03:20:42,373 - INFO - Saved best model to checkpoints/best_model.pth
2025-01-06 03:20:42,374 - INFO - --------------------------------------------------
2025-01-06 03:20:42,374 - INFO - Epoch 12/20
2025-01-06 03:21:12,256 - INFO - Training metrics: {'loss': 330.540550811618, 'rmse': 15.325305064373914, 'mae': 8.18854915102323, 'ndcg': 0.6868704485104364}
2025-01-06 03:21:16,620 - INFO - Validation metrics: {'loss': 383.51919819326963, 'rmse': 16.858988049043724, 'mae': 8.134579092848535, 'ndcg': 0.6602146914776634}
2025-01-06 03:21:16,798 - INFO - Saved best model to checkpoints/best_model.pth
2025-01-06 03:21:16,799 - INFO - --------------------------------------------------
2025-01-06 03:21:16,800 - INFO - Epoch 13/20
2025-01-06 03:21:46,063 - INFO - Training metrics: {'loss': 297.4684295093312, 'rmse': 14.438692598812812, 'mae': 7.893148815514994, 'ndcg': 0.6950618089633245}
2025-01-06 03:21:50,625 - INFO - Validation metrics: {'loss': 332.84604223101746, 'rmse': 15.544268095743798, 'mae': 7.67751612850264, 'ndcg': 0.6751510160518628}
2025-01-06 03:21:50,892 - INFO - Saved best model to checkpoints/best_model.pth
2025-01-06 03:21:50,893 - INFO - --------------------------------------------------
2025-01-06 03:21:50,893 - INFO - Epoch 14/20
2025-01-06 03:22:21,835 - INFO - Training metrics: {'loss': 264.55652983983356, 'rmse': 13.837823748006663, 'mae': 7.619672381410412, 'ndcg': 0.7217799116875611}
2025-01-06 03:22:26,083 - INFO - Validation metrics: {'loss': 349.9917179930444, 'rmse': 15.814409868620944, 'mae': 7.808464174177132, 'ndcg': 0.6965594474299281}
2025-01-06 03:22:26,191 - INFO - --------------------------------------------------
2025-01-06 03:22:26,192 - INFO - Epoch 15/20
2025-01-06 03:22:57,198 - INFO - Training metrics: {'loss': 234.83778383685095, 'rmse': 13.073518189811438, 'mae': 7.356145712674833, 'ndcg': 0.732762060255981}
2025-01-06 03:23:01,783 - INFO - Validation metrics: {'loss': 313.2810146107393, 'rmse': 14.90923438965367, 'mae': 7.417264001042235, 'ndcg': 0.6998344963672114}
2025-01-06 03:23:02,024 - INFO - Saved best model to checkpoints/best_model.pth
2025-01-06 03:23:02,024 - INFO - --------------------------------------------------
2025-01-06 03:23:02,024 - INFO - Epoch 16/20
2025-01-06 03:23:32,482 - INFO - Training metrics: {'loss': 236.48027517281326, 'rmse': 12.888468420188222, 'mae': 7.142060105707131, 'ndcg': 0.7368596103772813}
2025-01-06 03:23:36,559 - INFO - Validation metrics: {'loss': 312.8758251246284, 'rmse': 14.81621475256953, 'mae': 7.36230564584919, 'ndcg': 0.7103837981235748}
2025-01-06 03:23:36,746 - INFO - Saved best model to checkpoints/best_model.pth
2025-01-06 03:23:36,746 - INFO - --------------------------------------------------
2025-01-06 03:23:36,747 - INFO - Epoch 17/20
2025-01-06 03:24:13,895 - INFO - Training metrics: {'loss': 222.50522020283867, 'rmse': 12.71194832735231, 'mae': 7.076132949076447, 'ndcg': 0.7490273613263579}
2025-01-06 03:24:18,249 - INFO - Validation metrics: {'loss': 295.1628791771683, 'rmse': 14.336219467035752, 'mae': 7.220429151665931, 'ndcg': 0.7155892292366308}
2025-01-06 03:24:18,550 - INFO - Saved best model to checkpoints/best_model.pth
2025-01-06 03:24:18,550 - INFO - --------------------------------------------------
2025-01-06 03:24:18,551 - INFO - Epoch 18/20
2025-01-06 03:24:51,632 - INFO - Training metrics: {'loss': 196.5896848790786, 'rmse': 12.131743062513747, 'mae': 6.857241556924932, 'ndcg': 0.7571639026350835}
2025-01-06 03:24:55,989 - INFO - Validation metrics: {'loss': 303.8236238816205, 'rmse': 14.397146835408629, 'mae': 7.16284304039151, 'ndcg': 0.7355684889297859}
2025-01-06 03:24:56,082 - INFO - --------------------------------------------------
2025-01-06 03:24:56,094 - INFO - Epoch 19/20
2025-01-06 03:25:26,378 - INFO - Training metrics: {'loss': 193.2441673372306, 'rmse': 11.99375446836458, 'mae': 6.7552140921938655, 'ndcg': 0.7634658025322008}
2025-01-06 03:25:30,397 - INFO - Validation metrics: {'loss': 304.0133072348202, 'rmse': 14.431727798457684, 'mae': 7.212710672733831, 'ndcg': 0.7265965985316857}
2025-01-06 03:25:30,477 - INFO - Early stopping triggered after 19 epochs
2025-01-06 03:25:36,105 - INFO - Training fold 4/5
2025-01-06 03:25:36,503 - INFO - Training on device: cuda
2025-01-06 03:25:36,503 - INFO - CUDA Device: NVIDIA GeForce GTX 1050
2025-01-06 03:25:36,504 - INFO - CUDA Memory Allocated: 0.02 GB
2025-01-06 03:25:36,519 - INFO - Epoch 1/20
2025-01-06 03:26:07,507 - INFO - Training metrics: {'loss': 777.2169352886724, 'rmse': 25.141031435417855, 'mae': 16.25702637317134, 'ndcg': 0.4284770474312644}
2025-01-06 03:26:12,168 - INFO - Validation metrics: {'loss': 628.0734537536023, 'rmse': 19.527097009760357, 'mae': 9.893064938339533, 'ndcg': 0.47173618298827436}
2025-01-06 03:26:12,304 - INFO - Saved best model to checkpoints/best_model.pth
2025-01-06 03:26:12,304 - INFO - --------------------------------------------------
2025-01-06 03:26:12,305 - INFO - Epoch 2/20
2025-01-06 03:26:40,488 - INFO - Training metrics: {'loss': 606.0618257055096, 'rmse': 21.303442883239185, 'mae': 12.471712987796932, 'ndcg': 0.4547785618616378}
2025-01-06 03:26:44,054 - INFO - Validation metrics: {'loss': 617.6864672081143, 'rmse': 19.145864227838366, 'mae': 9.252957671296363, 'ndcg': 0.5221760757997924}
2025-01-06 03:26:44,214 - INFO - Saved best model to checkpoints/best_model.pth
2025-01-06 03:26:44,215 - INFO - --------------------------------------------------
2025-01-06 03:26:44,215 - INFO - Epoch 3/20
2025-01-06 03:27:08,251 - INFO - Training metrics: {'loss': 556.736919001037, 'rmse': 19.92360403278866, 'mae': 11.1421538661508, 'ndcg': 0.47676005181582537}
2025-01-06 03:27:12,825 - INFO - Validation metrics: {'loss': 595.3674292096905, 'rmse': 18.621409346143246, 'mae': 8.801111249362721, 'ndcg': 0.5566495984208351}
2025-01-06 03:27:12,961 - INFO - Saved best model to checkpoints/best_model.pth
2025-01-06 03:27:12,961 - INFO - --------------------------------------------------
2025-01-06 03:27:12,962 - INFO - Epoch 4/20
2025-01-06 03:27:38,205 - INFO - Training metrics: {'loss': 535.3268466556774, 'rmse': 19.409122684113512, 'mae': 10.358878480453118, 'ndcg': 0.5010700392007243}
2025-01-06 03:27:41,725 - INFO - Validation metrics: {'loss': 585.3446036507102, 'rmse': 18.58642126527068, 'mae': 8.85394305341384, 'ndcg': 0.564619912674614}
2025-01-06 03:27:41,928 - INFO - Saved best model to checkpoints/best_model.pth
2025-01-06 03:27:41,928 - INFO - --------------------------------------------------
2025-01-06 03:27:41,928 - INFO - Epoch 5/20
2025-01-06 03:28:09,656 - INFO - Training metrics: {'loss': 515.3533593439588, 'rmse': 18.84986369572177, 'mae': 9.900139974612816, 'ndcg': 0.5189634441014599}
2025-01-06 03:28:12,907 - INFO - Validation metrics: {'loss': 564.129249385759, 'rmse': 18.152435814010023, 'mae': 8.478530353190852, 'ndcg': 0.588674213225935}
2025-01-06 03:28:13,124 - INFO - Saved best model to checkpoints/best_model.pth
2025-01-06 03:28:13,125 - INFO - --------------------------------------------------
2025-01-06 03:28:13,125 - INFO - Epoch 6/20
2025-01-06 03:28:38,842 - INFO - Training metrics: {'loss': 481.99792571161305, 'rmse': 18.29138383860219, 'mae': 9.633347347670911, 'ndcg': 0.5552765009376932}
2025-01-06 03:28:42,540 - INFO - Validation metrics: {'loss': 544.6698466656255, 'rmse': 17.950830686773706, 'mae': 8.437682743166008, 'ndcg': 0.5816606709770128}
2025-01-06 03:28:42,701 - INFO - Saved best model to checkpoints/best_model.pth
2025-01-06 03:28:42,701 - INFO - --------------------------------------------------
2025-01-06 03:28:42,702 - INFO - Epoch 7/20
2025-01-06 03:29:11,300 - INFO - Training metrics: {'loss': 470.7643125103969, 'rmse': 17.848553958755932, 'mae': 9.312654432128458, 'ndcg': 0.569908499279443}
2025-01-06 03:29:14,628 - INFO - Validation metrics: {'loss': 515.6886658575021, 'rmse': 17.383890123378098, 'mae': 8.114483950184841, 'ndcg': 0.6112649361876881}
2025-01-06 03:29:14,822 - INFO - Saved best model to checkpoints/best_model.pth
2025-01-06 03:29:14,823 - INFO - --------------------------------------------------
2025-01-06 03:29:14,824 - INFO - Epoch 8/20
2025-01-06 03:29:43,502 - INFO - Training metrics: {'loss': 434.16597609426464, 'rmse': 17.167625924769688, 'mae': 9.071643842201606, 'ndcg': 0.59655592747617}
2025-01-06 03:29:47,181 - INFO - Validation metrics: {'loss': 475.9267097173953, 'rmse': 16.783444359788042, 'mae': 7.982468957994499, 'ndcg': 0.6340037185479613}
2025-01-06 03:29:47,338 - INFO - Saved best model to checkpoints/best_model.pth
2025-01-06 03:29:47,338 - INFO - --------------------------------------------------
2025-01-06 03:29:47,338 - INFO - Epoch 9/20
2025-01-06 03:30:15,759 - INFO - Training metrics: {'loss': 419.1879217671413, 'rmse': 17.1162432285017, 'mae': 8.911214848359426, 'ndcg': 0.6156020238995552}
2025-01-06 03:30:19,071 - INFO - Validation metrics: {'loss': 422.73919675864425, 'rmse': 15.890203809505003, 'mae': 7.6881610271977445, 'ndcg': 0.6526202972905308}
2025-01-06 03:30:19,212 - INFO - Saved best model to checkpoints/best_model.pth
2025-01-06 03:30:19,212 - INFO - --------------------------------------------------
2025-01-06 03:30:19,212 - INFO - Epoch 10/20
2025-01-06 03:30:43,046 - INFO - Training metrics: {'loss': 389.03264336492504, 'rmse': 16.497619969676517, 'mae': 8.776423172623504, 'ndcg': 0.6319125156630488}
2025-01-06 03:30:46,368 - INFO - Validation metrics: {'loss': 389.1110992057651, 'rmse': 15.322816937359486, 'mae': 7.492697629274106, 'ndcg': 0.6808778596859352}
2025-01-06 03:30:46,504 - INFO - Saved best model to checkpoints/best_model.pth
2025-01-06 03:30:46,504 - INFO - --------------------------------------------------
2025-01-06 03:30:46,505 - INFO - Epoch 11/20
2025-01-06 03:31:12,551 - INFO - Training metrics: {'loss': 366.76655457066556, 'rmse': 16.12751022299307, 'mae': 8.57327533118865, 'ndcg': 0.6452782647501604}
2025-01-06 03:31:16,620 - INFO - Validation metrics: {'loss': 372.5924471499873, 'rmse': 15.079685900979852, 'mae': 7.416182546054616, 'ndcg': 0.6800574832687191}
2025-01-06 03:31:16,776 - INFO - Saved best model to checkpoints/best_model.pth
2025-01-06 03:31:16,776 - INFO - --------------------------------------------------
2025-01-06 03:31:16,776 - INFO - Epoch 12/20
2025-01-06 03:31:40,611 - INFO - Training metrics: {'loss': 344.5746640878565, 'rmse': 15.570174058899678, 'mae': 8.333362220549116, 'ndcg': 0.6707975857836359}
2025-01-06 03:31:44,134 - INFO - Validation metrics: {'loss': 353.54494025660495, 'rmse': 14.784095930296845, 'mae': 7.318971869992275, 'ndcg': 0.6930196843310898}
2025-01-06 03:31:44,298 - INFO - Saved best model to checkpoints/best_model.pth
2025-01-06 03:31:44,298 - INFO - --------------------------------------------------
2025-01-06 03:31:44,298 - INFO - Epoch 13/20
2025-01-06 03:32:10,677 - INFO - Training metrics: {'loss': 328.68967680370105, 'rmse': 15.06187111782083, 'mae': 8.101680777820887, 'ndcg': 0.6936713324531036}
2025-01-06 03:32:14,130 - INFO - Validation metrics: {'loss': 343.90858461342606, 'rmse': 14.672975268495094, 'mae': 7.318248498673532, 'ndcg': 0.6930655238090777}
2025-01-06 03:32:14,344 - INFO - Saved best model to checkpoints/best_model.pth
2025-01-06 03:32:14,344 - INFO - --------------------------------------------------
2025-01-06 03:32:14,345 - INFO - Epoch 14/20
2025-01-06 03:32:40,355 - INFO - Training metrics: {'loss': 294.16669793689954, 'rmse': 14.678855179520061, 'mae': 7.887631319317163, 'ndcg': 0.7004713064753542}
2025-01-06 03:32:43,738 - INFO - Validation metrics: {'loss': 292.30857338624844, 'rmse': 13.689228844336865, 'mae': 7.014148534512987, 'ndcg': 0.7178642764395359}
2025-01-06 03:32:43,959 - INFO - Saved best model to checkpoints/best_model.pth
2025-01-06 03:32:43,960 - INFO - --------------------------------------------------
2025-01-06 03:32:43,960 - INFO - Epoch 15/20
2025-01-06 03:33:12,782 - INFO - Training metrics: {'loss': 279.73089242916484, 'rmse': 14.091734690959575, 'mae': 7.687252006110023, 'ndcg': 0.7202612299691228}
2025-01-06 03:33:16,377 - INFO - Validation metrics: {'loss': 288.00129998898973, 'rmse': 13.522411888847987, 'mae': 6.855434836125841, 'ndcg': 0.7205277056086297}
2025-01-06 03:33:16,591 - INFO - Saved best model to checkpoints/best_model.pth
2025-01-06 03:33:16,592 - INFO - --------------------------------------------------
2025-01-06 03:33:16,593 - INFO - Epoch 16/20
2025-01-06 03:33:40,819 - INFO - Training metrics: {'loss': 264.0524973775826, 'rmse': 13.786495662356211, 'mae': 7.4598565989849615, 'ndcg': 0.7304512656056413}
2025-01-06 03:33:44,831 - INFO - Validation metrics: {'loss': 262.4656666026396, 'rmse': 12.971170792243074, 'mae': 6.6843550812964345, 'ndcg': 0.7315707089854222}
2025-01-06 03:33:45,101 - INFO - Saved best model to checkpoints/best_model.pth
2025-01-06 03:33:45,101 - INFO - --------------------------------------------------
2025-01-06 03:33:45,102 - INFO - Epoch 17/20
2025-01-06 03:34:17,855 - INFO - Training metrics: {'loss': 255.24126098670212, 'rmse': 13.408583912150815, 'mae': 7.340026854884391, 'ndcg': 0.7417963474404579}
2025-01-06 03:34:22,566 - INFO - Validation metrics: {'loss': 253.905247407801, 'rmse': 12.796281658319343, 'mae': 6.691673856155545, 'ndcg': 0.7215152257213405}
2025-01-06 03:34:22,728 - INFO - Saved best model to checkpoints/best_model.pth
2025-01-06 03:34:22,728 - INFO - --------------------------------------------------
2025-01-06 03:34:22,728 - INFO - Epoch 18/20
2025-01-06 03:34:51,810 - INFO - Training metrics: {'loss': 238.16966482237274, 'rmse': 12.97027919887973, 'mae': 7.126963024630266, 'ndcg': 0.7489147633314133}
2025-01-06 03:34:55,184 - INFO - Validation metrics: {'loss': 241.46929095773135, 'rmse': 12.515399182733674, 'mae': 6.547528603497674, 'ndcg': 0.7331983125677296}
2025-01-06 03:34:55,373 - INFO - Saved best model to checkpoints/best_model.pth
2025-01-06 03:34:55,374 - INFO - --------------------------------------------------
2025-01-06 03:34:55,374 - INFO - Epoch 19/20
2025-01-06 03:35:23,945 - INFO - Training metrics: {'loss': 229.0515375955432, 'rmse': 12.658684678505697, 'mae': 6.983602584577074, 'ndcg': 0.7601113190837935}
2025-01-06 03:35:27,357 - INFO - Validation metrics: {'loss': 232.45092997831458, 'rmse': 12.313852231887452, 'mae': 6.592540525922589, 'ndcg': 0.7226749009945813}
2025-01-06 03:35:27,540 - INFO - Saved best model to checkpoints/best_model.pth
2025-01-06 03:35:27,540 - INFO - --------------------------------------------------
2025-01-06 03:35:27,540 - INFO - Epoch 20/20
2025-01-06 03:35:54,178 - INFO - Training metrics: {'loss': 206.01943911290635, 'rmse': 12.173825456639161, 'mae': 6.810663546417274, 'ndcg': 0.7697805614009792}
2025-01-06 03:35:57,762 - INFO - Validation metrics: {'loss': 226.15466299244002, 'rmse': 12.159162858774408, 'mae': 6.440277237518161, 'ndcg': 0.7360261325158325}
2025-01-06 03:35:57,932 - INFO - Saved best model to checkpoints/best_model.pth
2025-01-06 03:35:57,933 - INFO - --------------------------------------------------
2025-01-06 03:36:00,916 - INFO - Training fold 5/5
2025-01-06 03:36:01,277 - INFO - Training on device: cuda
2025-01-06 03:36:01,277 - INFO - CUDA Device: NVIDIA GeForce GTX 1050
2025-01-06 03:36:01,278 - INFO - CUDA Memory Allocated: 0.02 GB
2025-01-06 03:36:01,300 - INFO - Epoch 1/20
2025-01-06 03:36:28,276 - INFO - Training metrics: {'loss': 746.2565128102023, 'rmse': 24.09748444189765, 'mae': 14.654747085244049, 'ndcg': 0.4284425491613208}
2025-01-06 03:36:35,031 - INFO - Validation metrics: {'loss': 491.5303299847771, 'rmse': 19.00329456128974, 'mae': 10.252451807844873, 'ndcg': 0.5019367559283388}
2025-01-06 03:36:35,267 - INFO - Saved best model to checkpoints/best_model.pth
2025-01-06 03:36:35,269 - INFO - --------------------------------------------------
2025-01-06 03:36:35,270 - INFO - Epoch 2/20
2025-01-06 03:36:57,725 - INFO - Training metrics: {'loss': 620.4397566084768, 'rmse': 20.871055874666496, 'mae': 11.813268784214468, 'ndcg': 0.4674882859575982}
2025-01-06 03:37:00,177 - INFO - Validation metrics: {'loss': 446.8473146102008, 'rmse': 17.55254380011112, 'mae': 8.802209335214952, 'ndcg': 0.5152689179076868}
2025-01-06 03:37:00,332 - INFO - Saved best model to checkpoints/best_model.pth
2025-01-06 03:37:00,333 - INFO - --------------------------------------------------
2025-01-06 03:37:00,333 - INFO - Epoch 3/20
2025-01-06 03:37:28,529 - INFO - Training metrics: {'loss': 578.9046768207176, 'rmse': 19.6189394336515, 'mae': 10.569099273167405, 'ndcg': 0.4888221618774183}
2025-01-06 03:37:31,692 - INFO - Validation metrics: {'loss': 441.0533756555295, 'rmse': 17.29510558204092, 'mae': 8.45029110067031, 'ndcg': 0.5357895950768509}
2025-01-06 03:37:31,836 - INFO - Saved best model to checkpoints/best_model.pth
2025-01-06 03:37:31,836 - INFO - --------------------------------------------------
2025-01-06 03:37:31,837 - INFO - Epoch 4/20
2025-01-06 03:37:54,907 - INFO - Training metrics: {'loss': 554.7471058976416, 'rmse': 19.08306690561707, 'mae': 9.977596655780195, 'ndcg': 0.5126191483554887}
2025-01-06 03:37:58,698 - INFO - Validation metrics: {'loss': 420.8857011795044, 'rmse': 16.811178599641817, 'mae': 8.132729736028933, 'ndcg': 0.5569380701464766}
2025-01-06 03:37:58,950 - INFO - Saved best model to checkpoints/best_model.pth
2025-01-06 03:37:58,951 - INFO - --------------------------------------------------
2025-01-06 03:37:58,951 - INFO - Epoch 5/20
2025-01-06 03:38:23,912 - INFO - Training metrics: {'loss': 533.6383606779809, 'rmse': 18.749847535235222, 'mae': 9.625736053083457, 'ndcg': 0.5386060960408227}
2025-01-06 03:38:27,455 - INFO - Validation metrics: {'loss': 414.42246635287415, 'rmse': 16.68250180165431, 'mae': 7.956389962458143, 'ndcg': 0.5928336373146843}
2025-01-06 03:38:27,630 - INFO - Saved best model to checkpoints/best_model.pth
2025-01-06 03:38:27,631 - INFO - --------------------------------------------------
2025-01-06 03:38:27,631 - INFO - Epoch 6/20
2025-01-06 03:38:50,946 - INFO - Training metrics: {'loss': 510.3652302798103, 'rmse': 18.355840455219845, 'mae': 9.35416438299067, 'ndcg': 0.5795017366169715}
2025-01-06 03:38:54,300 - INFO - Validation metrics: {'loss': 402.86327773449466, 'rmse': 16.563691949403893, 'mae': 7.945087844250249, 'ndcg': 0.6056889841953913}
2025-01-06 03:38:54,447 - INFO - Saved best model to checkpoints/best_model.pth
2025-01-06 03:38:54,447 - INFO - --------------------------------------------------
2025-01-06 03:38:54,447 - INFO - Epoch 7/20
2025-01-06 03:39:14,955 - INFO - Training metrics: {'loss': 489.8874514617172, 'rmse': 18.029261800306994, 'mae': 9.12038669866674, 'ndcg': 0.5801131346208208}
2025-01-06 03:39:17,658 - INFO - Validation metrics: {'loss': 378.06339806201413, 'rmse': 16.116482864046, 'mae': 7.846813886773353, 'ndcg': 0.6180672543305977}
2025-01-06 03:39:17,864 - INFO - Saved best model to checkpoints/best_model.pth
2025-01-06 03:39:17,864 - INFO - --------------------------------------------------
2025-01-06 03:39:17,865 - INFO - Epoch 8/20
2025-01-06 03:39:41,184 - INFO - Training metrics: {'loss': 452.4976813839931, 'rmse': 17.47915409990948, 'mae': 8.945765020800572, 'ndcg': 0.6115916209916273}
2025-01-06 03:39:44,451 - INFO - Validation metrics: {'loss': 368.3310039183673, 'rmse': 15.97349637322241, 'mae': 7.792284173123977, 'ndcg': 0.6395068187631813}
2025-01-06 03:39:44,622 - INFO - Saved best model to checkpoints/best_model.pth
2025-01-06 03:39:44,623 - INFO - --------------------------------------------------
2025-01-06 03:39:44,623 - INFO - Epoch 9/20
2025-01-06 03:40:06,963 - INFO - Training metrics: {'loss': 426.66800415282154, 'rmse': 16.959912889837046, 'mae': 8.702598901355968, 'ndcg': 0.6124520844907737}
2025-01-06 03:40:09,992 - INFO - Validation metrics: {'loss': 347.09014082889934, 'rmse': 15.580454234186034, 'mae': 7.7525572543050725, 'ndcg': 0.6475941565106896}
2025-01-06 03:40:10,142 - INFO - Saved best model to checkpoints/best_model.pth
2025-01-06 03:40:10,142 - INFO - --------------------------------------------------
2025-01-06 03:40:10,142 - INFO - Epoch 10/20
2025-01-06 03:40:29,762 - INFO - Training metrics: {'loss': 397.48855220570283, 'rmse': 16.366832904163807, 'mae': 8.464434978424334, 'ndcg': 0.6494522179093432}
2025-01-06 03:40:33,580 - INFO - Validation metrics: {'loss': 361.1286272161147, 'rmse': 15.754156463489478, 'mae': 7.781805253496357, 'ndcg': 0.6487259033556078}
2025-01-06 03:40:33,679 - INFO - --------------------------------------------------
2025-01-06 03:40:33,679 - INFO - Epoch 11/20
2025-01-06 03:40:58,848 - INFO - Training metrics: {'loss': 377.68032621869855, 'rmse': 16.1656395980086, 'mae': 8.409687485765009, 'ndcg': 0.6622307550015987}
2025-01-06 03:41:02,387 - INFO - Validation metrics: {'loss': 324.36412207285565, 'rmse': 15.151375337649588, 'mae': 7.544928978471195, 'ndcg': 0.6639578446161514}
2025-01-06 03:41:02,696 - INFO - Saved best model to checkpoints/best_model.pth
2025-01-06 03:41:02,696 - INFO - --------------------------------------------------
2025-01-06 03:41:02,697 - INFO - Epoch 12/20
2025-01-06 03:41:26,993 - INFO - Training metrics: {'loss': 351.16520965800567, 'rmse': 15.598133131802754, 'mae': 8.242602254830155, 'ndcg': 0.6680289726229567}
2025-01-06 03:41:30,387 - INFO - Validation metrics: {'loss': 305.96054316501994, 'rmse': 14.85971762327677, 'mae': 7.512486979073169, 'ndcg': 0.6811946493153479}
2025-01-06 03:41:30,553 - INFO - Saved best model to checkpoints/best_model.pth
2025-01-06 03:41:30,554 - INFO - --------------------------------------------------
2025-01-06 03:41:30,554 - INFO - Epoch 13/20
2025-01-06 03:41:52,046 - INFO - Training metrics: {'loss': 323.310266494751, 'rmse': 14.986813000286773, 'mae': 8.045937462764627, 'ndcg': 0.6915930624430379}
2025-01-06 03:41:55,224 - INFO - Validation metrics: {'loss': 290.7915522818472, 'rmse': 14.593390250224097, 'mae': 7.378528031648374, 'ndcg': 0.6885338370122162}
2025-01-06 03:41:55,415 - INFO - Saved best model to checkpoints/best_model.pth
2025-01-06 03:41:55,415 - INFO - --------------------------------------------------
2025-01-06 03:41:55,416 - INFO - Epoch 14/20
2025-01-06 03:42:20,361 - INFO - Training metrics: {'loss': 306.67167830467224, 'rmse': 14.49515030910268, 'mae': 7.7429077093507725, 'ndcg': 0.7066786631795705}
2025-01-06 03:42:23,162 - INFO - Validation metrics: {'loss': 288.9636977887621, 'rmse': 14.508376100559287, 'mae': 7.29201631452523, 'ndcg': 0.7063741920625463}
2025-01-06 03:42:23,320 - INFO - Saved best model to checkpoints/best_model.pth
2025-01-06 03:42:23,321 - INFO - --------------------------------------------------
2025-01-06 03:42:23,321 - INFO - Epoch 15/20
2025-01-06 03:42:44,476 - INFO - Training metrics: {'loss': 278.38757896890826, 'rmse': 14.026537909408662, 'mae': 7.6270119132948855, 'ndcg': 0.7227220469172678}
2025-01-06 03:42:48,164 - INFO - Validation metrics: {'loss': 255.3398370555803, 'rmse': 13.804148217920133, 'mae': 7.207501771403294, 'ndcg': 0.7115594870319554}
2025-01-06 03:42:48,408 - INFO - Saved best model to checkpoints/best_model.pth
2025-01-06 03:42:48,408 - INFO - --------------------------------------------------
2025-01-06 03:42:48,409 - INFO - Epoch 16/20
2025-01-06 03:43:11,738 - INFO - Training metrics: {'loss': 263.92045992028477, 'rmse': 13.612412954357787, 'mae': 7.456968251980987, 'ndcg': 0.7340931774062269}
2025-01-06 03:43:14,987 - INFO - Validation metrics: {'loss': 308.30552398457246, 'rmse': 14.21389931184825, 'mae': 7.079564045457279, 'ndcg': 0.7307298864219703}
2025-01-06 03:43:15,097 - INFO - --------------------------------------------------
2025-01-06 03:43:15,098 - INFO - Epoch 17/20
2025-01-06 03:43:35,959 - INFO - Training metrics: {'loss': 259.5164275309619, 'rmse': 13.451551818183423, 'mae': 7.340085522216909, 'ndcg': 0.7356490689311542}
2025-01-06 03:43:38,953 - INFO - Validation metrics: {'loss': 240.70824174319998, 'rmse': 13.264638313324674, 'mae': 6.882832578584259, 'ndcg': 0.7300193429577584}
2025-01-06 03:43:39,113 - INFO - Saved best model to checkpoints/best_model.pth
2025-01-06 03:43:39,113 - INFO - --------------------------------------------------
2025-01-06 03:43:39,113 - INFO - Epoch 18/20
2025-01-06 03:44:02,253 - INFO - Training metrics: {'loss': 241.0936065795375, 'rmse': 12.87205556110705, 'mae': 7.103104180565067, 'ndcg': 0.7564753579596678}
2025-01-06 03:44:05,920 - INFO - Validation metrics: {'loss': 226.1075943217558, 'rmse': 12.970365581374073, 'mae': 6.773690064748128, 'ndcg': 0.7371251495445476}
2025-01-06 03:44:06,152 - INFO - Saved best model to checkpoints/best_model.pth
2025-01-06 03:44:06,152 - INFO - --------------------------------------------------
2025-01-06 03:44:06,153 - INFO - Epoch 19/20
2025-01-06 03:44:26,029 - INFO - Training metrics: {'loss': 234.2449117641823, 'rmse': 12.792928256663684, 'mae': 7.060263894936618, 'ndcg': 0.754202065660673}
2025-01-06 03:44:28,855 - INFO - Validation metrics: {'loss': 212.36884967953551, 'rmse': 12.558249301413209, 'mae': 6.619101325670878, 'ndcg': 0.7411393602104748}
2025-01-06 03:44:28,988 - INFO - Saved best model to checkpoints/best_model.pth
2025-01-06 03:44:28,989 - INFO - --------------------------------------------------
2025-01-06 03:44:28,989 - INFO - Epoch 20/20
2025-01-06 03:44:55,670 - INFO - Training metrics: {'loss': 209.16866476863038, 'rmse': 12.318436920632152, 'mae': 6.848862943111682, 'ndcg': 0.7724453520541098}
2025-01-06 03:44:58,749 - INFO - Validation metrics: {'loss': 208.33665741191192, 'rmse': 12.46066156452314, 'mae': 6.605722658774432, 'ndcg': 0.7440050667991825}
2025-01-06 03:44:58,912 - INFO - Saved best model to checkpoints/best_model.pth
2025-01-06 03:44:58,913 - INFO - --------------------------------------------------
2025-01-06 03:45:01,479 - INFO - Saved best model from fold 1 to checkpoints/best_model_cv.pth
2025-01-06 03:45:01,482 - INFO - Cross-validation results:
2025-01-06 03:45:01,483 - INFO - val_rmse: 13.0744
2025-01-06 03:45:01,483 - INFO - val_ndcg: 0.7255
2025-01-06 06:50:00,076 - INFO - Using test data from: /home/martinson/Lhydra_rs/data/test_data.csv
2025-01-06 06:50:00,078 - INFO - Using model from: /home/martinson/Lhydra_rs/recommender_system/rs_main_v2_refactored/checkpoints/best_model.pth
2025-01-06 06:50:00,158 - INFO - Loaded test data with 4075 samples
2025-01-06 06:50:03,209 - INFO - Model dimensions: {'music_dims': 1000, 'artist_dims': 500, 'genre_dims': 250, 'num_numerical': 12}
2025-01-06 06:50:03,273 - WARNING - Error loading model state: Error(s) in loading state_dict for HybridMusicRecommender:
	size mismatch for genre_layer.weight: copying a param with shape torch.Size([64, 12]) from checkpoint, the shape in current model is torch.Size([64, 250]).
2025-01-06 06:50:03,273 - WARNING - Initializing model with fresh weights
2025-01-06 06:50:03,350 - INFO - Prepared test dataset with 2038 samples
2025-01-06 06:50:03,397 - INFO - Model dimensions: {'music_dims': 1000, 'artist_dims': 500, 'genre_dims': 250, 'num_numerical': 12}
2025-01-06 06:50:03,813 - ERROR - Error during evaluation: mat1 and mat2 shapes cannot be multiplied (32x12 and 250x64)
2025-01-06 07:25:22,676 - INFO - Using device: cuda
2025-01-06 07:25:23,078 - INFO - CUDA Device: NVIDIA GeForce GTX 1050
2025-01-06 07:25:23,431 - INFO - Training fold 1/5
2025-01-06 07:25:23,808 - INFO - Training on device: cuda
2025-01-06 07:25:23,809 - INFO - CUDA Device: NVIDIA GeForce GTX 1050
2025-01-06 07:25:23,809 - INFO - CUDA Memory Allocated: 0.00 GB
2025-01-06 07:25:26,954 - INFO - Epoch 1/20
2025-01-06 07:25:56,332 - INFO - Training metrics: {'loss': 709.7989991692936, 'rmse': 23.316935712055233, 'mae': 14.248906988723606, 'ndcg': 0.44458475035122214}
2025-01-06 07:26:00,396 - INFO - Validation metrics: {'loss': 677.5478973575667, 'rmse': 20.2824575954572, 'mae': 9.63353571471046, 'ndcg': 0.4821389816409233}
2025-01-06 07:26:00,622 - INFO - Saved best model to checkpoints/best_model.pth
2025-01-06 07:26:00,623 - INFO - --------------------------------------------------
2025-01-06 07:26:00,623 - INFO - Epoch 2/20
2025-01-06 07:26:32,035 - INFO - Training metrics: {'loss': 599.6720368815403, 'rmse': 20.679539551520588, 'mae': 11.690736524030275, 'ndcg': 0.45711506819169895}
2025-01-06 07:26:35,458 - INFO - Validation metrics: {'loss': 656.259487656986, 'rmse': 19.611559681397992, 'mae': 8.903505853578157, 'ndcg': 0.4989612007550165}
2025-01-06 07:26:35,622 - INFO - Saved best model to checkpoints/best_model.pth
2025-01-06 07:26:35,622 - INFO - --------------------------------------------------
2025-01-06 07:26:35,623 - INFO - Epoch 3/20
2025-01-06 07:27:00,672 - INFO - Training metrics: {'loss': 564.1786085390577, 'rmse': 19.888253282368183, 'mae': 10.69964484607472, 'ndcg': 0.4764357352738871}
2025-01-06 07:27:05,179 - INFO - Validation metrics: {'loss': 643.7494521982529, 'rmse': 19.328946949232247, 'mae': 8.63319910507576, 'ndcg': 0.5067556376258532}
2025-01-06 07:27:05,494 - INFO - Saved best model to checkpoints/best_model.pth
2025-01-06 07:27:05,495 - INFO - --------------------------------------------------
2025-01-06 07:27:05,495 - INFO - Epoch 4/20
2025-01-06 07:27:39,809 - INFO - Training metrics: {'loss': 537.7003355119742, 'rmse': 19.067159166210597, 'mae': 9.940611330901875, 'ndcg': 0.5200041398113849}
2025-01-06 07:27:43,613 - INFO - Validation metrics: {'loss': 620.6501179115445, 'rmse': 18.894088115962262, 'mae': 8.350139094334022, 'ndcg': 0.531268732877923}
2025-01-06 07:27:43,818 - INFO - Saved best model to checkpoints/best_model.pth
2025-01-06 07:27:43,819 - INFO - --------------------------------------------------
2025-01-06 07:27:43,819 - INFO - Epoch 5/20
2025-01-06 07:28:15,532 - INFO - Training metrics: {'loss': 515.8118841507855, 'rmse': 18.72539212569059, 'mae': 9.616300303562015, 'ndcg': 0.5466451048851013}
2025-01-06 07:28:18,834 - INFO - Validation metrics: {'loss': 609.1194533179788, 'rmse': 18.672189095750646, 'mae': 8.16705494300992, 'ndcg': 0.5508096685596541}
2025-01-06 07:28:19,065 - INFO - Saved best model to checkpoints/best_model.pth
2025-01-06 07:28:19,065 - INFO - --------------------------------------------------
2025-01-06 07:28:19,066 - INFO - Epoch 6/20
2025-01-06 07:28:47,190 - INFO - Training metrics: {'loss': 500.61740619996016, 'rmse': 18.6820935062531, 'mae': 9.396161174072938, 'ndcg': 0.5583596800033953}
2025-01-06 07:28:51,183 - INFO - Validation metrics: {'loss': 581.249389480142, 'rmse': 18.387671722238895, 'mae': 7.989787368213429, 'ndcg': 0.6046069669080716}
2025-01-06 07:28:51,526 - INFO - Saved best model to checkpoints/best_model.pth
2025-01-06 07:28:51,527 - INFO - --------------------------------------------------
2025-01-06 07:28:51,528 - INFO - Epoch 7/20
2025-01-06 07:29:19,222 - INFO - Training metrics: {'loss': 479.46788739223103, 'rmse': 18.07844736524275, 'mae': 9.117465873559317, 'ndcg': 0.5864700805030617}
2025-01-06 07:29:23,895 - INFO - Validation metrics: {'loss': 559.3121662513882, 'rmse': 18.164222532000952, 'mae': 7.868163249071906, 'ndcg': 0.6119306661626872}
2025-01-06 07:29:24,132 - INFO - Saved best model to checkpoints/best_model.pth
2025-01-06 07:29:24,132 - INFO - --------------------------------------------------
2025-01-06 07:29:24,132 - INFO - Epoch 8/20
2025-01-06 07:29:55,577 - INFO - Training metrics: {'loss': 457.02824627651887, 'rmse': 17.797601736542102, 'mae': 8.957357449858796, 'ndcg': 0.6134212004641691}
2025-01-06 07:29:58,744 - INFO - Validation metrics: {'loss': 515.8997481103037, 'rmse': 17.69707722432843, 'mae': 7.834562451231713, 'ndcg': 0.6350466194106084}
2025-01-06 07:29:59,010 - INFO - Saved best model to checkpoints/best_model.pth
2025-01-06 07:29:59,011 - INFO - --------------------------------------------------
2025-01-06 07:29:59,011 - INFO - Epoch 9/20
2025-01-06 07:30:20,888 - INFO - Training metrics: {'loss': 432.05988594129974, 'rmse': 17.25609190685367, 'mae': 8.752355233711356, 'ndcg': 0.6214594188347167}
2025-01-06 07:30:24,089 - INFO - Validation metrics: {'loss': 476.1597553888957, 'rmse': 17.13642700503584, 'mae': 7.699770635249568, 'ndcg': 0.6468084572869188}
2025-01-06 07:30:24,282 - INFO - Saved best model to checkpoints/best_model.pth
2025-01-06 07:30:24,282 - INFO - --------------------------------------------------
2025-01-06 07:30:24,283 - INFO - Epoch 10/20
2025-01-06 07:30:45,147 - INFO - Training metrics: {'loss': 403.2550349843268, 'rmse': 16.786142256860124, 'mae': 8.66595836188279, 'ndcg': 0.6291154717989996}
2025-01-06 07:30:48,437 - INFO - Validation metrics: {'loss': 444.178136956458, 'rmse': 16.746199141131452, 'mae': 7.441204716177547, 'ndcg': 0.6615516828263507}
2025-01-06 07:30:48,741 - INFO - Saved best model to checkpoints/best_model.pth
2025-01-06 07:30:48,742 - INFO - --------------------------------------------------
2025-01-06 07:30:48,742 - INFO - Epoch 11/20
                                                                                                                                                                                                                                                                                                                                                                                                                                                                                                                                                    2025-01-06 14:45:00,979 - INFO - Using device: cuda
2025-01-06 14:45:01,588 - INFO - CUDA Device: NVIDIA GeForce GTX 1050
2025-01-06 14:45:02,317 - INFO - Training fold 1/5
2025-01-06 14:45:02,878 - INFO - Training on device: cuda
2025-01-06 14:45:02,878 - INFO - CUDA Device: NVIDIA GeForce GTX 1050
2025-01-06 14:45:02,879 - INFO - CUDA Memory Allocated: 0.00 GB
2025-01-06 14:45:07,603 - INFO - Epoch 1/20
2025-01-06 14:46:04,143 - INFO - Training metrics: {'loss': 694.4108385198257, 'rmse': 23.55425355014911, 'mae': 14.331072097899867, 'ndcg': 0.43930333779723035}
2025-01-06 14:46:22,092 - INFO - Validation metrics: {'loss': 831.5556300668155, 'rmse': 22.91989992204512, 'mae': 10.792404876035803, 'ndcg': 0.46388668457374854}
2025-01-06 14:46:22,466 - INFO - Saved best model to checkpoints/best_model.pth
2025-01-06 14:46:22,467 - INFO - --------------------------------------------------
2025-01-06 14:46:22,467 - INFO - Epoch 2/20
2025-01-06 14:47:58,642 - INFO - Training metrics: {'loss': 574.8961185661017, 'rmse': 20.342859206766423, 'mae': 11.410130717006384, 'ndcg': 0.47748480136414956}
2025-01-06 14:48:08,111 - INFO - Validation metrics: {'loss': 782.5641621795355, 'rmse': 21.696776523436665, 'mae': 9.644853568544574, 'ndcg': 0.49851688194800825}
2025-01-06 14:48:08,434 - INFO - Saved best model to checkpoints/best_model.pth
2025-01-06 14:48:08,434 - INFO - --------------------------------------------------
2025-01-06 14:48:08,435 - INFO - Epoch 3/20
2025-01-06 14:49:03,619 - INFO - Training metrics: {'loss': 538.5984552794812, 'rmse': 19.336191766254245, 'mae': 10.318744519177605, 'ndcg': 0.4964949971831897}
2025-01-06 14:49:11,353 - INFO - Validation metrics: {'loss': 770.0071639266669, 'rmse': 21.437206844134263, 'mae': 9.314968983332315, 'ndcg': 0.5408847609571382}
2025-01-06 14:49:11,635 - INFO - Saved best model to checkpoints/best_model.pth
2025-01-06 14:49:11,636 - INFO - --------------------------------------------------
2025-01-06 14:49:11,637 - INFO - Epoch 4/20
2025-01-06 14:50:01,483 - INFO - Training metrics: {'loss': 513.5574635056888, 'rmse': 18.630029474977633, 'mae': 9.727396956845826, 'ndcg': 0.5402961908383113}
2025-01-06 14:50:08,302 - INFO - Validation metrics: {'loss': 738.2707348617853, 'rmse': 21.013986238052194, 'mae': 9.05805440276277, 'ndcg': 0.5898773141351401}
2025-01-06 14:50:08,464 - INFO - Saved best model to checkpoints/best_model.pth
2025-01-06 14:50:08,464 - INFO - --------------------------------------------------
2025-01-06 14:50:08,465 - INFO - Epoch 5/20
2025-01-06 14:50:50,769 - INFO - Training metrics: {'loss': 488.17649782872667, 'rmse': 18.217865272655203, 'mae': 9.390779635485481, 'ndcg': 0.5677964976605248}
2025-01-06 14:50:55,618 - INFO - Validation metrics: {'loss': 701.4959735309376, 'rmse': 20.50396813376143, 'mae': 8.862701892852783, 'ndcg': 0.5847410851833867}
2025-01-06 14:50:55,856 - INFO - Saved best model to checkpoints/best_model.pth
2025-01-06 14:50:55,859 - INFO - --------------------------------------------------
2025-01-06 14:50:55,860 - INFO - Epoch 6/20
2025-01-06 14:51:33,343 - INFO - Training metrics: {'loss': 463.9540108933168, 'rmse': 17.971154490628283, 'mae': 9.209663647062639, 'ndcg': 0.585081705933108}
2025-01-06 14:51:38,799 - INFO - Validation metrics: {'loss': 711.9243866976569, 'rmse': 20.567149198632688, 'mae': 8.742973764737448, 'ndcg': 0.6326291677998561}
2025-01-06 14:51:38,935 - INFO - --------------------------------------------------
2025-01-06 14:51:38,936 - INFO - Epoch 7/20
2025-01-06 14:52:22,187 - INFO - Training metrics: {'loss': 435.4036983321695, 'rmse': 17.358761788114194, 'mae': 9.070075072494207, 'ndcg': 0.609601998811259}
2025-01-06 14:52:28,319 - INFO - Validation metrics: {'loss': 599.4094279794132, 'rmse': 19.29200765696275, 'mae': 8.477967598859001, 'ndcg': 0.6564977331196561}
2025-01-06 14:52:28,535 - INFO - Saved best model to checkpoints/best_model.pth
2025-01-06 14:52:28,537 - INFO - --------------------------------------------------
2025-01-06 14:52:28,539 - INFO - Epoch 8/20
2025-01-06 14:53:07,465 - INFO - Training metrics: {'loss': 401.7693320489397, 'rmse': 16.84204134484229, 'mae': 8.77683984356768, 'ndcg': 0.63412057027659}
2025-01-06 14:53:13,011 - INFO - Validation metrics: {'loss': 521.4450785132016, 'rmse': 18.14237355962389, 'mae': 8.249914145937153, 'ndcg': 0.6703718190684038}
2025-01-06 14:53:13,253 - INFO - Saved best model to checkpoints/best_model.pth
2025-01-06 14:53:13,255 - INFO - --------------------------------------------------
2025-01-06 14:53:13,257 - INFO - Epoch 9/20
2025-01-06 14:53:47,757 - INFO - Training metrics: {'loss': 364.16760632103563, 'rmse': 16.306239165116956, 'mae': 8.645532622056848, 'ndcg': 0.649991103466235}
2025-01-06 14:53:52,586 - INFO - Validation metrics: {'loss': 450.44151306152344, 'rmse': 17.123710631588143, 'mae': 7.934844201686335, 'ndcg': 0.6806040211927658}
2025-01-06 14:53:52,838 - INFO - Saved best model to checkpoints/best_model.pth
2025-01-06 14:53:52,839 - INFO - --------------------------------------------------
2025-01-06 14:53:52,839 - INFO - Epoch 10/20
2025-01-06 14:54:37,385 - INFO - Training metrics: {'loss': 320.54580345340804, 'rmse': 15.269693970867095, 'mae': 8.314033482588973, 'ndcg': 0.6739591865562925}
2025-01-06 14:54:45,431 - INFO - Validation metrics: {'loss': 406.0404980977376, 'rmse': 16.364391551693718, 'mae': 7.782778027010899, 'ndcg': 0.6904929011475807}
2025-01-06 14:54:45,833 - INFO - Saved best model to checkpoints/best_model.pth
2025-01-06 14:54:45,834 - INFO - --------------------------------------------------
2025-01-06 14:54:45,834 - INFO - Epoch 11/20
2025-01-06 14:55:37,381 - INFO - Training metrics: {'loss': 287.28448085223926, 'rmse': 14.529785345251641, 'mae': 8.066168648355147, 'ndcg': 0.6811004237582287}
2025-01-06 14:55:46,305 - INFO - Validation metrics: {'loss': 361.79865846446916, 'rmse': 15.550022162768988, 'mae': 7.584256139456057, 'ndcg': 0.6989152218196907}
2025-01-06 14:55:46,715 - INFO - Saved best model to checkpoints/best_model.pth
2025-01-06 14:55:46,715 - INFO - --------------------------------------------------
2025-01-06 14:55:46,716 - INFO - Epoch 12/20
2025-01-06 14:56:40,739 - INFO - Training metrics: {'loss': 265.17818115271774, 'rmse': 13.976795912738275, 'mae': 7.792693610284843, 'ndcg': 0.6950673304279061}
2025-01-06 14:56:51,704 - INFO - Validation metrics: {'loss': 347.78532557393993, 'rmse': 15.184446881529563, 'mae': 7.473491778560713, 'ndcg': 0.7043736420717894}
2025-01-06 14:56:52,146 - INFO - Saved best model to checkpoints/best_model.pth
2025-01-06 14:56:52,146 - INFO - --------------------------------------------------
2025-01-06 14:56:52,147 - INFO - Epoch 13/20
2025-01-06 14:57:51,281 - INFO - Training metrics: {'loss': 246.88977762297088, 'rmse': 13.499031289564275, 'mae': 7.599113008555244, 'ndcg': 0.7121295178783875}
2025-01-06 14:57:58,823 - INFO - Validation metrics: {'loss': 343.26600751689836, 'rmse': 15.042306367840533, 'mae': 7.380069957059972, 'ndcg': 0.724358023089521}
2025-01-06 14:57:59,152 - INFO - Saved best model to checkpoints/best_model.pth
2025-01-06 14:57:59,153 - INFO - --------------------------------------------------
2025-01-06 14:57:59,153 - INFO - Epoch 14/20
2025-01-06 14:58:48,312 - INFO - Training metrics: {'loss': 231.42573133636924, 'rmse': 13.14388939454399, 'mae': 7.449184943647945, 'ndcg': 0.7273898257636556}
2025-01-06 14:58:56,547 - INFO - Validation metrics: {'loss': 328.8367396148981, 'rmse': 14.617890016577626, 'mae': 7.233330672862483, 'ndcg': 0.7183636096762676}
2025-01-06 14:58:56,890 - INFO - Saved best model to checkpoints/best_model.pth
2025-01-06 14:58:56,892 - INFO - --------------------------------------------------
2025-01-06 14:58:56,892 - INFO - Epoch 15/20
2025-01-06 14:59:44,193 - INFO - Training metrics: {'loss': 222.45251090853822, 'rmse': 12.906234788654691, 'mae': 7.3131212031140045, 'ndcg': 0.7359795145617396}
2025-01-06 14:59:50,761 - INFO - Validation metrics: {'loss': 330.46988719117405, 'rmse': 14.618920281651553, 'mae': 7.219999635920805, 'ndcg': 0.7321698151382745}
2025-01-06 14:59:50,884 - INFO - --------------------------------------------------
2025-01-06 14:59:50,884 - INFO - Epoch 16/20
2025-01-06 15:00:34,533 - INFO - Training metrics: {'loss': 213.64365849775427, 'rmse': 12.516011326450384, 'mae': 7.118488023678462, 'ndcg': 0.7489780943621608}
2025-01-06 15:00:42,827 - INFO - Validation metrics: {'loss': 313.4933849783505, 'rmse': 14.13752240727426, 'mae': 7.053041369307275, 'ndcg': 0.7402844461155873}
2025-01-06 15:00:43,219 - INFO - Saved best model to checkpoints/best_model.pth
2025-01-06 15:00:43,220 - INFO - --------------------------------------------------
2025-01-06 15:00:43,220 - INFO - Epoch 17/20
2025-01-06 15:01:30,811 - INFO - Training metrics: {'loss': 201.6299388034671, 'rmse': 12.310893598675182, 'mae': 7.0407668872206814, 'ndcg': 0.7554138293307201}
2025-01-06 15:01:35,816 - INFO - Validation metrics: {'loss': 309.0425083870981, 'rmse': 13.9773708101044, 'mae': 6.93237426701714, 'ndcg': 0.7421609570874887}
2025-01-06 15:01:36,173 - INFO - Saved best model to checkpoints/best_model.pth
2025-01-06 15:01:36,174 - INFO - --------------------------------------------------
2025-01-06 15:01:36,175 - INFO - Epoch 18/20
2025-01-06 15:02:19,768 - INFO - Training metrics: {'loss': 192.8023348836338, 'rmse': 11.942260357798983, 'mae': 6.885992990404952, 'ndcg': 0.7715891176725135}
2025-01-06 15:02:25,374 - INFO - Validation metrics: {'loss': 301.4305816351199, 'rmse': 13.729347097622826, 'mae': 6.832652388834486, 'ndcg': 0.7574374535504509}
2025-01-06 15:02:25,670 - INFO - Saved best model to checkpoints/best_model.pth
2025-01-06 15:02:25,671 - INFO - --------------------------------------------------
2025-01-06 15:02:25,671 - INFO - Epoch 19/20
2025-01-06 15:03:13,275 - INFO - Training metrics: {'loss': 186.8941739540474, 'rmse': 11.787825932967147, 'mae': 6.722545460743063, 'ndcg': 0.7824179446142093}
2025-01-06 15:03:18,659 - INFO - Validation metrics: {'loss': 285.39242865992526, 'rmse': 13.317728692787778, 'mae': 6.761595328648885, 'ndcg': 0.7655788131204306}
2025-01-06 15:03:18,934 - INFO - Saved best model to checkpoints/best_model.pth
2025-01-06 15:03:18,934 - INFO - --------------------------------------------------
2025-01-06 15:03:18,935 - INFO - Epoch 20/20
2025-01-06 15:03:58,395 - INFO - Training metrics: {'loss': 171.5919105305391, 'rmse': 11.34115799194355, 'mae': 6.579351089164322, 'ndcg': 0.7863274033674422}
2025-01-06 15:04:03,014 - INFO - Validation metrics: {'loss': 284.03775013194365, 'rmse': 13.36576844630941, 'mae': 6.717197163432252, 'ndcg': 0.7634868975363526}
2025-01-06 15:04:03,266 - INFO - Saved best model to checkpoints/best_model.pth
2025-01-06 15:04:03,267 - INFO - --------------------------------------------------
2025-01-06 15:04:09,695 - INFO - New best model from fold 1
2025-01-06 15:04:09,696 - INFO - Training fold 2/5
2025-01-06 15:04:10,246 - INFO - Training on device: cuda
2025-01-06 15:04:10,246 - INFO - CUDA Device: NVIDIA GeForce GTX 1050
2025-01-06 15:04:10,247 - INFO - CUDA Memory Allocated: 0.02 GB
2025-01-06 15:04:10,276 - INFO - Epoch 1/20
2025-01-06 15:04:48,945 - INFO - Training metrics: {'loss': 810.4476763968374, 'rmse': 24.943233354050655, 'mae': 15.426890213115543, 'ndcg': 0.4351755460432055}
2025-01-06 15:04:52,279 - INFO - Validation metrics: {'loss': 593.5005639394125, 'rmse': 20.20666093478596, 'mae': 10.306370033937341, 'ndcg': 0.4571809270510487}
2025-01-06 15:04:52,478 - INFO - Saved best model to checkpoints/best_model.pth
2025-01-06 15:04:52,480 - INFO - --------------------------------------------------
2025-01-06 15:04:52,481 - INFO - Epoch 2/20
2025-01-06 15:05:24,004 - INFO - Training metrics: {'loss': 641.9569349756428, 'rmse': 21.241063877545926, 'mae': 11.999230742454529, 'ndcg': 0.46976981196990786}
2025-01-06 15:05:28,535 - INFO - Validation metrics: {'loss': 562.2550683115043, 'rmse': 19.389912379669383, 'mae': 9.441310592726165, 'ndcg': 0.4989469464795262}
2025-01-06 15:05:28,775 - INFO - Saved best model to checkpoints/best_model.pth
2025-01-06 15:05:28,775 - INFO - --------------------------------------------------
2025-01-06 15:05:28,776 - INFO - Epoch 3/20
2025-01-06 15:05:50,972 - INFO - Training metrics: {'loss': 612.4665678061691, 'rmse': 20.692929591816753, 'mae': 11.09852739058289, 'ndcg': 0.4830558727696246}
2025-01-06 15:05:54,035 - INFO - Validation metrics: {'loss': 533.6918707080916, 'rmse': 18.702860482727196, 'mae': 8.734919272217097, 'ndcg': 0.5246585157572055}
2025-01-06 15:05:54,149 - INFO - Saved best model to checkpoints/best_model.pth
2025-01-06 15:05:54,149 - INFO - --------------------------------------------------
2025-01-06 15:05:54,149 - INFO - Epoch 4/20
2025-01-06 15:06:15,336 - INFO - Training metrics: {'loss': 567.8903476116704, 'rmse': 19.521720778914315, 'mae': 10.508468639616872, 'ndcg': 0.5298301268405482}
2025-01-06 15:06:18,853 - INFO - Validation metrics: {'loss': 512.2998345692953, 'rmse': 18.397112377191515, 'mae': 8.612189313944649, 'ndcg': 0.56130107872042}
2025-01-06 15:06:19,047 - INFO - Saved best model to checkpoints/best_model.pth
2025-01-06 15:06:19,047 - INFO - --------------------------------------------------
2025-01-06 15:06:19,047 - INFO - Epoch 5/20
2025-01-06 15:06:44,240 - INFO - Training metrics: {'loss': 544.9063981748095, 'rmse': 19.293205829557067, 'mae': 10.144985601013781, 'ndcg': 0.5447625653891295}
2025-01-06 15:06:47,782 - INFO - Validation metrics: {'loss': 494.15518951416016, 'rmse': 18.212950730325627, 'mae': 8.733071032692404, 'ndcg': 0.5572255874673525}
2025-01-06 15:06:47,906 - INFO - Saved best model to checkpoints/best_model.pth
2025-01-06 15:06:47,906 - INFO - --------------------------------------------------
2025-01-06 15:06:47,906 - INFO - Epoch 6/20
2025-01-06 15:07:18,630 - INFO - Training metrics: {'loss': 518.138516809426, 'rmse': 18.773653883524297, 'mae': 9.856431528633715, 'ndcg': 0.5667562058524174}
2025-01-06 15:07:22,086 - INFO - Validation metrics: {'loss': 471.094329179502, 'rmse': 17.707021899406662, 'mae': 8.283432787539912, 'ndcg': 0.5891161412000656}
2025-01-06 15:07:22,283 - INFO - Saved best model to checkpoints/best_model.pth
2025-01-06 15:07:22,284 - INFO - --------------------------------------------------
2025-01-06 15:07:22,284 - INFO - Epoch 7/20
2025-01-06 15:07:56,133 - INFO - Training metrics: {'loss': 469.8456715322008, 'rmse': 17.923641970328536, 'mae': 9.61863355776843, 'ndcg': 0.5930247904148465}
2025-01-06 15:08:00,095 - INFO - Validation metrics: {'loss': 450.7279927496817, 'rmse': 17.5268097173655, 'mae': 8.396638720643287, 'ndcg': 0.6024560561659289}
2025-01-06 15:08:00,273 - INFO - Saved best model to checkpoints/best_model.pth
2025-01-06 15:08:00,273 - INFO - --------------------------------------------------
2025-01-06 15:08:00,273 - INFO - Epoch 8/20
2025-01-06 15:08:33,308 - INFO - Training metrics: {'loss': 444.7087073513106, 'rmse': 17.411156210146974, 'mae': 9.333138714818393, 'ndcg': 0.6073779283712307}
2025-01-06 15:08:38,876 - INFO - Validation metrics: {'loss': 422.67374499638873, 'rmse': 17.1126276944938, 'mae': 8.322321952558031, 'ndcg': 0.6011702844909593}
2025-01-06 15:08:39,048 - INFO - Saved best model to checkpoints/best_model.pth
2025-01-06 15:08:39,049 - INFO - --------------------------------------------------
2025-01-06 15:08:39,049 - INFO - Epoch 9/20
2025-01-06 15:09:15,742 - INFO - Training metrics: {'loss': 414.6396544961368, 'rmse': 16.94264962144099, 'mae': 9.044532061791887, 'ndcg': 0.6380674637050605}
2025-01-06 15:09:20,376 - INFO - Validation metrics: {'loss': 401.19871414408965, 'rmse': 16.721544716584674, 'mae': 8.06845306415184, 'ndcg': 0.6603869074115566}
2025-01-06 15:09:20,495 - INFO - Saved best model to checkpoints/best_model.pth
2025-01-06 15:09:20,496 - INFO - --------------------------------------------------
2025-01-06 15:09:20,496 - INFO - Epoch 10/20
2025-01-06 15:09:49,849 - INFO - Training metrics: {'loss': 400.9848317445493, 'rmse': 16.665994946034747, 'mae': 8.946308117286831, 'ndcg': 0.6519378572702408}
2025-01-06 15:09:53,305 - INFO - Validation metrics: {'loss': 374.70008251713773, 'rmse': 16.35171452427922, 'mae': 7.969943965182585, 'ndcg': 0.6503264065466675}
2025-01-06 15:09:53,449 - INFO - Saved best model to checkpoints/best_model.pth
2025-01-06 15:09:53,449 - INFO - --------------------------------------------------
2025-01-06 15:09:53,449 - INFO - Epoch 11/20
2025-01-06 15:10:23,363 - INFO - Training metrics: {'loss': 370.9324994835199, 'rmse': 16.135972694499827, 'mae': 8.715195291182575, 'ndcg': 0.6718976306637713}
2025-01-06 15:10:26,560 - INFO - Validation metrics: {'loss': 336.5708817874684, 'rmse': 15.752521850110305, 'mae': 7.796639257786321, 'ndcg': 0.664960604964518}
2025-01-06 15:10:26,718 - INFO - Saved best model to checkpoints/best_model.pth
2025-01-06 15:10:26,719 - INFO - --------------------------------------------------
2025-01-06 15:10:26,719 - INFO - Epoch 12/20
2025-01-06 15:10:50,513 - INFO - Training metrics: {'loss': 349.1669633435268, 'rmse': 15.629188521828821, 'mae': 8.58135490323983, 'ndcg': 0.6926859861203268}
2025-01-06 15:10:53,231 - INFO - Validation metrics: {'loss': 309.31573379740996, 'rmse': 15.281661215127102, 'mae': 7.743387264363906, 'ndcg': 0.6829133404820573}
2025-01-06 15:10:53,418 - INFO - Saved best model to checkpoints/best_model.pth
2025-01-06 15:10:53,419 - INFO - --------------------------------------------------
2025-01-06 15:10:53,419 - INFO - Epoch 13/20
2025-01-06 15:24:06,394 - INFO - Training metrics: {'loss': 320.6132914832994, 'rmse': 14.876999452717842, 'mae': 8.23206926794613, 'ndcg': 0.7139790488370493}
2025-01-06 15:24:15,149 - INFO - Validation metrics: {'loss': 273.07731873381374, 'rmse': 14.544436027323073, 'mae': 7.533211808578641, 'ndcg': 0.6922981788714727}
2025-01-06 15:24:15,538 - INFO - Saved best model to checkpoints/best_model.pth
2025-01-06 15:24:15,539 - INFO - --------------------------------------------------
2025-01-06 15:24:15,539 - INFO - Epoch 14/20
2025-01-06 15:24:44,251 - INFO - Training metrics: {'loss': 290.8033441328535, 'rmse': 14.334403811063044, 'mae': 7.997294143134472, 'ndcg': 0.7309922241770169}
2025-01-06 15:24:48,529 - INFO - Validation metrics: {'loss': 249.82177648357316, 'rmse': 13.970403653500677, 'mae': 7.332108371398029, 'ndcg': 0.6913901862560534}
2025-01-06 15:24:48,686 - INFO - Saved best model to checkpoints/best_model.pth
2025-01-06 15:24:48,687 - INFO - --------------------------------------------------
2025-01-06 15:24:48,687 - INFO - Epoch 15/20
2025-01-06 15:25:14,774 - INFO - Training metrics: {'loss': 274.82435354999467, 'rmse': 14.069621003061588, 'mae': 7.780256016581666, 'ndcg': 0.7317577046798724}
2025-01-06 15:25:18,130 - INFO - Validation metrics: {'loss': 240.1804230072919, 'rmse': 13.72396106560427, 'mae': 7.202485091546002, 'ndcg': 0.7104079112702725}
2025-01-06 15:25:18,298 - INFO - Saved best model to checkpoints/best_model.pth
2025-01-06 15:25:18,298 - INFO - --------------------------------------------------
2025-01-06 15:25:18,298 - INFO - Epoch 16/20
2025-01-06 15:25:43,398 - INFO - Training metrics: {'loss': 243.03893681133493, 'rmse': 13.21940715681927, 'mae': 7.5260526911885135, 'ndcg': 0.7447033033651465}
2025-01-06 15:25:47,271 - INFO - Validation metrics: {'loss': 220.12515249439315, 'rmse': 13.080971552779106, 'mae': 6.98274697041979, 'ndcg': 0.7168538529498905}
2025-01-06 15:25:47,435 - INFO - Saved best model to checkpoints/best_model.pth
2025-01-06 15:25:47,435 - INFO - --------------------------------------------------
2025-01-06 15:25:47,436 - INFO - Epoch 17/20
2025-01-06 15:26:12,798 - INFO - Training metrics: {'loss': 225.43442388141855, 'rmse': 12.833520160300239, 'mae': 7.290841158698587, 'ndcg': 0.7601787808040777}
2025-01-06 15:26:16,477 - INFO - Validation metrics: {'loss': 214.5528881222594, 'rmse': 12.920853108027947, 'mae': 6.961885844959932, 'ndcg': 0.7074131305311241}
2025-01-06 15:26:16,785 - INFO - Saved best model to checkpoints/best_model.pth
2025-01-06 15:26:16,785 - INFO - --------------------------------------------------
2025-01-06 15:26:16,785 - INFO - Epoch 18/20
2025-01-06 15:26:42,625 - INFO - Training metrics: {'loss': 224.8157026907977, 'rmse': 12.66176621204651, 'mae': 7.150280216160943, 'ndcg': 0.7649034973891342}
2025-01-06 15:26:46,987 - INFO - Validation metrics: {'loss': 206.04623411215988, 'rmse': 12.48560478401053, 'mae': 6.729252471643336, 'ndcg': 0.7212854124167386}
2025-01-06 15:26:47,265 - INFO - Saved best model to checkpoints/best_model.pth
2025-01-06 15:26:47,266 - INFO - --------------------------------------------------
2025-01-06 15:26:47,266 - INFO - Epoch 19/20
2025-01-06 15:27:16,542 - INFO - Training metrics: {'loss': 207.2782764925676, 'rmse': 12.214115604331466, 'mae': 6.997629848765392, 'ndcg': 0.7649714184157989}
2025-01-06 15:27:20,601 - INFO - Validation metrics: {'loss': 203.99911573821424, 'rmse': 12.522507088741095, 'mae': 6.695485397881153, 'ndcg': 0.7163141659077477}
2025-01-06 15:27:20,785 - INFO - Saved best model to checkpoints/best_model.pth
2025-01-06 15:27:20,786 - INFO - --------------------------------------------------
2025-01-06 15:27:20,786 - INFO - Epoch 20/20
2025-01-06 15:27:50,708 - INFO - Training metrics: {'loss': 205.61152898096572, 'rmse': 12.160513233593985, 'mae': 6.8790372510751085, 'ndcg': 0.7726005281449533}
2025-01-06 15:27:52,994 - INFO - Validation metrics: {'loss': 194.661205441344, 'rmse': 12.1813354893636, 'mae': 6.452303664357054, 'ndcg': 0.7247398857976876}
2025-01-06 15:27:53,150 - INFO - Saved best model to checkpoints/best_model.pth
2025-01-06 15:27:53,151 - INFO - --------------------------------------------------
2025-01-06 15:27:55,533 - INFO - New best model from fold 2
2025-01-06 15:27:55,534 - INFO - Training fold 3/5
2025-01-06 15:27:55,729 - INFO - Training on device: cuda
2025-01-06 15:27:55,730 - INFO - CUDA Device: NVIDIA GeForce GTX 1050
2025-01-06 15:27:55,730 - INFO - CUDA Memory Allocated: 0.02 GB
2025-01-06 15:27:55,749 - INFO - Epoch 1/20
2025-01-06 15:28:15,391 - INFO - Training metrics: {'loss': 750.7113438587563, 'rmse': 23.467006109541607, 'mae': 14.110496485934538, 'ndcg': 0.4323676812699905}
2025-01-06 15:28:17,658 - INFO - Validation metrics: {'loss': 588.361842361151, 'rmse': 20.893816127629176, 'mae': 10.362263817413181, 'ndcg': 0.47870701624482287}
2025-01-06 15:28:17,789 - INFO - Saved best model to checkpoints/best_model.pth
2025-01-06 15:28:17,789 - INFO - --------------------------------------------------
2025-01-06 15:28:17,789 - INFO - Epoch 2/20
2025-01-06 15:28:47,872 - INFO - Training metrics: {'loss': 629.2907046897739, 'rmse': 20.816139283996296, 'mae': 11.501445176554661, 'ndcg': 0.4627054822905099}
2025-01-06 15:28:53,698 - INFO - Validation metrics: {'loss': 549.9456200693168, 'rmse': 19.70184420991329, 'mae': 9.254346389396519, 'ndcg': 0.5279135316902516}
2025-01-06 15:28:53,971 - INFO - Saved best model to checkpoints/best_model.pth
2025-01-06 15:28:53,971 - INFO - --------------------------------------------------
2025-01-06 15:28:53,972 - INFO - Epoch 3/20
2025-01-06 15:29:28,995 - INFO - Training metrics: {'loss': 595.4950848186718, 'rmse': 20.057220973903988, 'mae': 10.675859734123827, 'ndcg': 0.48936698149305347}
2025-01-06 15:29:32,960 - INFO - Validation metrics: {'loss': 534.6581845564001, 'rmse': 19.44281627314655, 'mae': 8.932274809070663, 'ndcg': 0.5524279497125569}
2025-01-06 15:29:33,168 - INFO - Saved best model to checkpoints/best_model.pth
2025-01-06 15:29:33,168 - INFO - --------------------------------------------------
2025-01-06 15:29:33,168 - INFO - Epoch 4/20
2025-01-06 15:30:01,529 - INFO - Training metrics: {'loss': 565.6293847888123, 'rmse': 19.286246370474295, 'mae': 10.250450368021049, 'ndcg': 0.5223314742393353}
2025-01-06 15:30:04,362 - INFO - Validation metrics: {'loss': 522.015154801163, 'rmse': 19.22637951765271, 'mae': 8.849990431000204, 'ndcg': 0.5633491954090548}
2025-01-06 15:30:04,559 - INFO - Saved best model to checkpoints/best_model.pth
2025-01-06 15:30:04,559 - INFO - --------------------------------------------------
2025-01-06 15:30:04,559 - INFO - Epoch 5/20
2025-01-06 15:30:46,844 - INFO - Training metrics: {'loss': 549.427321434021, 'rmse': 18.954325605765998, 'mae': 9.927401519289203, 'ndcg': 0.5382832472815233}
2025-01-06 15:30:49,279 - INFO - Validation metrics: {'loss': 508.4988122827867, 'rmse': 18.93602398230099, 'mae': 8.623824764700498, 'ndcg': 0.5847553149157879}
2025-01-06 15:30:49,419 - INFO - Saved best model to checkpoints/best_model.pth
2025-01-06 15:30:49,419 - INFO - --------------------------------------------------
2025-01-06 15:30:49,419 - INFO - Epoch 6/20
2025-01-06 15:31:31,585 - INFO - Training metrics: {'loss': 523.792337286706, 'rmse': 18.536755797131423, 'mae': 9.629512514553818, 'ndcg': 0.5695867130131114}
2025-01-06 15:31:36,334 - INFO - Validation metrics: {'loss': 468.6699239693436, 'rmse': 18.261798696026407, 'mae': 8.667015982609168, 'ndcg': 0.6253527588411874}
2025-01-06 15:31:36,586 - INFO - Saved best model to checkpoints/best_model.pth
2025-01-06 15:31:36,587 - INFO - --------------------------------------------------
2025-01-06 15:31:36,587 - INFO - Epoch 7/20
2025-01-06 15:32:02,924 - INFO - Training metrics: {'loss': 501.5082601191951, 'rmse': 18.289170187598245, 'mae': 9.444452288104038, 'ndcg': 0.5934342079814158}
2025-01-06 15:32:05,881 - INFO - Validation metrics: {'loss': 454.58857044519164, 'rmse': 18.019998918649197, 'mae': 8.460942067351995, 'ndcg': 0.6564007395622777}
2025-01-06 15:32:06,098 - INFO - Saved best model to checkpoints/best_model.pth
2025-01-06 15:32:06,099 - INFO - --------------------------------------------------
2025-01-06 15:32:06,099 - INFO - Epoch 8/20
2025-01-06 15:32:46,309 - INFO - Training metrics: {'loss': 471.6523643100963, 'rmse': 17.671044498234792, 'mae': 9.294319560714797, 'ndcg': 0.6058859678314013}
2025-01-06 15:32:51,422 - INFO - Validation metrics: {'loss': 423.65102629568065, 'rmse': 17.43182062638005, 'mae': 8.344091328920102, 'ndcg': 0.6677291383053742}
2025-01-06 15:32:51,638 - INFO - Saved best model to checkpoints/best_model.pth
2025-01-06 15:32:51,638 - INFO - --------------------------------------------------
2025-01-06 15:32:51,639 - INFO - Epoch 9/20
2025-01-06 15:33:31,736 - INFO - Training metrics: {'loss': 437.1273641212314, 'rmse': 17.063390571561275, 'mae': 9.080839851323296, 'ndcg': 0.6340911657567702}
2025-01-06 15:33:34,127 - INFO - Validation metrics: {'loss': 416.80234542547487, 'rmse': 17.322055718564656, 'mae': 8.351577165080052, 'ndcg': 0.6635066782142601}
2025-01-06 15:33:34,272 - INFO - Saved best model to checkpoints/best_model.pth
2025-01-06 15:33:34,272 - INFO - --------------------------------------------------
2025-01-06 15:33:34,272 - INFO - Epoch 10/20
2025-01-06 15:34:14,191 - INFO - Training metrics: {'loss': 408.7509515004999, 'rmse': 16.751367643485406, 'mae': 8.955802848526076, 'ndcg': 0.6513648511951461}
2025-01-06 15:34:19,567 - INFO - Validation metrics: {'loss': 374.72375912759816, 'rmse': 16.48970692497286, 'mae': 8.070702085308, 'ndcg': 0.6856523769743302}
2025-01-06 15:34:19,821 - INFO - Saved best model to checkpoints/best_model.pth
2025-01-06 15:34:19,822 - INFO - --------------------------------------------------
2025-01-06 15:34:19,822 - INFO - Epoch 11/20
2025-01-06 15:34:50,352 - INFO - Training metrics: {'loss': 377.4144796249913, 'rmse': 16.088995473164385, 'mae': 8.664240537320866, 'ndcg': 0.6772307055984058}
2025-01-06 15:34:53,840 - INFO - Validation metrics: {'loss': 370.45301188674625, 'rmse': 16.333785409413775, 'mae': 8.019191180958467, 'ndcg': 0.708616115006746}
2025-01-06 15:34:54,033 - INFO - Saved best model to checkpoints/best_model.pth
2025-01-06 15:34:54,034 - INFO - --------------------------------------------------
2025-01-06 15:34:54,034 - INFO - Epoch 12/20
2025-01-06 15:35:22,125 - INFO - Training metrics: {'loss': 349.09681804507386, 'rmse': 15.553353717836105, 'mae': 8.462546454925164, 'ndcg': 0.6981733399717247}
2025-01-06 15:35:25,747 - INFO - Validation metrics: {'loss': 362.15389608869367, 'rmse': 16.122963456115965, 'mae': 7.9260421360240265, 'ndcg': 0.7301505054621136}
2025-01-06 15:35:25,959 - INFO - Saved best model to checkpoints/best_model.pth
2025-01-06 15:35:25,960 - INFO - --------------------------------------------------
2025-01-06 15:35:25,960 - INFO - Epoch 13/20
2025-01-06 15:36:18,563 - INFO - Training metrics: {'loss': 324.77386493776356, 'rmse': 15.051745758364664, 'mae': 8.256972762883878, 'ndcg': 0.7051335638571604}
2025-01-06 15:36:21,238 - INFO - Validation metrics: {'loss': 354.5317395902147, 'rmse': 15.987822609470308, 'mae': 7.853285934410843, 'ndcg': 0.7279536897937456}
2025-01-06 15:36:21,448 - INFO - Saved best model to checkpoints/best_model.pth
2025-01-06 15:36:21,448 - INFO - --------------------------------------------------
2025-01-06 15:36:21,448 - INFO - Epoch 14/20
2025-01-06 15:37:15,014 - INFO - Training metrics: {'loss': 294.98958744722256, 'rmse': 14.520410344576904, 'mae': 8.01653083749846, 'ndcg': 0.7197864871545165}
2025-01-06 15:37:22,614 - INFO - Validation metrics: {'loss': 348.1681970521515, 'rmse': 15.818466662387232, 'mae': 7.776568499265933, 'ndcg': 0.735239617672621}
2025-01-06 15:37:22,927 - INFO - Saved best model to checkpoints/best_model.pth
2025-01-06 15:37:22,928 - INFO - --------------------------------------------------
2025-01-06 15:37:22,928 - INFO - Epoch 15/20
2025-01-06 15:38:24,651 - INFO - Training metrics: {'loss': 283.37981538211596, 'rmse': 14.116840949518505, 'mae': 7.846065629931057, 'ndcg': 0.7299746935274086}
2025-01-06 15:38:31,095 - INFO - Validation metrics: {'loss': 340.3179175245996, 'rmse': 15.511952385789813, 'mae': 7.612903662756378, 'ndcg': 0.7415364247326758}
2025-01-06 15:38:31,517 - INFO - Saved best model to checkpoints/best_model.pth
2025-01-06 15:38:31,518 - INFO - --------------------------------------------------
2025-01-06 15:38:31,519 - INFO - Epoch 16/20
2025-01-06 15:39:30,939 - INFO - Training metrics: {'loss': 250.26566829868392, 'rmse': 13.474498727811191, 'mae': 7.572907242120481, 'ndcg': 0.7437765631897777}
2025-01-06 15:39:39,050 - INFO - Validation metrics: {'loss': 311.08869517083264, 'rmse': 14.81428742342509, 'mae': 7.338871191529667, 'ndcg': 0.7547813247816235}
2025-01-06 15:39:39,368 - INFO - Saved best model to checkpoints/best_model.pth
2025-01-06 15:39:39,375 - INFO - --------------------------------------------------
2025-01-06 15:39:39,380 - INFO - Epoch 17/20
2025-01-06 15:40:23,198 - INFO - Training metrics: {'loss': 238.87955178933984, 'rmse': 13.144281226099887, 'mae': 7.383201759235532, 'ndcg': 0.7555239599417237}
2025-01-06 15:40:28,864 - INFO - Validation metrics: {'loss': 306.80590601528394, 'rmse': 14.708540511144543, 'mae': 7.3101506817574595, 'ndcg': 0.7562092381949518}
2025-01-06 15:40:29,395 - INFO - Saved best model to checkpoints/best_model.pth
2025-01-06 15:40:29,396 - INFO - --------------------------------------------------
2025-01-06 15:40:29,397 - INFO - Epoch 18/20
2025-01-06 15:40:55,052 - INFO - Training metrics: {'loss': 221.58278175896288, 'rmse': 12.718484207412411, 'mae': 7.199479674007378, 'ndcg': 0.7554619069777283}
2025-01-06 15:40:57,769 - INFO - Validation metrics: {'loss': 287.26236253626206, 'rmse': 14.333232777330025, 'mae': 7.139516676173491, 'ndcg': 0.7609989996634278}
2025-01-06 15:40:57,925 - INFO - Saved best model to checkpoints/best_model.pth
2025-01-06 15:40:57,925 - INFO - --------------------------------------------------
2025-01-06 15:40:57,926 - INFO - Epoch 19/20
2025-01-06 15:41:17,459 - INFO - Training metrics: {'loss': 215.34125521136266, 'rmse': 12.415546169590296, 'mae': 7.045218506280114, 'ndcg': 0.7694160922923509}
2025-01-06 15:41:19,932 - INFO - Validation metrics: {'loss': 273.89863412520464, 'rmse': 13.898686885347402, 'mae': 6.979317812358632, 'ndcg': 0.7682103117307028}
2025-01-06 15:41:20,124 - INFO - Saved best model to checkpoints/best_model.pth
2025-01-06 15:41:20,124 - INFO - --------------------------------------------------
2025-01-06 15:41:20,125 - INFO - Epoch 20/20
2025-01-06 15:41:40,280 - INFO - Training metrics: {'loss': 208.8435137271881, 'rmse': 12.172098088048045, 'mae': 6.907806180271447, 'ndcg': 0.778034115246698}
2025-01-06 15:41:43,094 - INFO - Validation metrics: {'loss': 274.98755432577696, 'rmse': 13.953615334434808, 'mae': 6.933205571829104, 'ndcg': 0.7606943056863897}
2025-01-06 15:41:43,178 - INFO - --------------------------------------------------
2025-01-06 15:41:45,503 - INFO - Training fold 4/5
2025-01-06 15:41:45,726 - INFO - Training on device: cuda
2025-01-06 15:41:45,726 - INFO - CUDA Device: NVIDIA GeForce GTX 1050
2025-01-06 15:41:45,727 - INFO - CUDA Memory Allocated: 0.02 GB
2025-01-06 15:41:45,737 - INFO - Epoch 1/20
2025-01-06 15:42:05,216 - INFO - Training metrics: {'loss': 940.5689154045255, 'rmse': 26.73196200027579, 'mae': 17.07891198349934, 'ndcg': 0.4227273591666245}
2025-01-06 15:42:08,007 - INFO - Validation metrics: {'loss': 471.02081291348327, 'rmse': 17.893428445787432, 'mae': 9.656847098294426, 'ndcg': 0.46941675143499}
2025-01-06 15:42:08,203 - INFO - Saved best model to checkpoints/best_model.pth
2025-01-06 15:42:08,203 - INFO - --------------------------------------------------
2025-01-06 15:42:08,203 - INFO - Epoch 2/20
2025-01-06 15:42:26,951 - INFO - Training metrics: {'loss': 676.4021944345212, 'rmse': 21.979523844361154, 'mae': 12.453029873324375, 'ndcg': 0.46152874405550603}
2025-01-06 15:42:29,970 - INFO - Validation metrics: {'loss': 447.55142440047916, 'rmse': 16.99254727060424, 'mae': 8.594071930530024, 'ndcg': 0.4908164258242822}
2025-01-06 15:42:30,139 - INFO - Saved best model to checkpoints/best_model.pth
2025-01-06 15:42:30,139 - INFO - --------------------------------------------------
2025-01-06 15:42:30,140 - INFO - Epoch 3/20
2025-01-06 15:42:50,946 - INFO - Using test data from: /home/martinson/Lhydra_rs/data/processed_data/test_data.csv
2025-01-06 15:42:50,947 - INFO - Using model from: /home/martinson/Lhydra_rs/recommender_system/rs_main_v2_refactored/checkpoints/best_model.pth
2025-01-06 15:42:51,041 - INFO - Loaded test data with 4075 samples
2025-01-06 15:42:51,598 - INFO - Model dimensions: {'music_dims': 1000, 'artist_dims': 500, 'genre_dims': 250, 'num_numerical': 12}
2025-01-06 15:42:51,653 - WARNING - Error loading model state: Error(s) in loading state_dict for HybridMusicRecommender:
	size mismatch for genre_layer.weight: copying a param with shape torch.Size([64, 12]) from checkpoint, the shape in current model is torch.Size([64, 250]).
2025-01-06 15:42:51,653 - WARNING - Initializing model with fresh weights
2025-01-06 15:42:51,766 - INFO - Prepared test dataset with 2038 samples
2025-01-06 15:42:51,859 - INFO - Model dimensions: {'music_dims': 1000, 'artist_dims': 500, 'genre_dims': 250, 'num_numerical': 12}
2025-01-06 15:42:52,095 - ERROR - Error during evaluation: mat1 and mat2 shapes cannot be multiplied (32x12 and 250x64)
2025-01-06 15:42:55,291 - INFO - Training metrics: {'loss': 636.4918339673211, 'rmse': 21.105026671642406, 'mae': 11.326650438355465, 'ndcg': 0.47869076351543854}
2025-01-06 15:42:58,200 - INFO - Validation metrics: {'loss': 442.09846548940624, 'rmse': 16.764986992564292, 'mae': 8.25371042653626, 'ndcg': 0.5104316844075334}
2025-01-06 15:42:58,352 - INFO - Saved best model to checkpoints/best_model.pth
2025-01-06 15:42:58,352 - INFO - --------------------------------------------------
2025-01-06 15:42:58,353 - INFO - Epoch 4/20
2025-01-06 15:43:21,909 - INFO - Training metrics: {'loss': 603.6811532880746, 'rmse': 20.386470022999845, 'mae': 10.647026157846637, 'ndcg': 0.5102771045640111}
2025-01-06 15:43:24,576 - INFO - Validation metrics: {'loss': 425.33430716570683, 'rmse': 16.385868797287124, 'mae': 7.981718808996911, 'ndcg': 0.5357722778822861}
2025-01-06 15:43:24,770 - INFO - Saved best model to checkpoints/best_model.pth
2025-01-06 15:43:24,770 - INFO - --------------------------------------------------
2025-01-06 15:43:24,771 - INFO - Epoch 5/20
2025-01-06 15:43:43,747 - INFO - Training metrics: {'loss': 590.5798541938557, 'rmse': 19.64175635300634, 'mae': 10.169271379124885, 'ndcg': 0.5417392780346906}
2025-01-06 15:43:46,145 - INFO - Validation metrics: {'loss': 412.4994175667856, 'rmse': 16.079873604153743, 'mae': 7.747002935877033, 'ndcg': 0.5536531039020595}
2025-01-06 15:43:46,463 - INFO - Saved best model to checkpoints/best_model.pth
2025-01-06 15:43:46,463 - INFO - --------------------------------------------------
2025-01-06 15:43:46,464 - INFO - Epoch 6/20
2025-01-06 15:44:08,889 - INFO - Training metrics: {'loss': 544.0637667693344, 'rmse': 19.152965558429923, 'mae': 9.772127828177284, 'ndcg': 0.5779065811897025}
2025-01-06 15:44:11,444 - INFO - Validation metrics: {'loss': 396.5322383431827, 'rmse': 15.711222019169627, 'mae': 7.645807228836358, 'ndcg': 0.5788815424722784}
2025-01-06 15:44:11,564 - INFO - Saved best model to checkpoints/best_model.pth
2025-01-06 15:44:11,564 - INFO - --------------------------------------------------
2025-01-06 15:44:11,565 - INFO - Epoch 7/20
2025-01-06 15:44:31,262 - INFO - Training metrics: {'loss': 523.5015367386388, 'rmse': 18.80189752442136, 'mae': 9.586818643644744, 'ndcg': 0.6000412157645413}
2025-01-06 15:44:33,772 - INFO - Validation metrics: {'loss': 374.57320101120894, 'rmse': 15.377138545769196, 'mae': 7.559475770183638, 'ndcg': 0.5883516968027049}
2025-01-06 15:44:33,897 - INFO - Saved best model to checkpoints/best_model.pth
2025-01-06 15:44:33,898 - INFO - --------------------------------------------------
2025-01-06 15:44:33,898 - INFO - Epoch 8/20
2025-01-06 15:44:52,301 - INFO - Training metrics: {'loss': 506.647215459861, 'rmse': 18.416391895306386, 'mae': 9.408051573178348, 'ndcg': 0.6111052244098163}
2025-01-06 15:44:55,189 - INFO - Validation metrics: {'loss': 361.44419643925687, 'rmse': 15.245375233688119, 'mae': 7.525300402267306, 'ndcg': 0.6083861943699566}
2025-01-06 15:44:55,391 - INFO - Saved best model to checkpoints/best_model.pth
2025-01-06 15:44:55,392 - INFO - --------------------------------------------------
2025-01-06 15:44:55,392 - INFO - Epoch 9/20
2025-01-06 15:45:13,642 - INFO - Training metrics: {'loss': 451.0414825467502, 'rmse': 17.354892661905826, 'mae': 9.0357085852062, 'ndcg': 0.6470352640996376}
2025-01-06 15:45:16,090 - INFO - Validation metrics: {'loss': 328.9633030423931, 'rmse': 14.62839585639442, 'mae': 7.318066688144908, 'ndcg': 0.6373752928247639}
2025-01-06 15:45:16,273 - INFO - Saved best model to checkpoints/best_model.pth
2025-01-06 15:45:16,273 - INFO - --------------------------------------------------
2025-01-06 15:45:16,273 - INFO - Epoch 10/20
2025-01-06 15:45:35,591 - INFO - Training metrics: {'loss': 408.84826748978855, 'rmse': 16.738300302247495, 'mae': 8.80712550761653, 'ndcg': 0.6604500518490871}
2025-01-06 15:45:38,512 - INFO - Validation metrics: {'loss': 305.91413531583896, 'rmse': 14.402993190165198, 'mae': 7.419252030989703, 'ndcg': 0.642096619980008}
2025-01-06 15:45:38,702 - INFO - Saved best model to checkpoints/best_model.pth
2025-01-06 15:45:38,702 - INFO - --------------------------------------------------
2025-01-06 15:45:38,702 - INFO - Epoch 11/20
2025-01-06 15:46:03,253 - INFO - Training metrics: {'loss': 390.9930830890057, 'rmse': 16.208574166968585, 'mae': 8.560517747028202, 'ndcg': 0.6731999267403986}
2025-01-06 15:46:06,058 - INFO - Validation metrics: {'loss': 282.12419311673034, 'rmse': 13.927771250292777, 'mae': 7.117768736446605, 'ndcg': 0.664215602126776}
2025-01-06 15:46:06,200 - INFO - Saved best model to checkpoints/best_model.pth
2025-01-06 15:46:06,200 - INFO - --------------------------------------------------
2025-01-06 15:46:06,200 - INFO - Epoch 12/20
2025-01-06 15:46:29,910 - INFO - Training metrics: {'loss': 363.46795991822785, 'rmse': 15.889656681202455, 'mae': 8.439539346624823, 'ndcg': 0.6757134848876911}
2025-01-06 15:46:32,834 - INFO - Validation metrics: {'loss': 271.7286672592163, 'rmse': 13.779438739471574, 'mae': 7.02025310198466, 'ndcg': 0.6722635559591592}
2025-01-06 15:46:32,958 - INFO - Saved best model to checkpoints/best_model.pth
2025-01-06 15:46:32,958 - INFO - --------------------------------------------------
2025-01-06 15:46:32,958 - INFO - Epoch 13/20
2025-01-06 15:46:50,654 - INFO - Training metrics: {'loss': 335.2073799021104, 'rmse': 15.228792007302234, 'mae': 8.131224985216178, 'ndcg': 0.7044701854168784}
2025-01-06 15:46:53,138 - INFO - Validation metrics: {'loss': 236.245810620925, 'rmse': 12.91470871122543, 'mae': 6.742522246697369, 'ndcg': 0.6815310056303062}
2025-01-06 15:46:53,289 - INFO - Saved best model to checkpoints/best_model.pth
2025-01-06 15:46:53,290 - INFO - --------------------------------------------------
2025-01-06 15:46:53,290 - INFO - Epoch 14/20
2025-01-06 15:47:10,759 - INFO - Training metrics: {'loss': 308.6842001653185, 'rmse': 14.634428021777596, 'mae': 7.914280415165658, 'ndcg': 0.7202949195954145}
2025-01-06 15:47:13,437 - INFO - Validation metrics: {'loss': 219.70100885279038, 'rmse': 12.700941709752259, 'mae': 6.713848696035497, 'ndcg': 0.6853846583296271}
2025-01-06 15:47:13,586 - INFO - Saved best model to checkpoints/best_model.pth
2025-01-06 15:47:13,586 - INFO - --------------------------------------------------
2025-01-06 15:47:13,586 - INFO - Epoch 15/20
2025-01-06 15:47:31,650 - INFO - Training metrics: {'loss': 279.95694420851913, 'rmse': 14.087774094459606, 'mae': 7.7161967392061275, 'ndcg': 0.7342102772318849}
2025-01-06 15:47:35,588 - INFO - Validation metrics: {'loss': 186.6027972090478, 'rmse': 11.914503253784352, 'mae': 6.568691047967649, 'ndcg': 0.6949159748413983}
2025-01-06 15:47:35,753 - INFO - Saved best model to checkpoints/best_model.pth
2025-01-06 15:47:35,753 - INFO - --------------------------------------------------
2025-01-06 15:47:35,753 - INFO - Epoch 16/20
2025-01-06 15:47:54,459 - INFO - Training metrics: {'loss': 266.009357213974, 'rmse': 13.723939008207514, 'mae': 7.563898168358148, 'ndcg': 0.7271716454449821}
2025-01-06 15:47:57,960 - INFO - Validation metrics: {'loss': 176.43175639358222, 'rmse': 11.552932338658936, 'mae': 6.414350126303878, 'ndcg': 0.705715213044017}
2025-01-06 15:47:58,082 - INFO - Saved best model to checkpoints/best_model.pth
2025-01-06 15:47:58,083 - INFO - --------------------------------------------------
2025-01-06 15:47:58,083 - INFO - Epoch 17/20
2025-01-06 15:48:23,593 - INFO - Training metrics: {'loss': 246.76596431171194, 'rmse': 13.072123772733093, 'mae': 7.279972656684763, 'ndcg': 0.7415390405438694}
2025-01-06 15:48:26,423 - INFO - Validation metrics: {'loss': 176.00765065585867, 'rmse': 11.521120593792059, 'mae': 6.2234233454162, 'ndcg': 0.736398045631016}
2025-01-06 15:48:26,548 - INFO - Saved best model to checkpoints/best_model.pth
2025-01-06 15:48:26,548 - INFO - --------------------------------------------------
2025-01-06 15:48:26,548 - INFO - Epoch 18/20
2025-01-06 15:48:49,646 - INFO - Training metrics: {'loss': 237.5471152978785, 'rmse': 13.06314712807569, 'mae': 7.238031559130725, 'ndcg': 0.7509653320645585}
2025-01-06 15:48:53,587 - INFO - Validation metrics: {'loss': 172.85188439313103, 'rmse': 11.509097647565488, 'mae': 6.320130093424928, 'ndcg': 0.7202756664916581}
2025-01-06 15:48:53,765 - INFO - Saved best model to checkpoints/best_model.pth
2025-01-06 15:48:53,766 - INFO - --------------------------------------------------
2025-01-06 15:48:53,766 - INFO - Epoch 19/20
2025-01-06 15:49:28,917 - INFO - Training metrics: {'loss': 230.60572778477388, 'rmse': 12.864360698395362, 'mae': 7.15112463107296, 'ndcg': 0.7540979499326033}
2025-01-06 15:49:34,021 - INFO - Validation metrics: {'loss': 161.54969336939794, 'rmse': 11.184012607811932, 'mae': 6.202824496755413, 'ndcg': 0.7347113831954843}
2025-01-06 15:49:34,317 - INFO - Saved best model to checkpoints/best_model.pth
2025-01-06 15:49:34,318 - INFO - --------------------------------------------------
2025-01-06 15:49:34,318 - INFO - Epoch 20/20
2025-01-06 15:50:10,180 - INFO - Training metrics: {'loss': 216.45546375068963, 'rmse': 12.49550082893062, 'mae': 6.965819355319528, 'ndcg': 0.7738084910693122}
2025-01-06 15:50:15,330 - INFO - Validation metrics: {'loss': 168.87487102957334, 'rmse': 11.392792672274682, 'mae': 6.203053932563932, 'ndcg': 0.7223361067327798}
2025-01-06 15:50:15,409 - INFO - --------------------------------------------------
2025-01-06 15:50:20,726 - INFO - New best model from fold 4
2025-01-06 15:50:20,727 - INFO - Training fold 5/5
2025-01-06 15:50:21,103 - INFO - Training on device: cuda
2025-01-06 15:50:21,103 - INFO - CUDA Device: NVIDIA GeForce GTX 1050
2025-01-06 15:50:21,106 - INFO - CUDA Memory Allocated: 0.02 GB
2025-01-06 15:50:21,144 - INFO - Epoch 1/20
2025-01-06 15:50:50,866 - INFO - Training metrics: {'loss': 1234.578736997118, 'rmse': 29.66864198090536, 'mae': 20.20493204687156, 'ndcg': 0.41676729207164515}
2025-01-06 15:50:54,479 - INFO - Validation metrics: {'loss': 560.7229347976984, 'rmse': 20.154718631004467, 'mae': 10.579289375566969, 'ndcg': 0.4577745455591118}
2025-01-06 15:50:54,657 - INFO - Saved best model to checkpoints/best_model.pth
2025-01-06 15:50:54,657 - INFO - --------------------------------------------------
2025-01-06 15:50:54,657 - INFO - Epoch 2/20
2025-01-06 15:50:58,291 - INFO - Using test data from: /home/martinson/Lhydra_rs/data/processed_data/test_data.csv
2025-01-06 15:50:58,292 - INFO - Using model from: /home/martinson/Lhydra_rs/recommender_system/rs_main_v2_refactored/checkpoints/best_model.pth
2025-01-06 15:50:58,464 - INFO - Loaded test data with 4075 samples
2025-01-06 15:50:58,468 - ERROR - Error during evaluation: cannot access local variable 'evaluator' where it is not associated with a value
2025-01-06 15:51:17,486 - INFO - Training metrics: {'loss': 651.7101279240029, 'rmse': 21.66130158468309, 'mae': 12.311714652706595, 'ndcg': 0.4595460281981265}
2025-01-06 15:51:21,023 - INFO - Validation metrics: {'loss': 537.5129115160773, 'rmse': 19.382915724769354, 'mae': 9.405577626882815, 'ndcg': 0.4841395749473104}
2025-01-06 15:51:21,154 - INFO - Saved best model to checkpoints/best_model.pth
2025-01-06 15:51:21,155 - INFO - --------------------------------------------------
2025-01-06 15:51:21,155 - INFO - Epoch 3/20
2025-01-06 15:51:42,277 - INFO - Training metrics: {'loss': 610.7562156939039, 'rmse': 20.49206119844219, 'mae': 11.041075997492847, 'ndcg': 0.46998933339308874}
2025-01-06 15:51:46,310 - INFO - Validation metrics: {'loss': 541.3729909448062, 'rmse': 19.11542002504844, 'mae': 8.767899503894881, 'ndcg': 0.538857027888298}
2025-01-06 15:51:46,399 - INFO - --------------------------------------------------
2025-01-06 15:51:46,400 - INFO - Epoch 4/20
2025-01-06 15:52:16,354 - INFO - Training metrics: {'loss': 577.4141656557719, 'rmse': 19.755123582616456, 'mae': 10.339173200083714, 'ndcg': 0.5079171219292808}
2025-01-06 15:52:24,933 - INFO - Validation metrics: {'loss': 513.8195588728961, 'rmse': 18.635001899062182, 'mae': 8.504459362404019, 'ndcg': 0.597330223403725}
2025-01-06 15:52:25,134 - INFO - Saved best model to checkpoints/best_model.pth
2025-01-06 15:52:25,135 - INFO - --------------------------------------------------
2025-01-06 15:52:25,135 - INFO - Epoch 5/20
2025-01-06 15:52:52,191 - INFO - Training metrics: {'loss': 552.7848456139658, 'rmse': 19.350025091053677, 'mae': 9.822823422796587, 'ndcg': 0.5484776282500402}
2025-01-06 15:52:54,825 - INFO - Validation metrics: {'loss': 495.3025749617932, 'rmse': 18.32625591127823, 'mae': 8.253800840938792, 'ndcg': 0.6159339818884345}
2025-01-06 15:52:55,111 - INFO - Saved best model to checkpoints/best_model.pth
2025-01-06 15:52:55,112 - INFO - --------------------------------------------------
2025-01-06 15:52:55,113 - INFO - Epoch 6/20
2025-01-06 15:53:23,610 - INFO - Training metrics: {'loss': 537.3032467225019, 'rmse': 18.698923907604094, 'mae': 9.507892849398594, 'ndcg': 0.5576857071296841}
2025-01-06 15:53:27,150 - INFO - Validation metrics: {'loss': 473.5466417611814, 'rmse': 18.018351641741432, 'mae': 8.301432452949824, 'ndcg': 0.6207786214117911}
2025-01-06 15:53:27,418 - INFO - Saved best model to checkpoints/best_model.pth
2025-01-06 15:53:27,418 - INFO - --------------------------------------------------
2025-01-06 15:53:27,419 - INFO - Epoch 7/20
2025-01-06 15:53:49,583 - INFO - Training metrics: {'loss': 507.1649463737712, 'rmse': 18.326187277950222, 'mae': 9.271810504735685, 'ndcg': 0.5934930848432522}
2025-01-06 15:53:52,424 - INFO - Validation metrics: {'loss': 449.720218892191, 'rmse': 17.735577480847457, 'mae': 8.176716351041607, 'ndcg': 0.6357651313438135}
2025-01-06 15:53:52,644 - INFO - Saved best model to checkpoints/best_model.pth
2025-01-06 15:53:52,645 - INFO - --------------------------------------------------
2025-01-06 15:53:52,645 - INFO - Epoch 8/20
2025-01-06 15:54:11,594 - INFO - Training metrics: {'loss': 492.9056635978175, 'rmse': 17.901313800287447, 'mae': 9.153258696490644, 'ndcg': 0.6099590258124996}
2025-01-06 15:54:14,555 - INFO - Validation metrics: {'loss': 427.84718064700854, 'rmse': 17.34198021471346, 'mae': 8.05083480535769, 'ndcg': 0.6675430337587992}
2025-01-06 15:54:14,834 - INFO - Saved best model to checkpoints/best_model.pth
2025-01-06 15:54:14,836 - INFO - --------------------------------------------------
2025-01-06 15:54:14,837 - INFO - Epoch 9/20
2025-01-06 15:54:32,703 - INFO - Training metrics: {'loss': 453.1246594868454, 'rmse': 17.209453292782783, 'mae': 8.843788739512949, 'ndcg': 0.6391804240205708}
2025-01-06 15:54:35,363 - INFO - Validation metrics: {'loss': 404.0067391769559, 'rmse': 16.74328278798541, 'mae': 7.830134141678903, 'ndcg': 0.6683065397482292}
2025-01-06 15:54:35,693 - INFO - Saved best model to checkpoints/best_model.pth
2025-01-06 15:54:35,694 - INFO - --------------------------------------------------
2025-01-06 15:54:35,695 - INFO - Epoch 10/20
2025-01-06 15:54:57,163 - INFO - Training metrics: {'loss': 404.5881532313777, 'rmse': 16.569150681060044, 'mae': 8.695553715322532, 'ndcg': 0.6657010114879585}
2025-01-06 15:54:59,789 - INFO - Validation metrics: {'loss': 377.9052217053432, 'rmse': 16.350875852479856, 'mae': 7.770810078172123, 'ndcg': 0.6963725329614153}
2025-01-06 15:54:59,923 - INFO - Saved best model to checkpoints/best_model.pth
2025-01-06 15:54:59,924 - INFO - --------------------------------------------------
2025-01-06 15:54:59,924 - INFO - Epoch 11/20
2025-01-06 15:55:20,595 - INFO - Training metrics: {'loss': 384.1357807411867, 'rmse': 16.14719093995077, 'mae': 8.396044581544166, 'ndcg': 0.6693732310086489}
2025-01-06 15:55:23,376 - INFO - Validation metrics: {'loss': 341.75477163464416, 'rmse': 15.54684569482086, 'mae': 7.522310509401209, 'ndcg': 0.7067377806878558}
2025-01-06 15:55:23,501 - INFO - Saved best model to checkpoints/best_model.pth
2025-01-06 15:55:23,501 - INFO - --------------------------------------------------
2025-01-06 15:55:23,501 - INFO - Epoch 12/20
2025-01-06 15:55:42,840 - INFO - Training metrics: {'loss': 349.6720855656792, 'rmse': 15.521118057266632, 'mae': 8.163920516476912, 'ndcg': 0.7021619340076166}
2025-01-06 15:55:45,658 - INFO - Validation metrics: {'loss': 317.54083885866055, 'rmse': 15.160034188770192, 'mae': 7.537514999801037, 'ndcg': 0.7168166801041248}
2025-01-06 15:55:45,812 - INFO - Saved best model to checkpoints/best_model.pth
2025-01-06 15:55:45,813 - INFO - --------------------------------------------------
2025-01-06 15:55:45,813 - INFO - Epoch 13/20
2025-01-06 15:56:08,387 - INFO - Training metrics: {'loss': 320.66851978208507, 'rmse': 14.804575300119676, 'mae': 7.950416090441685, 'ndcg': 0.7039326953464279}
2025-01-06 15:56:11,120 - INFO - Validation metrics: {'loss': 303.9905351190006, 'rmse': 14.831351654499127, 'mae': 7.287303620693731, 'ndcg': 0.7148541732161653}
2025-01-06 15:56:11,278 - INFO - Saved best model to checkpoints/best_model.pth
2025-01-06 15:56:11,278 - INFO - --------------------------------------------------
2025-01-06 15:56:11,278 - INFO - Epoch 14/20
2025-01-06 15:56:29,821 - INFO - Training metrics: {'loss': 304.7777929726769, 'rmse': 14.439955889586445, 'mae': 7.720157267416225, 'ndcg': 0.7181585650233662}
2025-01-06 15:56:32,950 - INFO - Validation metrics: {'loss': 282.1345884472716, 'rmse': 14.218167879992734, 'mae': 7.090756493456223, 'ndcg': 0.7261950700890785}
2025-01-06 15:56:33,104 - INFO - Saved best model to checkpoints/best_model.pth
2025-01-06 15:56:33,104 - INFO - --------------------------------------------------
2025-01-06 15:56:33,104 - INFO - Epoch 15/20
2025-01-06 15:56:51,777 - INFO - Training metrics: {'loss': 274.8136206187454, 'rmse': 13.863564480102916, 'mae': 7.46227404533648, 'ndcg': 0.7283718908461285}
2025-01-06 15:56:54,538 - INFO - Validation metrics: {'loss': 233.2862164179484, 'rmse': 13.275578211989991, 'mae': 6.812531924715229, 'ndcg': 0.7348372258392035}
2025-01-06 15:56:54,666 - INFO - Saved best model to checkpoints/best_model.pth
2025-01-06 15:56:54,666 - INFO - --------------------------------------------------
2025-01-06 15:56:54,667 - INFO - Epoch 16/20
2025-01-06 15:57:14,920 - INFO - Training metrics: {'loss': 250.4772879002141, 'rmse': 13.304002224568857, 'mae': 7.331495248219547, 'ndcg': 0.7489417674494725}
2025-01-06 15:57:17,698 - INFO - Validation metrics: {'loss': 240.08259575039733, 'rmse': 13.46012858423652, 'mae': 6.856060589061064, 'ndcg': 0.7258697239791646}
2025-01-06 15:57:17,762 - INFO - --------------------------------------------------
2025-01-06 15:57:17,762 - INFO - Epoch 17/20
2025-01-06 15:57:36,144 - INFO - Training metrics: {'loss': 237.42543284565795, 'rmse': 12.912024429904948, 'mae': 7.059246013561885, 'ndcg': 0.7536460207957848}
2025-01-06 15:57:38,651 - INFO - Validation metrics: {'loss': 220.75037011913224, 'rmse': 12.90063828650146, 'mae': 6.652417842079611, 'ndcg': 0.7370703509625267}
2025-01-06 15:57:38,804 - INFO - Saved best model to checkpoints/best_model.pth
2025-01-06 15:57:38,804 - INFO - --------------------------------------------------
2025-01-06 15:57:38,804 - INFO - Epoch 18/20
2025-01-06 15:57:59,797 - INFO - Training metrics: {'loss': 221.9042175470614, 'rmse': 12.668644067870822, 'mae': 6.95757051951745, 'ndcg': 0.7577756612616426}
2025-01-06 15:58:02,989 - INFO - Validation metrics: {'loss': 210.6690260288762, 'rmse': 12.62645035886175, 'mae': 6.5836018323898315, 'ndcg': 0.7366912619155996}
2025-01-06 15:58:03,153 - INFO - Saved best model to checkpoints/best_model.pth
2025-01-06 15:58:03,153 - INFO - --------------------------------------------------
2025-01-06 15:58:03,154 - INFO - Epoch 19/20
2025-01-06 15:58:24,620 - INFO - Training metrics: {'loss': 198.13263017523522, 'rmse': 11.996476753932603, 'mae': 6.721003414953456, 'ndcg': 0.769348261037878}
2025-01-06 15:58:27,219 - INFO - Validation metrics: {'loss': 226.43047355203066, 'rmse': 12.823244630070654, 'mae': 6.53177541143754, 'ndcg': 0.7498742876683965}
2025-01-06 15:58:27,366 - INFO - --------------------------------------------------
2025-01-06 15:58:27,367 - INFO - Epoch 20/20
2025-01-06 15:58:47,599 - INFO - Training metrics: {'loss': 192.78296861461564, 'rmse': 11.826413433209769, 'mae': 6.585730443982517, 'ndcg': 0.7828052230909759}
2025-01-06 15:58:50,324 - INFO - Validation metrics: {'loss': 199.3026641116423, 'rmse': 12.320826487651072, 'mae': 6.432446063733568, 'ndcg': 0.7503730549531824}
2025-01-06 15:58:50,476 - INFO - Saved best model to checkpoints/best_model.pth
2025-01-06 15:58:50,476 - INFO - --------------------------------------------------
2025-01-06 15:58:52,992 - INFO - Saved best model from fold 4 to checkpoints/best_model_cv.pth
2025-01-06 15:58:52,997 - INFO - Cross-validation results:
2025-01-06 15:58:52,997 - INFO - val_rmse: 12.6429
2025-01-06 15:58:52,997 - INFO - val_ndcg: 0.7443
2025-01-06 15:59:03,306 - INFO - Using test data from: /home/martinson/Lhydra_rs/data/processed_data/test_data.csv
2025-01-06 15:59:03,306 - INFO - Using model from: /home/martinson/Lhydra_rs/recommender_system/rs_main_v2_refactored/checkpoints/best_model.pth
2025-01-06 15:59:03,374 - INFO - Loaded test data with 4075 samples
2025-01-06 15:59:03,407 - ERROR - Error during evaluation: cannot access local variable 'evaluator' where it is not associated with a value
2025-01-06 16:07:59,460 - INFO - Using device: cuda
2025-01-06 16:07:59,765 - INFO - CUDA Device: NVIDIA GeForce GTX 1050
2025-01-06 16:08:00,120 - INFO - Training fold 1/5
2025-01-06 16:08:00,315 - INFO - Training on device: cuda
2025-01-06 16:08:00,316 - INFO - CUDA Device: NVIDIA GeForce GTX 1050
2025-01-06 16:08:00,316 - INFO - CUDA Memory Allocated: 0.00 GB
2025-01-06 16:08:02,418 - INFO - Epoch 1/5
2025-01-06 16:08:23,970 - INFO - Training metrics: {'loss': 587.2265701574438, 'rmse': 20.46067723899924, 'mae': 11.291202666712742, 'ndcg': 0.48847022650799915}
2025-01-06 16:08:26,768 - INFO - Validation metrics: {'loss': 720.8246004441205, 'rmse': 20.689315947461584, 'mae': 8.776072413313623, 'ndcg': 0.5761480547633826}
2025-01-06 16:27:42,558 - INFO - Using device: cuda
2025-01-06 16:27:42,950 - INFO - CUDA Device: NVIDIA GeForce GTX 1050
2025-01-06 16:27:43,252 - INFO - Training fold 1/5
2025-01-06 16:27:43,587 - INFO - Training on device: cuda
2025-01-06 16:27:43,587 - INFO - CUDA Device: NVIDIA GeForce GTX 1050
2025-01-06 16:27:43,587 - INFO - CUDA Memory Allocated: 0.00 GB
2025-01-06 16:27:46,286 - INFO - Epoch 1/5
2025-01-06 16:28:04,872 - INFO - Training metrics: {'loss': 584.22147026249, 'rmse': 20.376350472467895, 'mae': 11.163152540431303, 'ndcg': 0.4739228472771013}
2025-01-06 16:28:07,484 - INFO - Validation metrics: {'loss': 739.419142292995, 'rmse': 21.21041507069832, 'mae': 9.523953676223755, 'ndcg': 0.541561576227347}
2025-01-06 16:28:07,654 - INFO - Saved best model to checkpoints/best_model.pth
2025-01-06 16:28:07,654 - INFO - --------------------------------------------------
2025-01-06 16:28:07,654 - INFO - Epoch 2/5
2025-01-06 16:28:25,630 - INFO - Training metrics: {'loss': 446.03806511093586, 'rmse': 17.200099490534903, 'mae': 8.736320101747326, 'ndcg': 0.5969275860663723}
2025-01-06 16:28:28,353 - INFO - Validation metrics: {'loss': 405.54421086404835, 'rmse': 16.12232972167891, 'mae': 7.721562848371618, 'ndcg': 0.6482448545010651}
2025-01-06 16:28:28,482 - INFO - Saved best model to checkpoints/best_model.pth
2025-01-06 16:28:28,483 - INFO - --------------------------------------------------
2025-01-06 16:28:28,483 - INFO - Epoch 3/5
2025-01-06 16:28:47,374 - INFO - Training metrics: {'loss': 267.6211607058843, 'rmse': 13.85439501439651, 'mae': 7.2859860565148145, 'ndcg': 0.7142302316668279}
2025-01-06 16:28:49,800 - INFO - Validation metrics: {'loss': 321.0192636228075, 'rmse': 14.265752715014555, 'mae': 6.969717960731656, 'ndcg': 0.7174593828180257}
2025-01-06 16:28:50,003 - INFO - Saved best model to checkpoints/best_model.pth
2025-01-06 16:28:50,004 - INFO - --------------------------------------------------
2025-01-06 16:28:50,005 - INFO - Epoch 4/5
2025-01-06 16:29:06,953 - INFO - Training metrics: {'loss': 213.15065497510574, 'rmse': 12.287072723975525, 'mae': 6.617429395516713, 'ndcg': 0.7399492004484522}
2025-01-06 16:29:09,390 - INFO - Validation metrics: {'loss': 320.1247507544125, 'rmse': 13.798566177218957, 'mae': 6.687629662308038, 'ndcg': 0.7521696003044352}
2025-01-06 16:29:09,572 - INFO - Saved best model to checkpoints/best_model.pth
2025-01-06 16:29:09,572 - INFO - --------------------------------------------------
2025-01-06 16:29:09,572 - INFO - Epoch 5/5
2025-01-06 16:29:30,919 - INFO - Training metrics: {'loss': 182.97954554651298, 'rmse': 11.50416039860222, 'mae': 6.2857773590321635, 'ndcg': 0.7656953380461416}
2025-01-06 16:29:33,382 - INFO - Validation metrics: {'loss': 278.9335816327263, 'rmse': 13.300170476569221, 'mae': 6.694299363622479, 'ndcg': 0.7530027055272869}
2025-01-06 16:29:33,544 - INFO - Saved best model to checkpoints/best_model.pth
2025-01-06 16:29:33,544 - INFO - --------------------------------------------------
2025-01-06 16:29:35,827 - INFO - New best model from fold 1
2025-01-06 16:29:35,828 - INFO - Training fold 2/5
2025-01-06 16:29:36,022 - INFO - Training on device: cuda
2025-01-06 16:29:36,023 - INFO - CUDA Device: NVIDIA GeForce GTX 1050
2025-01-06 16:29:36,023 - INFO - CUDA Memory Allocated: 0.02 GB
2025-01-06 16:29:36,045 - INFO - Epoch 1/5
2025-01-06 16:29:53,947 - INFO - Training metrics: {'loss': 647.4717930344974, 'rmse': 21.442236129463286, 'mae': 12.05953353877161, 'ndcg': 0.47105885936202957}
2025-01-06 16:29:56,400 - INFO - Validation metrics: {'loss': 495.0302255854887, 'rmse': 18.134734199983757, 'mae': 9.038819738462859, 'ndcg': 0.5394492163962009}
2025-01-06 16:29:56,633 - INFO - Saved best model to checkpoints/best_model.pth
2025-01-06 16:29:56,634 - INFO - --------------------------------------------------
2025-01-06 16:29:56,634 - INFO - Epoch 2/5
2025-01-06 16:30:14,020 - INFO - Training metrics: {'loss': 464.782702071994, 'rmse': 17.55019863285112, 'mae': 9.238929034448137, 'ndcg': 0.575459201199313}
2025-01-06 16:30:16,632 - INFO - Validation metrics: {'loss': 366.883654164333, 'rmse': 16.149105694825145, 'mae': 7.8918125489178825, 'ndcg': 0.6404793277090671}
2025-01-06 16:30:16,775 - INFO - Saved best model to checkpoints/best_model.pth
2025-01-06 16:30:16,775 - INFO - --------------------------------------------------
2025-01-06 16:30:16,776 - INFO - Epoch 3/5
2025-01-06 16:30:34,551 - INFO - Training metrics: {'loss': 336.95183286479875, 'rmse': 15.167674141544964, 'mae': 8.075099110603333, 'ndcg': 0.6928239779583379}
2025-01-06 16:30:37,020 - INFO - Validation metrics: {'loss': 260.16837980232987, 'rmse': 14.161893359074638, 'mae': 7.403844644041622, 'ndcg': 0.6777323583761851}
2025-01-06 16:30:37,239 - INFO - Saved best model to checkpoints/best_model.pth
2025-01-06 16:30:37,240 - INFO - --------------------------------------------------
2025-01-06 16:30:37,240 - INFO - Epoch 4/5
2025-01-06 16:30:54,631 - INFO - Training metrics: {'loss': 271.18388450846953, 'rmse': 13.667656236917002, 'mae': 7.229279309511185, 'ndcg': 0.7467262954907674}
2025-01-06 16:30:57,167 - INFO - Validation metrics: {'loss': 204.92681823057288, 'rmse': 12.576809964184891, 'mae': 6.711590498101478, 'ndcg': 0.731804670364249}
2025-01-06 16:30:57,361 - INFO - Saved best model to checkpoints/best_model.pth
2025-01-06 16:30:57,361 - INFO - --------------------------------------------------
2025-01-06 16:30:57,361 - INFO - Epoch 5/5
2025-01-06 16:31:16,455 - INFO - Training metrics: {'loss': 203.9596743887546, 'rmse': 12.103323162924067, 'mae': 6.602292321476281, 'ndcg': 0.7733779084302631}
2025-01-06 16:31:18,884 - INFO - Validation metrics: {'loss': 197.89457932640525, 'rmse': 12.102704467869312, 'mae': 6.408739031529894, 'ndcg': 0.7444414703869352}
2025-01-06 16:31:19,097 - INFO - Saved best model to checkpoints/best_model.pth
2025-01-06 16:31:19,097 - INFO - --------------------------------------------------
2025-01-06 16:31:21,203 - INFO - New best model from fold 2
2025-01-06 16:31:21,204 - INFO - Training fold 3/5
2025-01-06 16:31:21,390 - INFO - Training on device: cuda
2025-01-06 16:31:21,390 - INFO - CUDA Device: NVIDIA GeForce GTX 1050
2025-01-06 16:31:21,390 - INFO - CUDA Memory Allocated: 0.02 GB
2025-01-06 16:31:21,405 - INFO - Epoch 1/5
2025-01-06 16:31:43,241 - INFO - Training metrics: {'loss': 636.2322604515973, 'rmse': 20.94676312936957, 'mae': 11.512163914886175, 'ndcg': 0.46842959884773283}
2025-01-06 16:31:46,341 - INFO - Validation metrics: {'loss': 519.9243640525668, 'rmse': 19.520941664078844, 'mae': 9.5986281376259, 'ndcg': 0.49551108012012407}
2025-01-06 16:31:46,486 - INFO - Saved best model to checkpoints/best_model.pth
2025-01-06 16:31:46,487 - INFO - --------------------------------------------------
2025-01-06 16:31:46,487 - INFO - Epoch 2/5
2025-01-06 16:32:05,619 - INFO - Training metrics: {'loss': 417.16411156280367, 'rmse': 16.841248425415102, 'mae': 8.761683268874298, 'ndcg': 0.6089886022622094}
2025-01-06 16:32:08,376 - INFO - Validation metrics: {'loss': 369.15626024732404, 'rmse': 16.136758888000386, 'mae': 7.660588680529127, 'ndcg': 0.6003694526266818}
2025-01-06 16:32:08,681 - INFO - Saved best model to checkpoints/best_model.pth
2025-01-06 16:32:08,682 - INFO - --------------------------------------------------
2025-01-06 16:32:08,683 - INFO - Epoch 3/5
2025-01-06 16:32:31,456 - INFO - Training metrics: {'loss': 280.6270601562425, 'rmse': 14.01448451343301, 'mae': 7.37368665489496, 'ndcg': 0.7030557782261395}
2025-01-06 16:32:34,354 - INFO - Validation metrics: {'loss': 293.01481942569507, 'rmse': 14.295928854898724, 'mae': 7.039313781495188, 'ndcg': 0.7005343621267992}
2025-01-06 16:32:34,600 - INFO - Saved best model to checkpoints/best_model.pth
2025-01-06 16:32:34,601 - INFO - --------------------------------------------------
2025-01-06 16:32:34,601 - INFO - Epoch 4/5
2025-01-06 16:32:52,977 - INFO - Training metrics: {'loss': 237.02844202752206, 'rmse': 12.77637189805972, 'mae': 6.8393992769951915, 'ndcg': 0.7350374737790987}
2025-01-06 16:32:55,898 - INFO - Validation metrics: {'loss': 300.28421682469985, 'rmse': 14.33877914595594, 'mae': 6.77917940008874, 'ndcg': 0.7292060228247269}
2025-01-06 16:32:55,974 - INFO - --------------------------------------------------
2025-01-06 16:32:55,974 - INFO - Epoch 5/5
2025-01-06 16:33:14,650 - INFO - Training metrics: {'loss': 191.1964423352597, 'rmse': 11.667024160429582, 'mae': 6.346638536920734, 'ndcg': 0.7696904695647604}
2025-01-06 16:33:17,148 - INFO - Validation metrics: {'loss': 352.29546588074925, 'rmse': 14.09875593330804, 'mae': 6.6600705291710645, 'ndcg': 0.7578596493192747}
2025-01-06 16:33:17,295 - INFO - Early stopping triggered after 5 epochs
2025-01-06 16:33:19,487 - INFO - Training fold 4/5
2025-01-06 16:33:19,694 - INFO - Training on device: cuda
2025-01-06 16:33:19,695 - INFO - CUDA Device: NVIDIA GeForce GTX 1050
2025-01-06 16:33:19,695 - INFO - CUDA Memory Allocated: 0.02 GB
2025-01-06 16:33:19,709 - INFO - Epoch 1/5
2025-01-06 16:33:37,968 - INFO - Training metrics: {'loss': 668.2184005297867, 'rmse': 21.28617470986578, 'mae': 11.364088590238609, 'ndcg': 0.4728718841192769}
2025-01-06 16:33:40,858 - INFO - Validation metrics: {'loss': 416.01405027800917, 'rmse': 16.171027473435316, 'mae': 7.781996374036751, 'ndcg': 0.5492434273747837}
2025-01-06 16:33:40,957 - INFO - Saved best model to checkpoints/best_model.pth
2025-01-06 16:33:40,957 - INFO - --------------------------------------------------
2025-01-06 16:33:40,957 - INFO - Epoch 2/5
2025-01-06 16:34:01,402 - INFO - Training metrics: {'loss': 429.8097101847331, 'rmse': 17.276127397792777, 'mae': 8.84003363871107, 'ndcg': 0.6288296951382768}
2025-01-06 16:34:04,455 - INFO - Validation metrics: {'loss': 243.4434285257377, 'rmse': 13.28950921656884, 'mae': 7.340227370168648, 'ndcg': 0.6668247652112269}
2025-01-06 16:34:04,657 - INFO - Saved best model to checkpoints/best_model.pth
2025-01-06 16:34:04,657 - INFO - --------------------------------------------------
2025-01-06 16:34:04,657 - INFO - Epoch 3/5
2025-01-06 16:34:26,563 - INFO - Training metrics: {'loss': 307.7216718570859, 'rmse': 14.559517677703772, 'mae': 7.758332603117999, 'ndcg': 0.6984009224117971}
2025-01-06 16:34:29,551 - INFO - Validation metrics: {'loss': 195.25233736225204, 'rmse': 11.926183397855462, 'mae': 6.577075743207745, 'ndcg': 0.7009095339214101}
2025-01-06 16:34:29,676 - INFO - Saved best model to checkpoints/best_model.pth
2025-01-06 16:34:29,677 - INFO - --------------------------------------------------
2025-01-06 16:34:29,677 - INFO - Epoch 4/5
2025-01-06 16:34:46,997 - INFO - Training metrics: {'loss': 268.81036528886534, 'rmse': 13.429903514045797, 'mae': 7.129177690136666, 'ndcg': 0.7499853542038039}
2025-01-06 16:34:49,337 - INFO - Validation metrics: {'loss': 212.27476245281744, 'rmse': 12.500009039110264, 'mae': 6.668128483435687, 'ndcg': 0.7055431285909578}
2025-01-06 16:34:49,426 - INFO - --------------------------------------------------
2025-01-06 16:34:49,426 - INFO - Epoch 5/5
2025-01-06 16:35:09,861 - INFO - Training metrics: {'loss': 222.5867188724817, 'rmse': 12.32936293740142, 'mae': 6.614969387942669, 'ndcg': 0.7692693311940221}
2025-01-06 16:35:12,348 - INFO - Validation metrics: {'loss': 349.9627756604961, 'rmse': 12.827968016292404, 'mae': 6.414057525933957, 'ndcg': 0.7220938363495994}
2025-01-06 16:35:12,456 - INFO - Early stopping triggered after 5 epochs
2025-01-06 16:35:14,530 - INFO - Training fold 5/5
2025-01-06 16:35:14,681 - INFO - Training on device: cuda
2025-01-06 16:35:14,682 - INFO - CUDA Device: NVIDIA GeForce GTX 1050
2025-01-06 16:35:14,682 - INFO - CUDA Memory Allocated: 0.02 GB
2025-01-06 16:35:14,703 - INFO - Epoch 1/5
2025-01-06 16:35:33,390 - INFO - Training metrics: {'loss': 617.2444195653878, 'rmse': 20.651380633095574, 'mae': 11.05328879403133, 'ndcg': 0.4903796525562511}
2025-01-06 16:35:35,588 - INFO - Validation metrics: {'loss': 467.03611179426605, 'rmse': 18.104000774784957, 'mae': 8.361825545628866, 'ndcg': 0.6149732524565622}
2025-01-06 16:35:35,719 - INFO - Saved best model to checkpoints/best_model.pth
2025-01-06 16:35:35,719 - INFO - --------------------------------------------------
2025-01-06 16:35:35,719 - INFO - Epoch 2/5
2025-01-06 16:35:54,441 - INFO - Training metrics: {'loss': 379.3865119335698, 'rmse': 16.111000678681513, 'mae': 8.360320895325904, 'ndcg': 0.6251778051111043}
2025-01-06 16:35:56,642 - INFO - Validation metrics: {'loss': 307.43847158843397, 'rmse': 15.006550126971211, 'mae': 7.510313940983193, 'ndcg': 0.7067566850021774}
2025-01-06 16:35:56,826 - INFO - Saved best model to checkpoints/best_model.pth
2025-01-06 16:35:56,826 - INFO - --------------------------------------------------
2025-01-06 16:35:56,826 - INFO - Epoch 3/5
2025-01-06 16:36:16,704 - INFO - Training metrics: {'loss': 288.25434592424654, 'rmse': 13.965398394585456, 'mae': 7.345363633305419, 'ndcg': 0.7229656753878967}
2025-01-06 16:36:19,422 - INFO - Validation metrics: {'loss': 266.9421142690322, 'rmse': 14.014759537536536, 'mae': 7.137372124428842, 'ndcg': 0.7306154133642421}
2025-01-06 16:36:19,629 - INFO - Saved best model to checkpoints/best_model.pth
2025-01-06 16:36:19,629 - INFO - --------------------------------------------------
2025-01-06 16:36:19,629 - INFO - Epoch 4/5
2025-01-06 16:36:41,223 - INFO - Training metrics: {'loss': 238.1427775551291, 'rmse': 12.894479167135323, 'mae': 6.813881205577476, 'ndcg': 0.7703114407611829}
2025-01-06 16:36:44,429 - INFO - Validation metrics: {'loss': 279.52281697591144, 'rmse': 13.73156059353861, 'mae': 7.085159004903307, 'ndcg': 0.7587677254980686}
2025-01-06 16:36:44,501 - INFO - --------------------------------------------------
2025-01-06 16:36:44,501 - INFO - Epoch 5/5
2025-01-06 16:37:10,341 - INFO - Training metrics: {'loss': 218.6784142068788, 'rmse': 12.192401769586537, 'mae': 6.488921397456936, 'ndcg': 0.7903656142891622}
2025-01-06 16:37:13,601 - INFO - Validation metrics: {'loss': 187.74186039905922, 'rmse': 11.929875217852894, 'mae': 6.323638128299339, 'ndcg': 0.7580840134737539}
2025-01-06 16:37:13,810 - INFO - Saved best model to checkpoints/best_model.pth
2025-01-06 16:37:13,810 - INFO - --------------------------------------------------
2025-01-06 16:37:16,237 - INFO - New best model from fold 5
2025-01-06 16:37:16,272 - INFO - Saved best model from fold 5 to checkpoints/best_model_cv.pth
2025-01-06 16:37:16,279 - INFO - Cross-validation results:
2025-01-06 16:37:16,279 - INFO - val_rmse: 12.8519
2025-01-06 16:37:16,279 - INFO - val_ndcg: 0.7471
2025-01-06 16:37:30,218 - INFO - Using test data from: /home/martinson/Lhydra_rs/data/processed_data/test_data.csv
2025-01-06 16:37:30,219 - INFO - Using model from: /home/martinson/Lhydra_rs/recommender_system/rs_main_v2_refactored/checkpoints/best_model.pth
2025-01-06 16:37:30,274 - INFO - Loaded test data with 4075 samples
2025-01-06 16:37:32,849 - INFO - Model dimensions: {'music_dims': 1000, 'artist_dims': 500, 'genre_dims': 250, 'num_numerical': 12}
2025-01-06 16:37:32,869 - WARNING - Error loading model state: Error(s) in loading state_dict for HybridMusicRecommender:
	size mismatch for genre_layer.weight: copying a param with shape torch.Size([64, 12]) from checkpoint, the shape in current model is torch.Size([64, 250]).
2025-01-06 16:37:32,869 - WARNING - Initializing model with fresh weights
2025-01-06 16:37:32,910 - INFO - Prepared test dataset with 2038 samples
2025-01-06 16:37:32,954 - INFO - Model dimensions: {'music_dims': 1000, 'artist_dims': 500, 'genre_dims': 250, 'num_numerical': 12}
2025-01-06 16:37:33,082 - ERROR - Error during evaluation: mat1 and mat2 shapes cannot be multiplied (32x12 and 250x64)
2025-01-06 20:51:48,928 - INFO - Using test data from: /home/martinson/Lhydra_rs/data/processed_data/test_data.csv
2025-01-06 20:51:48,929 - INFO - Using model from: /home/martinson/Lhydra_rs/recommender_system/rs_main_v2_refactored/checkpoints/best_model.pth
2025-01-06 20:51:48,985 - INFO - Loaded test data with 4075 samples
2025-01-06 20:51:51,868 - INFO - Model dimensions: {'music_dims': 1000, 'artist_dims': 500, 'genre_dims': 250, 'num_numerical': 12}
2025-01-06 20:51:51,983 - WARNING - Error loading model state: Error(s) in loading state_dict for HybridMusicRecommender:
	size mismatch for genre_layer.weight: copying a param with shape torch.Size([64, 12]) from checkpoint, the shape in current model is torch.Size([64, 250]).
2025-01-06 20:51:51,983 - WARNING - Initializing model with fresh weights
2025-01-06 20:51:52,080 - INFO - Prepared test dataset with 2038 samples
2025-01-06 20:51:52,124 - INFO - Model dimensions: {'music_dims': 1000, 'artist_dims': 500, 'genre_dims': 250, 'num_numerical': 12}
2025-01-06 20:51:52,439 - ERROR - Error during evaluation: mat1 and mat2 shapes cannot be multiplied (32x12 and 250x64)
2025-01-06 20:52:13,220 - INFO - Using test data from: /home/martinson/Lhydra_rs/data/processed_data/test_data.csv
2025-01-06 20:52:13,220 - INFO - Using model from: /home/martinson/Lhydra_rs/recommender_system/rs_main_v2_refactored/checkpoints/best_model.pth
2025-01-06 20:52:13,267 - INFO - Loaded test data with 4075 samples
2025-01-06 20:52:15,609 - INFO - Model dimensions: {'music_dims': 1000, 'artist_dims': 500, 'genre_dims': 250, 'num_numerical': 12}
2025-01-06 20:52:15,650 - WARNING - Error loading model state: Error(s) in loading state_dict for HybridMusicRecommender:
	size mismatch for genre_layer.weight: copying a param with shape torch.Size([64, 12]) from checkpoint, the shape in current model is torch.Size([64, 250]).
2025-01-06 20:52:15,650 - WARNING - Initializing model with fresh weights
2025-01-06 20:52:15,719 - INFO - Prepared test dataset with 2038 samples
2025-01-06 20:52:15,756 - INFO - Model dimensions: {'music_dims': 1000, 'artist_dims': 500, 'genre_dims': 250, 'num_numerical': 12}
2025-01-06 20:52:15,857 - ERROR - Error during evaluation: mat1 and mat2 shapes cannot be multiplied (32x12 and 250x64)
2025-01-06 21:04:59,214 - INFO - Using device: cuda
2025-01-06 21:04:59,497 - INFO - CUDA Device: NVIDIA GeForce GTX 1050
2025-01-06 21:04:59,821 - INFO - Training fold 1/5
2025-01-06 21:08:13,584 - INFO - Using device: cuda
2025-01-06 21:08:13,908 - INFO - CUDA Device: NVIDIA GeForce GTX 1050
2025-01-06 21:08:14,252 - INFO - Training fold 1/5
2025-01-06 21:11:04,140 - INFO - Using device: cuda
2025-01-06 21:11:04,538 - INFO - CUDA Device: NVIDIA GeForce GTX 1050
2025-01-06 21:11:04,906 - INFO - Training fold 1/5
2025-01-06 21:11:05,240 - INFO - Training on device: cuda
2025-01-06 21:11:05,242 - INFO - CUDA Device: NVIDIA GeForce GTX 1050
2025-01-06 21:11:05,243 - INFO - CUDA Memory Allocated: 0.00 GB
2025-01-06 21:11:09,102 - INFO - Epoch 1/5
2025-01-06 21:11:32,534 - INFO - Training metrics: {'loss': 570.8759446471345, 'rmse': 19.481061138649103, 'mae': 9.959913940990672, 'ndcg': 0.4893377832520534}
2025-01-06 21:11:35,104 - INFO - Validation metrics: {'loss': 559.1614083308799, 'rmse': 18.365794941793876, 'mae': 8.28132239743775, 'ndcg': 0.6016617057954564}
2025-01-06 21:11:35,518 - INFO - Saved best model to checkpoints/best_model.pth
2025-01-06 21:11:35,520 - INFO - --------------------------------------------------
2025-01-06 21:11:35,521 - INFO - Epoch 2/5
2025-01-06 21:12:01,669 - INFO - Training metrics: {'loss': 355.36082724028944, 'rmse': 15.771146019352505, 'mae': 8.064252582835216, 'ndcg': 0.662805935294897}
2025-01-06 21:12:03,973 - INFO - Validation metrics: {'loss': 326.4373506751715, 'rmse': 14.77578669433082, 'mae': 7.294692460228415, 'ndcg': 0.670830481923094}
2025-01-06 21:12:04,144 - INFO - Saved best model to checkpoints/best_model.pth
2025-01-06 21:12:04,144 - INFO - --------------------------------------------------
2025-01-06 21:12:04,144 - INFO - Epoch 3/5
2025-01-06 21:12:22,693 - INFO - Training metrics: {'loss': 241.35079396706, 'rmse': 12.899008070376803, 'mae': 6.903645992279053, 'ndcg': 0.7421925327941483}
2025-01-06 21:12:25,408 - INFO - Validation metrics: {'loss': 273.90499445036346, 'rmse': 13.558124404176843, 'mae': 6.910843797758514, 'ndcg': 0.7284744016680063}
2025-01-06 21:12:25,570 - INFO - Saved best model to checkpoints/best_model.pth
2025-01-06 21:12:25,570 - INFO - --------------------------------------------------
2025-01-06 21:12:25,570 - INFO - Epoch 4/5
2025-01-06 21:12:45,730 - INFO - Training metrics: {'loss': 209.50924983211593, 'rmse': 12.249284275268257, 'mae': 6.572596422013114, 'ndcg': 0.7769167030997136}
2025-01-06 21:12:47,965 - INFO - Validation metrics: {'loss': 227.89892119987337, 'rmse': 12.570437888191899, 'mae': 6.398081833241033, 'ndcg': 0.7716343414549734}
2025-01-06 21:12:48,162 - INFO - Saved best model to checkpoints/best_model.pth
2025-01-06 21:12:48,162 - INFO - --------------------------------------------------
2025-01-06 21:12:48,163 - INFO - Epoch 5/5
2025-01-06 21:13:07,820 - INFO - Training metrics: {'loss': 180.63150113470414, 'rmse': 11.501918232272862, 'mae': 6.252382711452596, 'ndcg': 0.789772951500673}
2025-01-06 21:13:10,533 - INFO - Validation metrics: {'loss': 251.55895910076066, 'rmse': 12.938065261862297, 'mae': 6.435535748799642, 'ndcg': 0.7726757719236261}
2025-01-06 21:13:10,644 - INFO - --------------------------------------------------
2025-01-06 21:13:13,206 - INFO - New best model from fold 1
2025-01-06 21:13:13,207 - INFO - Training fold 2/5
2025-01-06 21:13:13,387 - INFO - Training on device: cuda
2025-01-06 21:13:13,387 - INFO - CUDA Device: NVIDIA GeForce GTX 1050
2025-01-06 21:13:13,387 - INFO - CUDA Memory Allocated: 0.02 GB
2025-01-06 21:13:13,402 - INFO - Epoch 1/5
2025-01-06 21:13:33,251 - INFO - Training metrics: {'loss': 574.1215058822257, 'rmse': 19.912477644340516, 'mae': 10.493652780850729, 'ndcg': 0.49943989480608236}
2025-01-06 21:13:35,313 - INFO - Validation metrics: {'loss': 517.5510713913861, 'rmse': 18.251969994253923, 'mae': 8.46716025763867, 'ndcg': 0.5735546673337618}
2025-01-06 21:13:35,462 - INFO - Saved best model to checkpoints/best_model.pth
2025-01-06 21:13:35,462 - INFO - --------------------------------------------------
2025-01-06 21:13:35,462 - INFO - Epoch 2/5
2025-01-06 21:13:53,936 - INFO - Training metrics: {'loss': 385.39466267941043, 'rmse': 16.117614583046844, 'mae': 8.418326547332839, 'ndcg': 0.6498701268186172}
2025-01-06 21:13:55,947 - INFO - Validation metrics: {'loss': 289.5088254330205, 'rmse': 14.695314247386492, 'mae': 7.535592859866572, 'ndcg': 0.6685145050287247}
2025-01-06 21:13:56,134 - INFO - Saved best model to checkpoints/best_model.pth
2025-01-06 21:13:56,135 - INFO - --------------------------------------------------
2025-01-06 21:13:56,135 - INFO - Epoch 3/5
2025-01-06 21:14:15,457 - INFO - Training metrics: {'loss': 270.00227804277455, 'rmse': 13.886232132830646, 'mae': 7.333317831450818, 'ndcg': 0.7182506854262423}
2025-01-06 21:14:17,725 - INFO - Validation metrics: {'loss': 655.079674094331, 'rmse': 16.14261135529878, 'mae': 7.4130812439264036, 'ndcg': 0.7342291173397326}
2025-01-06 21:14:17,860 - INFO - --------------------------------------------------
2025-01-06 21:14:17,860 - INFO - Epoch 4/5
2025-01-06 21:14:36,046 - INFO - Training metrics: {'loss': 230.38730222103644, 'rmse': 12.683410553435518, 'mae': 6.758897398616753, 'ndcg': 0.755842143231455}
2025-01-06 21:14:38,155 - INFO - Validation metrics: {'loss': 406.3183133555394, 'rmse': 16.605097431809227, 'mae': 7.611474857610815, 'ndcg': 0.7510920941245323}
2025-01-06 21:14:38,225 - INFO - Early stopping triggered after 4 epochs
2025-01-06 21:14:40,545 - INFO - Training fold 3/5
2025-01-06 21:14:40,697 - INFO - Training on device: cuda
2025-01-06 21:14:40,697 - INFO - CUDA Device: NVIDIA GeForce GTX 1050
2025-01-06 21:14:40,697 - INFO - CUDA Memory Allocated: 0.02 GB
2025-01-06 21:14:40,713 - INFO - Epoch 1/5
2025-01-06 21:15:01,544 - INFO - Training metrics: {'loss': 666.1212177884345, 'rmse': 21.71664053786061, 'mae': 12.003433291818581, 'ndcg': 0.48647809406632886}
2025-01-06 21:15:04,914 - INFO - Validation metrics: {'loss': 430.8755935594147, 'rmse': 17.06910832145222, 'mae': 8.441381552640129, 'ndcg': 0.5639075430877069}
2025-01-06 21:15:05,132 - INFO - Saved best model to checkpoints/best_model.pth
2025-01-06 21:15:05,134 - INFO - --------------------------------------------------
2025-01-06 21:15:05,135 - INFO - Epoch 2/5
2025-01-06 21:15:26,450 - INFO - Training metrics: {'loss': 394.2843541397768, 'rmse': 16.470080593444603, 'mae': 8.554355375322642, 'ndcg': 0.6367349117702129}
2025-01-06 21:15:29,064 - INFO - Validation metrics: {'loss': 308.31260673672546, 'rmse': 14.530198066000667, 'mae': 7.183166730637644, 'ndcg': 0.6507763156996054}
2025-01-06 21:15:29,218 - INFO - Saved best model to checkpoints/best_model.pth
2025-01-06 21:15:29,218 - INFO - --------------------------------------------------
2025-01-06 21:15:29,219 - INFO - Epoch 3/5
2025-01-06 21:15:50,249 - INFO - Training metrics: {'loss': 276.7456499595268, 'rmse': 13.788197879783619, 'mae': 7.25843463399831, 'ndcg': 0.7274845323397541}
2025-01-06 21:15:52,693 - INFO - Validation metrics: {'loss': 451.6306659848082, 'rmse': 15.523442137857877, 'mae': 7.313306513954611, 'ndcg': 0.6872026617912685}
2025-01-06 21:15:52,810 - INFO - --------------------------------------------------
2025-01-06 21:15:52,811 - INFO - Epoch 4/5
2025-01-06 21:16:13,296 - INFO - Training metrics: {'loss': 239.39975355185715, 'rmse': 12.818953426365923, 'mae': 6.716268861410665, 'ndcg': 0.7694668476926345}
2025-01-06 21:16:15,797 - INFO - Validation metrics: {'loss': 226.95228679507386, 'rmse': 12.244957819303005, 'mae': 6.288999368162716, 'ndcg': 0.7283825853876039}
2025-01-06 21:16:16,023 - INFO - Saved best model to checkpoints/best_model.pth
2025-01-06 21:16:16,024 - INFO - --------------------------------------------------
2025-01-06 21:16:16,024 - INFO - Epoch 5/5
2025-01-06 21:16:35,264 - INFO - Training metrics: {'loss': 211.25713826160805, 'rmse': 12.02054362634228, 'mae': 6.4341522168879415, 'ndcg': 0.7976397286881419}
2025-01-06 21:16:37,533 - INFO - Validation metrics: {'loss': 244.08346330418306, 'rmse': 12.42014669259369, 'mae': 6.428614873512118, 'ndcg': 0.7446637597738528}
2025-01-06 21:16:37,635 - INFO - --------------------------------------------------
2025-01-06 21:16:40,081 - INFO - New best model from fold 3
2025-01-06 21:16:40,081 - INFO - Training fold 4/5
2025-01-06 21:16:40,246 - INFO - Training on device: cuda
2025-01-06 21:16:40,246 - INFO - CUDA Device: NVIDIA GeForce GTX 1050
2025-01-06 21:16:40,247 - INFO - CUDA Memory Allocated: 0.02 GB
2025-01-06 21:16:40,266 - INFO - Epoch 1/5
2025-01-06 21:16:58,456 - INFO - Training metrics: {'loss': 626.33313666138, 'rmse': 20.81974311384392, 'mae': 11.146993296403512, 'ndcg': 0.4832087506667948}
2025-01-06 21:17:01,061 - INFO - Validation metrics: {'loss': 463.0871140723135, 'rmse': 17.395940055671982, 'mae': 8.575795215718886, 'ndcg': 0.5622082279593337}
2025-01-06 21:17:01,301 - INFO - Saved best model to checkpoints/best_model.pth
2025-01-06 21:17:01,301 - INFO - --------------------------------------------------
2025-01-06 21:17:01,301 - INFO - Epoch 2/5
2025-01-06 21:17:19,838 - INFO - Training metrics: {'loss': 445.2288484783734, 'rmse': 17.156901893891913, 'mae': 8.59688881331799, 'ndcg': 0.6271044091120654}
2025-01-06 21:17:22,553 - INFO - Validation metrics: {'loss': 524.8020886720395, 'rmse': 16.174151459469424, 'mae': 7.447947948586707, 'ndcg': 0.6701914384668949}
2025-01-06 21:17:22,621 - INFO - --------------------------------------------------
2025-01-06 21:17:22,621 - INFO - Epoch 3/5
2025-01-06 21:17:40,209 - INFO - Training metrics: {'loss': 279.301472345988, 'rmse': 13.79290853305705, 'mae': 7.32094852421798, 'ndcg': 0.7281125208691639}
2025-01-06 21:17:42,241 - INFO - Validation metrics: {'loss': 312.42684375538545, 'rmse': 13.984352885688105, 'mae': 6.963119450737448, 'ndcg': 0.7329572725529764}
2025-01-06 21:17:42,438 - INFO - Saved best model to checkpoints/best_model.pth
2025-01-06 21:17:42,438 - INFO - --------------------------------------------------
2025-01-06 21:17:42,439 - INFO - Epoch 4/5
2025-01-06 21:18:02,523 - INFO - Training metrics: {'loss': 245.30809979345284, 'rmse': 12.7318808471378, 'mae': 6.731245642783595, 'ndcg': 0.7687190431444084}
2025-01-06 21:18:05,125 - INFO - Validation metrics: {'loss': 437.67934301787733, 'rmse': 14.623390410246113, 'mae': 6.852708603821549, 'ndcg': 0.768964523193883}
2025-01-06 21:18:05,250 - INFO - --------------------------------------------------
2025-01-06 21:18:05,250 - INFO - Epoch 5/5
2025-01-06 21:18:24,046 - INFO - Training metrics: {'loss': 191.5757143544216, 'rmse': 11.610072882739605, 'mae': 6.273341935054929, 'ndcg': 0.7958839479468617}
2025-01-06 21:18:26,118 - INFO - Validation metrics: {'loss': 172.96967892553292, 'rmse': 11.215264857184735, 'mae': 6.192813031813678, 'ndcg': 0.7847425537366494}
2025-01-06 21:18:26,275 - INFO - Saved best model to checkpoints/best_model.pth
2025-01-06 21:18:26,276 - INFO - --------------------------------------------------
2025-01-06 21:18:28,318 - INFO - New best model from fold 4
2025-01-06 21:18:28,318 - INFO - Training fold 5/5
2025-01-06 21:18:28,473 - INFO - Training on device: cuda
2025-01-06 21:18:28,473 - INFO - CUDA Device: NVIDIA GeForce GTX 1050
2025-01-06 21:18:28,474 - INFO - CUDA Memory Allocated: 0.02 GB
2025-01-06 21:18:28,488 - INFO - Epoch 1/5
2025-01-06 21:18:48,127 - INFO - Training metrics: {'loss': 599.7608866972082, 'rmse': 20.46518565408725, 'mae': 11.101762727195142, 'ndcg': 0.4852464009697239}
2025-01-06 21:18:50,597 - INFO - Validation metrics: {'loss': 589.4330671908808, 'rmse': 19.008955045944813, 'mae': 8.463985452464982, 'ndcg': 0.6005029126125223}
2025-01-06 21:18:50,821 - INFO - Saved best model to checkpoints/best_model.pth
2025-01-06 21:18:50,821 - INFO - --------------------------------------------------
2025-01-06 21:18:50,821 - INFO - Epoch 2/5
2025-01-06 21:19:09,434 - INFO - Training metrics: {'loss': 404.5202896688499, 'rmse': 16.85190286954279, 'mae': 8.843917160057554, 'ndcg': 0.6316097981716488}
2025-01-06 21:19:11,877 - INFO - Validation metrics: {'loss': 355.3681952345605, 'rmse': 15.4795676069321, 'mae': 7.342252291885077, 'ndcg': 0.7190156584861231}
2025-01-06 21:19:12,064 - INFO - Saved best model to checkpoints/best_model.pth
2025-01-06 21:19:12,064 - INFO - --------------------------------------------------
2025-01-06 21:19:12,064 - INFO - Epoch 3/5
2025-01-06 21:19:29,483 - INFO - Training metrics: {'loss': 270.08080719499026, 'rmse': 13.809374686305027, 'mae': 7.506492730449228, 'ndcg': 0.7254836304186314}
2025-01-06 21:19:32,053 - INFO - Validation metrics: {'loss': 304.04923898098514, 'rmse': 14.596556869254044, 'mae': 7.143156418613359, 'ndcg': 0.7149411230987194}
2025-01-06 21:19:32,289 - INFO - Saved best model to checkpoints/best_model.pth
2025-01-06 21:19:32,289 - INFO - --------------------------------------------------
2025-01-06 21:19:32,290 - INFO - Epoch 4/5
2025-01-06 21:19:51,869 - INFO - Training metrics: {'loss': 234.50533783669565, 'rmse': 12.639601162909702, 'mae': 6.850901669731327, 'ndcg': 0.745028770072203}
2025-01-06 21:19:54,163 - INFO - Validation metrics: {'loss': 261.16813835443236, 'rmse': 13.841091969640171, 'mae': 6.916050716942432, 'ndcg': 0.7570259062682881}
2025-01-06 21:19:54,443 - INFO - Saved best model to checkpoints/best_model.pth
2025-01-06 21:19:54,443 - INFO - --------------------------------------------------
2025-01-06 21:19:54,444 - INFO - Epoch 5/5
2025-01-06 21:20:18,786 - INFO - Training metrics: {'loss': 209.07674639598997, 'rmse': 11.975312407933863, 'mae': 6.484956109056286, 'ndcg': 0.7679130767709484}
2025-01-06 21:20:21,096 - INFO - Validation metrics: {'loss': 1356.2947997953377, 'rmse': 17.482084257441212, 'mae': 7.058261576820822, 'ndcg': 0.7662503507499602}
2025-01-06 21:20:21,243 - INFO - --------------------------------------------------
2025-01-06 21:20:23,718 - INFO - Saved best model from fold 4 to checkpoints/best_model_cv.pth
2025-01-06 21:20:23,725 - INFO - Cross-validation results:
2025-01-06 21:20:23,727 - INFO - val_rmse: 14.1321
2025-01-06 21:20:23,728 - INFO - val_ndcg: 0.7639
2025-01-06 21:20:47,635 - INFO - Using test data from: /home/martinson/Lhydra_rs/data/processed_data/test_data.csv
2025-01-06 21:20:47,635 - INFO - Using model from: /home/martinson/Lhydra_rs/recommender_system/rs_main_v2_refactored/checkpoints/best_model.pth
2025-01-06 21:20:47,692 - INFO - Loaded test data with 4075 samples
2025-01-06 21:20:51,499 - INFO - Model dimensions: {'music_dims': 1000, 'artist_dims': 500, 'genre_dims': 12, 'num_numerical': 12}
2025-01-06 21:20:51,547 - INFO - Model state loaded successfully
2025-01-06 21:20:51,809 - INFO - Prepared test dataset with 2038 samples
2025-01-06 21:20:51,913 - INFO - Model dimensions: {'music_dims': 1000, 'artist_dims': 500, 'genre_dims': 12, 'num_numerical': 12}
2025-01-06 21:20:53,651 - INFO - New best parameters found: {'dropout': 0.1, 'embedding_dim': 32, 'hidden_layers': [128, 64]} (RMSE: 42.2542)
2025-01-06 21:20:53,651 - INFO - Model dimensions: {'music_dims': 1000, 'artist_dims': 500, 'genre_dims': 12, 'num_numerical': 12}
2025-01-06 21:20:54,707 - INFO - New best parameters found: {'dropout': 0.1, 'embedding_dim': 32, 'hidden_layers': [256, 128, 64]} (RMSE: 29.6561)
2025-01-06 21:20:54,708 - INFO - Model dimensions: {'music_dims': 1000, 'artist_dims': 500, 'genre_dims': 12, 'num_numerical': 12}
2025-01-06 21:20:56,195 - INFO - Model dimensions: {'music_dims': 1000, 'artist_dims': 500, 'genre_dims': 12, 'num_numerical': 12}
2025-01-06 21:20:57,480 - INFO - New best parameters found: {'dropout': 0.1, 'embedding_dim': 64, 'hidden_layers': [128, 64]} (RMSE: 27.4686)
2025-01-06 21:20:57,480 - INFO - Model dimensions: {'music_dims': 1000, 'artist_dims': 500, 'genre_dims': 12, 'num_numerical': 12}
2025-01-06 21:20:58,581 - INFO - Model dimensions: {'music_dims': 1000, 'artist_dims': 500, 'genre_dims': 12, 'num_numerical': 12}
2025-01-06 21:20:59,504 - INFO - Model dimensions: {'music_dims': 1000, 'artist_dims': 500, 'genre_dims': 12, 'num_numerical': 12}
2025-01-06 21:21:01,257 - INFO - Model dimensions: {'music_dims': 1000, 'artist_dims': 500, 'genre_dims': 12, 'num_numerical': 12}
2025-01-06 21:21:02,547 - INFO - Model dimensions: {'music_dims': 1000, 'artist_dims': 500, 'genre_dims': 12, 'num_numerical': 12}
2025-01-06 21:21:03,492 - INFO - New best parameters found: {'dropout': 0.1, 'embedding_dim': 128, 'hidden_layers': [512, 256, 128]} (RMSE: 27.1720)
2025-01-06 21:21:03,492 - INFO - Model dimensions: {'music_dims': 1000, 'artist_dims': 500, 'genre_dims': 12, 'num_numerical': 12}
2025-01-06 21:21:04,473 - INFO - Model dimensions: {'music_dims': 1000, 'artist_dims': 500, 'genre_dims': 12, 'num_numerical': 12}
2025-01-06 21:21:05,402 - INFO - Model dimensions: {'music_dims': 1000, 'artist_dims': 500, 'genre_dims': 12, 'num_numerical': 12}
2025-01-06 21:21:06,410 - INFO - Model dimensions: {'music_dims': 1000, 'artist_dims': 500, 'genre_dims': 12, 'num_numerical': 12}
2025-01-06 21:21:07,850 - INFO - Model dimensions: {'music_dims': 1000, 'artist_dims': 500, 'genre_dims': 12, 'num_numerical': 12}
2025-01-06 21:21:08,934 - INFO - Model dimensions: {'music_dims': 1000, 'artist_dims': 500, 'genre_dims': 12, 'num_numerical': 12}
2025-01-06 21:21:09,879 - INFO - Model dimensions: {'music_dims': 1000, 'artist_dims': 500, 'genre_dims': 12, 'num_numerical': 12}
2025-01-06 21:21:10,805 - INFO - Model dimensions: {'music_dims': 1000, 'artist_dims': 500, 'genre_dims': 12, 'num_numerical': 12}
2025-01-06 21:21:11,763 - INFO - Model dimensions: {'music_dims': 1000, 'artist_dims': 500, 'genre_dims': 12, 'num_numerical': 12}
2025-01-06 21:21:13,353 - INFO - Model dimensions: {'music_dims': 1000, 'artist_dims': 500, 'genre_dims': 12, 'num_numerical': 12}
2025-01-06 21:21:14,697 - INFO - Model dimensions: {'music_dims': 1000, 'artist_dims': 500, 'genre_dims': 12, 'num_numerical': 12}
2025-01-06 21:21:15,603 - INFO - Model dimensions: {'music_dims': 1000, 'artist_dims': 500, 'genre_dims': 12, 'num_numerical': 12}
2025-01-06 21:21:16,664 - INFO - Model dimensions: {'music_dims': 1000, 'artist_dims': 500, 'genre_dims': 12, 'num_numerical': 12}
2025-01-06 21:21:18,049 - INFO - Model dimensions: {'music_dims': 1000, 'artist_dims': 500, 'genre_dims': 12, 'num_numerical': 12}
2025-01-06 21:21:19,365 - INFO - Model dimensions: {'music_dims': 1000, 'artist_dims': 500, 'genre_dims': 12, 'num_numerical': 12}
2025-01-06 21:21:20,275 - INFO - Model dimensions: {'music_dims': 1000, 'artist_dims': 500, 'genre_dims': 12, 'num_numerical': 12}
2025-01-06 21:21:21,229 - INFO - Model dimensions: {'music_dims': 1000, 'artist_dims': 500, 'genre_dims': 12, 'num_numerical': 12}
2025-01-06 21:21:22,146 - INFO - Model dimensions: {'music_dims': 1000, 'artist_dims': 500, 'genre_dims': 12, 'num_numerical': 12}
2025-01-06 21:21:23,168 - INFO - Best parameters: {'dropout': 0.1, 'embedding_dim': 128, 'hidden_layers': [512, 256, 128]}
2025-01-06 21:21:27,718 - INFO - 
cold_items Metrics (n=2016):
2025-01-06 21:21:27,719 - INFO - mse: 1823.1666
2025-01-06 21:21:27,719 - INFO - rmse: 42.6986
2025-01-06 21:21:27,719 - INFO - mae: 29.5226
2025-01-06 21:21:27,719 - INFO - r2: -2.2155
2025-01-06 21:21:27,719 - INFO - pred_mean: -14.6801
2025-01-06 21:21:27,719 - INFO - pred_std: 15.9072
2025-01-06 21:21:27,719 - INFO - true_mean: 14.8378
2025-01-06 21:21:27,719 - INFO - true_std: 23.8114
2025-01-06 21:21:27,740 - INFO - 
warm_items Metrics (n=22):
2025-01-06 21:21:27,740 - INFO - mse: 14681.0459
2025-01-06 21:21:27,740 - INFO - rmse: 121.1654
2025-01-06 21:21:27,740 - INFO - mae: 67.2888
2025-01-06 21:21:27,740 - INFO - r2: -0.6038
2025-01-06 21:21:27,740 - INFO - pred_mean: -7.2888
2025-01-06 21:21:27,741 - INFO - pred_std: 6.4607
2025-01-06 21:21:27,741 - INFO - true_mean: 60.0000
2025-01-06 21:21:27,741 - INFO - true_std: 95.6761
2025-01-06 21:21:27,744 - INFO - Evaluation completed. Results saved to: metrics
2025-01-06 21:21:27,744 - INFO - 
Evaluation Summary:
2025-01-06 21:21:27,744 - INFO - Basic Metrics:
2025-01-06 21:21:27,744 - INFO - mse: 1961.9661
2025-01-06 21:21:27,744 - INFO - rmse: 44.2941
2025-01-06 21:21:27,745 - INFO - mae: 29.9303
2025-01-06 21:21:27,745 - INFO - r2: -1.8791
2025-01-06 21:21:27,745 - INFO - pred_mean: -14.6003
2025-01-06 21:21:27,745 - INFO - pred_std: 15.8538
2025-01-06 21:21:27,745 - INFO - true_mean: 15.3253
2025-01-06 21:21:27,745 - INFO - true_std: 26.1048
2025-01-06 21:21:27,746 - INFO - 
Top-K Metrics:
2025-01-06 21:21:27,746 - INFO - ndcg@10: nan
2025-01-06 21:21:27,746 - INFO - precision@10: nan
2025-01-06 21:21:27,746 - INFO - recall@10: nan
2025-01-06 21:21:27,746 - INFO - 
Bias Analysis:
2025-01-06 21:21:27,746 - INFO - bias_range_1: -19.8203
2025-01-06 21:21:27,746 - INFO - bias_range_2: -22.0951
2025-01-06 21:21:27,747 - INFO - bias_range_3: -25.4314
2025-01-06 21:21:27,747 - INFO - bias_range_4: -47.4447
2025-01-06 21:22:08,117 - INFO - Loading model from checkpoints/best_model.pth
2025-01-06 21:22:09,102 - INFO - Model loaded successfully
2025-01-06 21:22:09,113 - INFO - Encoder class counts:
2025-01-06 21:32:39,209 - INFO - Loading model from checkpoints/best_model.pth
2025-01-06 21:32:40,117 - INFO - Model loaded successfully
2025-01-06 21:32:40,120 - INFO - Loaded encoders structure:
2025-01-06 21:32:40,120 - INFO - Keys in encoders: ['encoder']
2025-01-06 21:35:54,290 - INFO - Loading model from checkpoints/best_model.pth
2025-01-06 21:35:55,284 - INFO - Model loaded successfully
2025-01-06 21:35:55,288 - INFO - Encoder class counts:
2025-01-06 21:40:27,446 - INFO - Loading model from checkpoints/best_model.pth
2025-01-06 21:40:28,487 - INFO - Model loaded successfully
2025-01-06 21:40:28,491 - INFO - Encoders loaded successfully
2025-01-06 21:40:28,491 - ERROR - Error getting dimensions: 'DataEncoder' object has no attribute 'fitted'
2025-01-06 21:48:27,875 - INFO - Loading model from checkpoints/best_model.pth
2025-01-06 21:48:28,903 - INFO - Model loaded successfully
2025-01-06 21:48:28,907 - INFO - Encoders loaded successfully
2025-01-06 21:48:28,907 - ERROR - Error getting dimensions: DataEncoder must be fitted before getting dimensions
2025-01-06 21:48:52,140 - INFO - Loading model from checkpoints/best_model.pth
2025-01-06 21:48:53,087 - INFO - Model loaded successfully
2025-01-06 21:48:53,091 - INFO - Encoders loaded successfully
2025-01-06 21:48:53,092 - ERROR - Error getting dimensions: DataEncoder must be fitted before getting dimensions
2025-01-06 22:23:10,901 - INFO - Loading model from checkpoints/best_model.pth
2025-01-06 22:23:11,877 - INFO - Model loaded successfully
2025-01-06 22:23:11,883 - INFO - Encoders loaded successfully
2025-01-06 22:23:11,884 - ERROR - Error getting dimensions: 'DataEncoder' object has no attribute 'fitted'
2025-01-06 22:26:04,191 - INFO - Loading model from checkpoints/best_model.pth
2025-01-06 22:26:05,197 - INFO - Model loaded successfully
2025-01-06 22:26:05,201 - INFO - Encoders loaded successfully
2025-01-06 22:26:05,201 - ERROR - Error getting dimensions: 'DataEncoder' object has no attribute 'fitted'
2025-01-06 22:33:45,160 - INFO - Loading model from checkpoints/best_model.pth
2025-01-06 22:33:46,116 - INFO - Model loaded successfully
2025-01-06 22:33:46,121 - INFO - Encoders loaded successfully
2025-01-06 22:33:46,122 - ERROR - Error getting dimensions: DataEncoder must be fitted before getting dimensions
2025-01-06 22:40:09,589 - INFO - Using device: cuda
2025-01-06 22:40:09,908 - INFO - CUDA Device: NVIDIA GeForce GTX 1050
2025-01-06 22:40:10,173 - INFO - Training fold 1/5
2025-01-06 22:40:10,541 - INFO - Training on device: cuda
2025-01-06 22:40:10,542 - INFO - CUDA Device: NVIDIA GeForce GTX 1050
2025-01-06 22:40:10,542 - INFO - CUDA Memory Allocated: 0.00 GB
2025-01-06 22:40:14,092 - INFO - Epoch 1/5
2025-01-06 22:40:36,780 - INFO - Training metrics: {'loss': 557.359691844267, 'rmse': 19.714905337610855, 'mae': 10.532876480443806, 'ndcg': 0.4790879152715206}
2025-01-06 22:40:39,162 - INFO - Validation metrics: {'loss': 738.5865329854629, 'rmse': 20.796816180472184, 'mae': 9.242777929586524, 'ndcg': 0.5332517116969707}
2025-01-06 22:40:39,400 - INFO - Saved best model to checkpoints/best_model.pth
2025-01-06 22:40:39,400 - INFO - --------------------------------------------------
2025-01-06 22:40:39,400 - INFO - Epoch 2/5
2025-01-06 22:40:58,348 - INFO - Training metrics: {'loss': 406.0971479088652, 'rmse': 16.63220002711694, 'mae': 8.390610128641129, 'ndcg': 0.6378592732271143}
2025-01-06 22:41:00,539 - INFO - Validation metrics: {'loss': 334.6822490318149, 'rmse': 15.48864979260478, 'mae': 7.8913268715727565, 'ndcg': 0.714142876512864}
2025-01-06 22:41:00,765 - INFO - Saved best model to checkpoints/best_model.pth
2025-01-06 22:41:00,765 - INFO - --------------------------------------------------
2025-01-06 22:41:00,765 - INFO - Epoch 3/5
2025-01-06 22:41:19,126 - INFO - Training metrics: {'loss': 245.8827426106322, 'rmse': 13.359855187454993, 'mae': 7.117502836035747, 'ndcg': 0.7380062776489877}
2025-01-06 22:41:21,297 - INFO - Validation metrics: {'loss': 301.534839106541, 'rmse': 14.2295693572556, 'mae': 6.937732044388266, 'ndcg': 0.7304727689308279}
2025-01-06 22:41:21,532 - INFO - Saved best model to checkpoints/best_model.pth
2025-01-06 22:41:21,532 - INFO - --------------------------------------------------
2025-01-06 22:41:21,533 - INFO - Epoch 4/5
2025-01-06 22:41:40,467 - INFO - Training metrics: {'loss': 196.77140788471, 'rmse': 11.838135312600379, 'mae': 6.47593016016717, 'ndcg': 0.7756315308312575}
2025-01-06 22:41:43,135 - INFO - Validation metrics: {'loss': 369.3872547523648, 'rmse': 13.505949169150172, 'mae': 6.601194274191763, 'ndcg': 0.7519570743920756}
2025-01-06 22:41:43,210 - INFO - --------------------------------------------------
2025-01-06 22:41:43,210 - INFO - Epoch 5/5
2025-01-06 22:42:05,307 - INFO - Training metrics: {'loss': 176.94304869922937, 'rmse': 11.3104492404414, 'mae': 6.240394347438626, 'ndcg': 0.7879097385003286}
2025-01-06 22:42:07,495 - INFO - Validation metrics: {'loss': 183.01973870221306, 'rmse': 11.486028535523099, 'mae': 6.19043885492811, 'ndcg': 0.7780022968848547}
2025-01-06 22:42:07,707 - INFO - Saved best model to checkpoints/best_model.pth
2025-01-06 22:42:07,708 - INFO - --------------------------------------------------
2025-01-06 22:42:09,984 - INFO - New best model from fold 1
2025-01-06 22:42:09,984 - INFO - Training fold 2/5
2025-01-06 22:42:10,147 - INFO - Training on device: cuda
2025-01-06 22:42:10,147 - INFO - CUDA Device: NVIDIA GeForce GTX 1050
2025-01-06 22:42:10,148 - INFO - CUDA Memory Allocated: 0.02 GB
2025-01-06 22:42:10,161 - INFO - Epoch 1/5
2025-01-06 22:42:26,701 - INFO - Training metrics: {'loss': 604.2649947241241, 'rmse': 20.728418191305902, 'mae': 11.170430079394697, 'ndcg': 0.4836126697048837}
2025-01-06 22:42:28,662 - INFO - Validation metrics: {'loss': 499.3090316267575, 'rmse': 17.81113467105855, 'mae': 8.396572718433305, 'ndcg': 0.5495020042301393}
2025-01-06 22:42:28,831 - INFO - Saved best model to checkpoints/best_model.pth
2025-01-06 22:42:28,831 - INFO - --------------------------------------------------
2025-01-06 22:42:28,831 - INFO - Epoch 2/5
2025-01-06 22:42:47,221 - INFO - Training metrics: {'loss': 412.1156220716589, 'rmse': 16.600379816428642, 'mae': 8.639429424323287, 'ndcg': 0.6459387438737002}
2025-01-06 22:42:49,558 - INFO - Validation metrics: {'loss': 407.52044578627044, 'rmse': 16.102718115552616, 'mae': 7.997006474756727, 'ndcg': 0.6636455903450648}
2025-01-06 22:42:49,749 - INFO - Saved best model to checkpoints/best_model.pth
2025-01-06 22:42:49,749 - INFO - --------------------------------------------------
2025-01-06 22:42:49,749 - INFO - Epoch 3/5
2025-01-06 22:43:09,742 - INFO - Training metrics: {'loss': 288.74981651119157, 'rmse': 13.85783400024852, 'mae': 7.330663404043983, 'ndcg': 0.7303700109615046}
2025-01-06 22:43:12,046 - INFO - Validation metrics: {'loss': 291.6910768957699, 'rmse': 13.957696552052251, 'mae': 6.906368321063471, 'ndcg': 0.6884458538363961}
2025-01-06 22:43:12,249 - INFO - Saved best model to checkpoints/best_model.pth
2025-01-06 22:43:12,250 - INFO - --------------------------------------------------
2025-01-06 22:43:12,250 - INFO - Epoch 4/5
2025-01-06 22:43:32,520 - INFO - Training metrics: {'loss': 226.96717981263703, 'rmse': 12.681815629355853, 'mae': 6.918603364743438, 'ndcg': 0.7660338387404587}
2025-01-06 22:43:34,908 - INFO - Validation metrics: {'loss': 2533.7534570132984, 'rmse': 22.05943751444501, 'mae': 8.351635699178658, 'ndcg': 0.730000791888611}
2025-01-06 22:43:35,018 - INFO - --------------------------------------------------
2025-01-06 22:43:35,018 - INFO - Epoch 5/5
2025-01-06 22:43:53,302 - INFO - Training metrics: {'loss': 211.31304378836762, 'rmse': 12.19111490123421, 'mae': 6.572877876898822, 'ndcg': 0.7740566772134865}
2025-01-06 22:43:55,716 - INFO - Validation metrics: {'loss': 578.806637763977, 'rmse': 14.23296396190944, 'mae': 6.751203600098105, 'ndcg': 0.7371404920430744}
2025-01-06 22:43:55,809 - INFO - Early stopping triggered after 5 epochs
2025-01-06 22:43:57,850 - INFO - Training fold 3/5
2025-01-06 22:43:57,985 - INFO - Training on device: cuda
2025-01-06 22:43:57,985 - INFO - CUDA Device: NVIDIA GeForce GTX 1050
2025-01-06 22:43:57,985 - INFO - CUDA Memory Allocated: 0.02 GB
2025-01-06 22:43:57,998 - INFO - Epoch 1/5
2025-01-06 22:44:15,187 - INFO - Training metrics: {'loss': 622.6806649600758, 'rmse': 20.401118376323527, 'mae': 10.870909369459339, 'ndcg': 0.4800668911387523}
2025-01-06 22:44:17,562 - INFO - Validation metrics: {'loss': 494.5190002777997, 'rmse': 19.02127491150693, 'mae': 8.697592765677209, 'ndcg': 0.5719681345656806}
2025-01-06 22:44:17,749 - INFO - Saved best model to checkpoints/best_model.pth
2025-01-06 22:44:17,749 - INFO - --------------------------------------------------
2025-01-06 22:44:17,749 - INFO - Epoch 2/5
2025-01-06 22:44:37,116 - INFO - Training metrics: {'loss': 441.31449148234196, 'rmse': 16.82348561655933, 'mae': 8.523128357588076, 'ndcg': 0.6399959375643555}
2025-01-06 22:44:40,122 - INFO - Validation metrics: {'loss': 306.02179097194295, 'rmse': 14.90923853687138, 'mae': 7.283573865890503, 'ndcg': 0.7063438001216626}
2025-01-06 22:44:40,307 - INFO - Saved best model to checkpoints/best_model.pth
2025-01-06 22:44:40,307 - INFO - --------------------------------------------------
2025-01-06 22:44:40,307 - INFO - Epoch 3/5
2025-01-06 22:45:01,833 - INFO - Training metrics: {'loss': 286.42839735629514, 'rmse': 13.807191017988004, 'mae': 7.324146949193057, 'ndcg': 0.7262619419717321}
2025-01-06 22:45:03,964 - INFO - Validation metrics: {'loss': 232.4606061075248, 'rmse': 13.178255695717098, 'mae': 6.756746958283817, 'ndcg': 0.7508760407274845}
2025-01-06 22:45:04,189 - INFO - Saved best model to checkpoints/best_model.pth
2025-01-06 22:45:04,189 - INFO - --------------------------------------------------
2025-01-06 22:45:04,189 - INFO - Epoch 4/5
2025-01-06 22:45:21,395 - INFO - Training metrics: {'loss': 231.8737858463736, 'rmse': 12.694357342435017, 'mae': 6.777354720176435, 'ndcg': 0.7661243419290757}
2025-01-06 22:45:23,359 - INFO - Validation metrics: {'loss': 200.85247065974218, 'rmse': 12.45160239151431, 'mae': 6.582705986266043, 'ndcg': 0.7861623802021438}
2025-01-06 22:45:23,537 - INFO - Saved best model to checkpoints/best_model.pth
2025-01-06 22:45:23,538 - INFO - --------------------------------------------------
2025-01-06 22:45:23,538 - INFO - Epoch 5/5
2025-01-06 22:45:41,778 - INFO - Training metrics: {'loss': 205.4242845142589, 'rmse': 11.81905665204479, 'mae': 6.407057855643478, 'ndcg': 0.7891964933597574}
2025-01-06 22:45:43,759 - INFO - Validation metrics: {'loss': 218.78730169932047, 'rmse': 13.079774585137898, 'mae': 6.789399633220598, 'ndcg': 0.7817716770896724}
2025-01-06 22:45:43,909 - INFO - --------------------------------------------------
2025-01-06 22:45:45,958 - INFO - Training fold 4/5
2025-01-06 22:45:46,115 - INFO - Training on device: cuda
2025-01-06 22:45:46,116 - INFO - CUDA Device: NVIDIA GeForce GTX 1050
2025-01-06 22:45:46,116 - INFO - CUDA Memory Allocated: 0.02 GB
2025-01-06 22:45:46,130 - INFO - Epoch 1/5
2025-01-06 22:46:03,096 - INFO - Training metrics: {'loss': 649.107520795336, 'rmse': 21.019526462818824, 'mae': 11.07310278918229, 'ndcg': 0.47424765069987257}
2025-01-06 22:46:06,573 - INFO - Validation metrics: {'loss': 448.83127406999176, 'rmse': 17.338458148675304, 'mae': 9.04105855436886, 'ndcg': 0.5207621255049518}
2025-01-06 22:46:06,807 - INFO - Saved best model to checkpoints/best_model.pth
2025-01-06 22:46:06,808 - INFO - --------------------------------------------------
2025-01-06 22:46:06,808 - INFO - Epoch 2/5
2025-01-06 22:46:30,298 - INFO - Training metrics: {'loss': 463.42054612963807, 'rmse': 17.05318283239643, 'mae': 8.422333993163763, 'ndcg': 0.6300517639473957}
2025-01-06 22:46:33,983 - INFO - Validation metrics: {'loss': 288.4245700088202, 'rmse': 14.092870349890713, 'mae': 7.29297802027534, 'ndcg': 0.6859461659309911}
2025-01-06 22:46:34,186 - INFO - Saved best model to checkpoints/best_model.pth
2025-01-06 22:46:34,186 - INFO - --------------------------------------------------
2025-01-06 22:46:34,187 - INFO - Epoch 3/5
2025-01-06 22:46:52,887 - INFO - Training metrics: {'loss': 288.86219717474546, 'rmse': 14.081446685794129, 'mae': 7.3127845151751645, 'ndcg': 0.7404321821808231}
2025-01-06 22:46:55,427 - INFO - Validation metrics: {'loss': 239.71277229458678, 'rmse': 13.066365047501312, 'mae': 6.830733219782512, 'ndcg': 0.7330522537231445}
2025-01-06 22:46:55,595 - INFO - Saved best model to checkpoints/best_model.pth
2025-01-06 22:46:55,595 - INFO - --------------------------------------------------
2025-01-06 22:46:55,595 - INFO - Epoch 4/5
2025-01-06 22:47:14,724 - INFO - Training metrics: {'loss': 235.27302022307526, 'rmse': 12.67590304867984, 'mae': 6.700568144227944, 'ndcg': 0.7739252912099747}
2025-01-06 22:47:17,250 - INFO - Validation metrics: {'loss': 194.8434336793189, 'rmse': 11.84040325582017, 'mae': 6.549424889040928, 'ndcg': 0.7391069695061329}
2025-01-06 22:47:17,428 - INFO - Saved best model to checkpoints/best_model.pth
2025-01-06 22:47:17,428 - INFO - --------------------------------------------------
2025-01-06 22:47:17,428 - INFO - Epoch 5/5
2025-01-06 22:47:36,160 - INFO - Training metrics: {'loss': 175.5801399642346, 'rmse': 11.370002139475229, 'mae': 6.250953129693573, 'ndcg': 0.7919418631377173}
2025-01-06 22:47:38,526 - INFO - Validation metrics: {'loss': 189.56484138264375, 'rmse': 11.415572016597647, 'mae': 6.306352778977039, 'ndcg': 0.7389941576356981}
2025-01-06 22:47:38,773 - INFO - Saved best model to checkpoints/best_model.pth
2025-01-06 22:47:38,773 - INFO - --------------------------------------------------
2025-01-06 22:47:40,908 - INFO - Training fold 5/5
2025-01-06 22:47:41,040 - INFO - Training on device: cuda
2025-01-06 22:47:41,040 - INFO - CUDA Device: NVIDIA GeForce GTX 1050
2025-01-06 22:47:41,041 - INFO - CUDA Memory Allocated: 0.02 GB
2025-01-06 22:47:41,058 - INFO - Epoch 1/5
2025-01-06 22:47:59,203 - INFO - Training metrics: {'loss': 606.239740638172, 'rmse': 20.384912358740145, 'mae': 10.753343649938994, 'ndcg': 0.49292087470929996}
2025-01-06 22:48:02,094 - INFO - Validation metrics: {'loss': 443.24295604930205, 'rmse': 17.410972534724053, 'mae': 8.064730863945156, 'ndcg': 0.5604393454451188}
2025-01-06 22:48:02,332 - INFO - Saved best model to checkpoints/best_model.pth
2025-01-06 22:48:02,332 - INFO - --------------------------------------------------
2025-01-06 22:48:02,333 - INFO - Epoch 2/5
2025-01-06 22:48:22,272 - INFO - Training metrics: {'loss': 368.78414339645235, 'rmse': 16.01767553749403, 'mae': 8.181832132970586, 'ndcg': 0.658503105717839}
2025-01-06 22:48:24,757 - INFO - Validation metrics: {'loss': 303.0575977026248, 'rmse': 14.462403061439995, 'mae': 7.152615832347496, 'ndcg': 0.6726351340903955}
2025-01-06 22:48:24,980 - INFO - Saved best model to checkpoints/best_model.pth
2025-01-06 22:48:24,980 - INFO - --------------------------------------------------
2025-01-06 22:48:24,981 - INFO - Epoch 3/5
2025-01-06 22:48:44,290 - INFO - Training metrics: {'loss': 269.3349371681026, 'rmse': 13.720778464429277, 'mae': 7.1781389742505315, 'ndcg': 0.7275231073920926}
2025-01-06 22:48:46,773 - INFO - Validation metrics: {'loss': 3550.23667306526, 'rmse': 24.24499292119259, 'mae': 8.86792445416544, 'ndcg': 0.6834824879964193}
2025-01-06 22:48:46,954 - INFO - --------------------------------------------------
2025-01-06 22:48:46,957 - INFO - Epoch 4/5
2025-01-06 22:49:06,770 - INFO - Training metrics: {'loss': 226.40838694806192, 'rmse': 12.629472509759076, 'mae': 6.695896482350779, 'ndcg': 0.7660417702122062}
2025-01-06 22:49:09,250 - INFO - Validation metrics: {'loss': 397.34987648795635, 'rmse': 14.344235400417242, 'mae': 6.934693789949604, 'ndcg': 0.7031888188976868}
2025-01-06 22:49:09,322 - INFO - Early stopping triggered after 4 epochs
2025-01-06 22:49:11,822 - INFO - Saved best model from fold 1 to checkpoints/best_model_cv.pth
2025-01-06 22:49:11,826 - INFO - Cross-validation results:
2025-01-06 22:49:11,826 - INFO - val_rmse: 12.9117
2025-01-06 22:49:11,826 - INFO - val_ndcg: 0.7478
2025-01-07 03:53:40,916 - INFO - Loading model from checkpoints/best_model.pth
2025-01-07 03:53:42,007 - INFO - Model loaded successfully
2025-01-07 03:53:42,034 - INFO - Encoders loaded successfully
2025-01-07 03:53:42,034 - ERROR - Error getting dimensions: DataEncoder must be fitted before getting dimensions
2025-01-07 03:56:17,806 - INFO - Loading model from checkpoints/best_model.pth
2025-01-07 03:56:18,857 - INFO - Model loaded successfully
2025-01-07 03:56:18,863 - INFO - Encoders loaded successfully
2025-01-07 03:56:18,863 - INFO - DataEncoder is not fitted. Fitting now with catalog_data...
2025-01-07 03:58:57,600 - INFO - Loading model from checkpoints/best_model.pth
2025-01-07 03:58:58,736 - INFO - Model loaded successfully
2025-01-07 03:58:58,758 - INFO - Encoders loaded successfully
2025-01-07 03:58:58,759 - INFO - DataEncoder is not fitted. Fitting now with catalog_data...
2025-01-07 04:01:33,460 - INFO - Loading model from checkpoints/best_model.pth
2025-01-07 04:01:34,789 - INFO - Model loaded successfully
2025-01-07 04:01:34,789 - ERROR - Error loading encoders: [Errno 2] No such file or directory: '/home/martinson/Lhydra_rs/data/processed_data/data_encoders.pt'
2025-01-07 04:03:36,771 - INFO - Loading model from checkpoints/best_model.pth
2025-01-07 04:03:37,842 - INFO - Model loaded successfully
2025-01-07 04:03:37,846 - INFO - Encoders loaded successfully
2025-01-07 04:03:37,847 - INFO - Model dimensions loaded successfully
2025-01-07 04:03:37,849 - WARNING - Catalog contains more music items than model capacity
2025-01-07 04:03:37,854 - INFO - Filtered catalog size: 8
2025-01-07 04:06:11,895 - INFO - Loading model from checkpoints/best_model.pth
2025-01-07 04:06:12,552 - INFO - Model loaded successfully
2025-01-07 04:06:12,557 - INFO - Encoders loaded successfully
2025-01-07 04:06:12,558 - INFO - Model dimensions loaded successfully
2025-01-07 04:06:12,559 - WARNING - Catalog contains more music items than model capacity
2025-01-07 04:06:12,561 - INFO - Filtered catalog size: 8
2025-01-07 04:07:49,097 - INFO - Loading model from checkpoints/best_model.pth
2025-01-07 04:07:50,140 - INFO - Model loaded successfully
2025-01-07 04:07:50,144 - INFO - Encoders loaded successfully
2025-01-07 04:07:50,144 - INFO - Model dimensions loaded successfully
2025-01-07 04:07:50,145 - WARNING - Catalog contains more music items than model capacity
2025-01-07 04:07:50,147 - INFO - Filtered catalog size: 8
2025-01-07 04:11:39,436 - INFO - Loading model from checkpoints/best_model.pth
2025-01-07 04:11:40,692 - INFO - Model loaded successfully
2025-01-07 04:11:40,757 - INFO - Encoders loaded successfully
2025-01-07 04:11:40,757 - INFO - Model dimensions loaded successfully
2025-01-07 04:12:59,198 - INFO - Using device: cuda
2025-01-07 04:12:59,596 - INFO - CUDA Device: NVIDIA GeForce GTX 1050
2025-01-07 04:12:59,935 - INFO - Training fold 1/5
2025-01-07 04:13:00,208 - INFO - Training on device: cuda
2025-01-07 04:13:00,209 - INFO - CUDA Device: NVIDIA GeForce GTX 1050
2025-01-07 04:13:00,209 - INFO - CUDA Memory Allocated: 0.00 GB
2025-01-07 04:13:04,561 - INFO - Epoch 1/5
2025-01-07 04:13:32,509 - INFO - Training metrics: {'loss': 538.8942537214242, 'rmse': 19.105837722944095, 'mae': 10.113147627489239, 'ndcg': 0.47687803453528416}
2025-01-07 04:13:36,171 - INFO - Validation metrics: {'loss': 589.3729331633624, 'rmse': 18.083778570009706, 'mae': 8.108365820903405, 'ndcg': 0.6018549269613098}
2025-01-07 04:13:36,445 - INFO - Saved best model to checkpoints/best_model.pth
2025-01-07 04:13:36,445 - INFO - --------------------------------------------------
2025-01-07 04:13:36,446 - INFO - Epoch 2/5
2025-01-07 04:14:05,113 - INFO - Training metrics: {'loss': 377.8927326903624, 'rmse': 15.544822132180737, 'mae': 7.968843899521173, 'ndcg': 0.6808624102861858}
2025-01-07 04:14:08,758 - INFO - Validation metrics: {'loss': 283.06025076847453, 'rmse': 13.090925964528042, 'mae': 6.666373164046044, 'ndcg': 0.7319788415642345}
2025-01-07 04:14:09,133 - INFO - Saved best model to checkpoints/best_model.pth
2025-01-07 04:14:09,134 - INFO - --------------------------------------------------
2025-01-07 04:14:09,134 - INFO - Epoch 3/5
2025-01-07 04:14:38,861 - INFO - Training metrics: {'loss': 225.56384381125955, 'rmse': 12.340388313674138, 'mae': 6.551035929544299, 'ndcg': 0.7810157511164161}
2025-01-07 04:14:42,312 - INFO - Validation metrics: {'loss': 320.0737137700997, 'rmse': 13.499515621081672, 'mae': 6.652694470742169, 'ndcg': 0.770155593752861}
2025-01-07 04:14:42,449 - INFO - --------------------------------------------------
2025-01-07 04:14:42,449 - INFO - Epoch 4/5
2025-01-07 04:15:12,224 - INFO - Training metrics: {'loss': 174.2727129459381, 'rmse': 10.936093943312612, 'mae': 6.034456717033012, 'ndcg': 0.8162368220441482}
2025-01-07 04:15:15,375 - INFO - Validation metrics: {'loss': 234.05816326889337, 'rmse': 12.095762640372177, 'mae': 6.318898584328446, 'ndcg': 0.76493774237586}
2025-01-07 04:15:15,848 - INFO - Saved best model to checkpoints/best_model.pth
2025-01-07 04:15:15,849 - INFO - --------------------------------------------------
2025-01-07 04:15:15,849 - INFO - Epoch 5/5
2025-01-07 04:15:44,957 - INFO - Training metrics: {'loss': 144.3631120405945, 'rmse': 10.061795536602876, 'mae': 5.688727784974902, 'ndcg': 0.8235942093180675}
2025-01-07 04:15:49,854 - INFO - Validation metrics: {'loss': 177.36941376854392, 'rmse': 10.918767526160655, 'mae': 5.883062998453776, 'ndcg': 0.7991834969497195}
2025-01-07 04:15:50,156 - INFO - Saved best model to checkpoints/best_model.pth
2025-01-07 04:15:50,157 - INFO - --------------------------------------------------
2025-01-07 04:15:53,458 - INFO - New best model from fold 1
2025-01-07 04:15:53,459 - INFO - Training fold 2/5
2025-01-07 04:15:53,844 - INFO - Training on device: cuda
2025-01-07 04:15:53,845 - INFO - CUDA Device: NVIDIA GeForce GTX 1050
2025-01-07 04:15:53,845 - INFO - CUDA Memory Allocated: 0.03 GB
2025-01-07 04:15:53,881 - INFO - Epoch 1/5
2025-01-07 04:16:23,678 - INFO - Training metrics: {'loss': 580.3459389770733, 'rmse': 19.839990149225585, 'mae': 11.00610433139053, 'ndcg': 0.4728010041712254}
2025-01-07 04:16:26,187 - INFO - Validation metrics: {'loss': 483.9666146110086, 'rmse': 18.12385342393932, 'mae': 8.48648873497458, 'ndcg': 0.5421035860245135}
2025-01-07 04:16:26,455 - INFO - Saved best model to checkpoints/best_model.pth
2025-01-07 04:16:26,455 - INFO - --------------------------------------------------
2025-01-07 04:16:26,456 - INFO - Epoch 2/5
2025-01-07 04:16:53,625 - INFO - Training metrics: {'loss': 432.67673156308194, 'rmse': 16.82815703020172, 'mae': 8.427278551985236, 'ndcg': 0.6080595092738376}
2025-01-07 04:16:58,731 - INFO - Validation metrics: {'loss': 676.4795854231891, 'rmse': 19.16769757469987, 'mae': 8.346726688684202, 'ndcg': 0.6836854758508065}
2025-01-07 04:16:58,967 - INFO - --------------------------------------------------
2025-01-07 04:16:58,968 - INFO - Epoch 3/5
2025-01-07 04:17:26,252 - INFO - Training metrics: {'loss': 281.9662213605993, 'rmse': 13.510972971307735, 'mae': 7.096755917750153, 'ndcg': 0.7367513180144277}
2025-01-07 04:17:29,191 - INFO - Validation metrics: {'loss': 241.89899769951316, 'rmse': 13.042549039966291, 'mae': 6.834255337715149, 'ndcg': 0.7564567036780656}
2025-01-07 04:17:29,692 - INFO - Saved best model to checkpoints/best_model.pth
2025-01-07 04:17:29,692 - INFO - --------------------------------------------------
2025-01-07 04:17:29,693 - INFO - Epoch 4/5
2025-01-07 04:17:59,029 - INFO - Training metrics: {'loss': 206.3157415717256, 'rmse': 11.522453085164644, 'mae': 6.256939460249508, 'ndcg': 0.8029288424580705}
2025-01-07 04:18:02,071 - INFO - Validation metrics: {'loss': 239.7567974165374, 'rmse': 12.711863771810016, 'mae': 6.346604036349876, 'ndcg': 0.7911050889421912}
2025-01-07 04:18:02,366 - INFO - Saved best model to checkpoints/best_model.pth
2025-01-07 04:18:02,366 - INFO - --------------------------------------------------
2025-01-07 04:18:02,367 - INFO - Epoch 5/5
2025-01-07 04:18:31,757 - INFO - Training metrics: {'loss': 188.9009314027487, 'rmse': 10.742981495907511, 'mae': 5.827732281941993, 'ndcg': 0.8224197097999209}
2025-01-07 04:18:34,934 - INFO - Validation metrics: {'loss': 388.007186683954, 'rmse': 12.912817071358363, 'mae': 6.213116236761505, 'ndcg': 0.7978198271171719}
2025-01-07 04:18:35,187 - INFO - --------------------------------------------------
2025-01-07 04:18:37,602 - INFO - Training fold 3/5
2025-01-07 04:18:37,800 - INFO - Training on device: cuda
2025-01-07 04:18:37,801 - INFO - CUDA Device: NVIDIA GeForce GTX 1050
2025-01-07 04:18:37,801 - INFO - CUDA Memory Allocated: 0.03 GB
2025-01-07 04:18:37,841 - INFO - Epoch 1/5
2025-01-07 04:19:06,342 - INFO - Training metrics: {'loss': 572.1410610161576, 'rmse': 19.944879680985444, 'mae': 10.82178946686726, 'ndcg': 0.48859529861924694}
2025-01-07 04:19:09,540 - INFO - Validation metrics: {'loss': 474.7389076644299, 'rmse': 17.77378488079177, 'mae': 8.088670150906433, 'ndcg': 0.5456004302729579}
2025-01-07 04:19:09,848 - INFO - Saved best model to checkpoints/best_model.pth
2025-01-07 04:19:09,848 - INFO - --------------------------------------------------
2025-01-07 04:19:09,849 - INFO - Epoch 2/5
2025-01-07 04:19:38,509 - INFO - Training metrics: {'loss': 386.1998541729123, 'rmse': 15.99339133847536, 'mae': 8.328124940979714, 'ndcg': 0.6313635915809986}
2025-01-07 04:19:41,096 - INFO - Validation metrics: {'loss': 294.6200024286906, 'rmse': 14.579686173899022, 'mae': 7.505866826749315, 'ndcg': 0.7058600388905582}
2025-01-07 04:19:41,347 - INFO - Saved best model to checkpoints/best_model.pth
2025-01-07 04:19:41,347 - INFO - --------------------------------------------------
2025-01-07 04:19:41,348 - INFO - Epoch 3/5
2025-01-07 04:20:10,421 - INFO - Training metrics: {'loss': 252.06958268202987, 'rmse': 13.107883110679207, 'mae': 7.120787050794153, 'ndcg': 0.7455217501550329}
2025-01-07 04:20:13,564 - INFO - Validation metrics: {'loss': 41260.586735257915, 'rmse': 44.24356622310652, 'mae': 12.32190221898696, 'ndcg': 0.7264633979283127}
2025-01-07 04:20:13,756 - INFO - --------------------------------------------------
2025-01-07 04:20:13,756 - INFO - Epoch 4/5
2025-01-07 04:20:44,827 - INFO - Training metrics: {'loss': 198.5440842404085, 'rmse': 11.584546040223644, 'mae': 6.416989318296021, 'ndcg': 0.7994436606326524}
2025-01-07 04:20:47,708 - INFO - Validation metrics: {'loss': 223.45781075720694, 'rmse': 12.19696360951827, 'mae': 6.229857980036268, 'ndcg': 0.769583768119999}
2025-01-07 04:20:48,178 - INFO - Saved best model to checkpoints/best_model.pth
2025-01-07 04:20:48,179 - INFO - --------------------------------------------------
2025-01-07 04:20:48,179 - INFO - Epoch 5/5
2025-01-07 04:21:16,665 - INFO - Training metrics: {'loss': 165.58774011742835, 'rmse': 10.551353445137698, 'mae': 5.931901534982756, 'ndcg': 0.8195846627155939}
2025-01-07 04:21:19,903 - INFO - Validation metrics: {'loss': 6254.493596666, 'rmse': 18.48584773207791, 'mae': 7.1631513156142885, 'ndcg': 0.7872419170304841}
2025-01-07 04:21:20,070 - INFO - --------------------------------------------------
2025-01-07 04:21:22,730 - INFO - Training fold 4/5
2025-01-07 04:21:22,931 - INFO - Training on device: cuda
2025-01-07 04:21:22,931 - INFO - CUDA Device: NVIDIA GeForce GTX 1050
2025-01-07 04:21:22,932 - INFO - CUDA Memory Allocated: 0.03 GB
2025-01-07 04:21:22,947 - INFO - Epoch 1/5
2025-01-07 04:21:53,361 - INFO - Training metrics: {'loss': 570.006054205053, 'rmse': 20.181688267555792, 'mae': 11.445223135106703, 'ndcg': 0.4913345322962485}
2025-01-07 04:21:56,652 - INFO - Validation metrics: {'loss': 467.7067743563185, 'rmse': 17.708743710678885, 'mae': 8.686414704603308, 'ndcg': 0.5666553923020176}
2025-01-07 04:21:57,005 - INFO - Saved best model to checkpoints/best_model.pth
2025-01-07 04:21:57,005 - INFO - --------------------------------------------------
2025-01-07 04:21:57,006 - INFO - Epoch 2/5
2025-01-07 04:22:21,902 - INFO - Training metrics: {'loss': 382.4098402565601, 'rmse': 16.040827153907358, 'mae': 8.510428572402281, 'ndcg': 0.6295097651800104}
2025-01-07 04:22:25,291 - INFO - Validation metrics: {'loss': 282.86511752184697, 'rmse': 14.264435203526645, 'mae': 7.280165807873595, 'ndcg': 0.6975802989567027}
2025-01-07 04:22:25,655 - INFO - Saved best model to checkpoints/best_model.pth
2025-01-07 04:22:25,656 - INFO - --------------------------------------------------
2025-01-07 04:22:25,656 - INFO - Epoch 3/5
2025-01-07 04:22:56,826 - INFO - Training metrics: {'loss': 269.84347841786405, 'rmse': 13.423974235615052, 'mae': 7.251567021304486, 'ndcg': 0.7538260389484611}
2025-01-07 04:23:01,216 - INFO - Validation metrics: {'loss': 155.2928274753047, 'rmse': 10.859636892144914, 'mae': 6.121928752637377, 'ndcg': 0.7548109044631323}
2025-01-07 04:23:01,473 - INFO - Saved best model to checkpoints/best_model.pth
2025-01-07 04:23:01,473 - INFO - --------------------------------------------------
2025-01-07 04:23:01,473 - INFO - Epoch 4/5
2025-01-07 04:23:32,135 - INFO - Training metrics: {'loss': 202.67743322428535, 'rmse': 11.591421864169629, 'mae': 6.358762977754369, 'ndcg': 0.7944755422718385}
2025-01-07 04:23:35,306 - INFO - Validation metrics: {'loss': 240.1273055824579, 'rmse': 12.227501868301474, 'mae': 6.306894655321159, 'ndcg': 0.7827903511477452}
2025-01-07 04:23:35,493 - INFO - --------------------------------------------------
2025-01-07 04:23:35,494 - INFO - Epoch 5/5
2025-01-07 04:24:04,277 - INFO - Training metrics: {'loss': 169.1293794150446, 'rmse': 10.683854205139646, 'mae': 5.953712073026919, 'ndcg': 0.8253943040674808}
2025-01-07 04:24:07,444 - INFO - Validation metrics: {'loss': 2356.0180036320407, 'rmse': 17.886267429296616, 'mae': 7.374413319662506, 'ndcg': 0.8006156852432326}
2025-01-07 04:24:07,593 - INFO - Early stopping triggered after 5 epochs
2025-01-07 04:24:10,154 - INFO - Training fold 5/5
2025-01-07 04:24:10,343 - INFO - Training on device: cuda
2025-01-07 04:24:10,343 - INFO - CUDA Device: NVIDIA GeForce GTX 1050
2025-01-07 04:24:10,343 - INFO - CUDA Memory Allocated: 0.03 GB
2025-01-07 04:24:10,362 - INFO - Epoch 1/5
2025-01-07 04:24:37,338 - INFO - Training metrics: {'loss': 570.6921855889115, 'rmse': 19.764461087637446, 'mae': 10.506662984689077, 'ndcg': 0.4831412131806799}
2025-01-07 04:24:41,295 - INFO - Validation metrics: {'loss': 375.00915985481413, 'rmse': 15.942348798498802, 'mae': 7.914855954693813, 'ndcg': 0.5839812917744412}
2025-01-07 04:24:41,560 - INFO - Saved best model to checkpoints/best_model.pth
2025-01-07 04:24:41,560 - INFO - --------------------------------------------------
2025-01-07 04:24:41,560 - INFO - Epoch 2/5
2025-01-07 04:25:13,141 - INFO - Training metrics: {'loss': 370.9399991269205, 'rmse': 15.78709241383173, 'mae': 8.21239377938065, 'ndcg': 0.6420737984133702}
2025-01-07 04:25:15,890 - INFO - Validation metrics: {'loss': 277.9679254831052, 'rmse': 13.852978273237346, 'mae': 6.960094295296014, 'ndcg': 0.7065850616085763}
2025-01-07 04:25:16,345 - INFO - Saved best model to checkpoints/best_model.pth
2025-01-07 04:25:16,345 - INFO - --------------------------------------------------
2025-01-07 04:25:16,345 - INFO - Epoch 3/5
2025-01-07 04:25:46,956 - INFO - Training metrics: {'loss': 256.78447195595385, 'rmse': 13.158327897692367, 'mae': 7.003256236221276, 'ndcg': 0.7518477975299546}
2025-01-07 04:25:50,023 - INFO - Validation metrics: {'loss': 215.68715618170944, 'rmse': 12.046152338112378, 'mae': 6.320199162352319, 'ndcg': 0.759131506669755}
2025-01-07 04:25:50,441 - INFO - Saved best model to checkpoints/best_model.pth
2025-01-07 04:25:50,442 - INFO - --------------------------------------------------
2025-01-07 04:25:50,442 - INFO - Epoch 4/5
2025-01-07 04:26:19,010 - INFO - Training metrics: {'loss': 197.13554159332725, 'rmse': 11.797075622060149, 'mae': 6.415502057940352, 'ndcg': 0.787787843057338}
2025-01-07 04:26:22,656 - INFO - Validation metrics: {'loss': 267.0943902520572, 'rmse': 13.168894780201134, 'mae': 7.082870340814777, 'ndcg': 0.7776552561451407}
2025-01-07 04:26:22,794 - INFO - --------------------------------------------------
2025-01-07 04:26:22,794 - INFO - Epoch 5/5
2025-01-07 04:26:49,056 - INFO - Training metrics: {'loss': 169.24564707045462, 'rmse': 10.777691802923513, 'mae': 5.986975610256195, 'ndcg': 0.8135644456773412}
2025-01-07 04:26:53,411 - INFO - Validation metrics: {'loss': 186.2075408673754, 'rmse': 10.836980317811138, 'mae': 5.957033659897599, 'ndcg': 0.7824082739797293}
2025-01-07 04:26:53,827 - INFO - Saved best model to checkpoints/best_model.pth
2025-01-07 04:26:53,828 - INFO - --------------------------------------------------
2025-01-07 04:26:56,915 - INFO - Saved best model from fold 1 to checkpoints/best_model_cv.pth
2025-01-07 04:26:56,933 - INFO - Cross-validation results:
2025-01-07 04:26:56,935 - INFO - val_rmse: 14.2081
2025-01-07 04:26:56,936 - INFO - val_ndcg: 0.7935
2025-01-07 04:27:14,411 - INFO - Using test data from: /home/martinson/Lhydra_rs/data/processed_data/test_data.csv
2025-01-07 04:27:14,411 - INFO - Using model from: /home/martinson/Lhydra_rs/recommender_system/rs_main_v2_refactored/checkpoints/best_model.pth
2025-01-07 04:27:14,506 - INFO - Loaded test data with 4075 samples
2025-01-07 04:27:16,621 - INFO - Model dimensions: {'music_dims': 5000, 'artist_dims': 2500, 'genre_dims': 12, 'num_numerical': 12}
2025-01-07 04:27:16,663 - INFO - Model state loaded successfully
2025-01-07 04:27:16,761 - INFO - Prepared test dataset with 2038 samples
2025-01-07 04:27:16,843 - INFO - Model dimensions: {'music_dims': 5000, 'artist_dims': 2500, 'genre_dims': 12, 'num_numerical': 12}
2025-01-07 04:27:19,090 - INFO - New best parameters found: {'dropout': 0.1, 'embedding_dim': 32, 'hidden_layers': [128, 64]} (RMSE: 27.8656)
2025-01-07 04:27:19,090 - INFO - Model dimensions: {'music_dims': 5000, 'artist_dims': 2500, 'genre_dims': 12, 'num_numerical': 12}
2025-01-07 04:27:20,185 - INFO - Model dimensions: {'music_dims': 5000, 'artist_dims': 2500, 'genre_dims': 12, 'num_numerical': 12}
2025-01-07 04:27:21,479 - INFO - New best parameters found: {'dropout': 0.1, 'embedding_dim': 32, 'hidden_layers': [512, 256, 128]} (RMSE: 27.3273)
2025-01-07 04:27:21,479 - INFO - Model dimensions: {'music_dims': 5000, 'artist_dims': 2500, 'genre_dims': 12, 'num_numerical': 12}
2025-01-07 04:27:23,205 - INFO - Model dimensions: {'music_dims': 5000, 'artist_dims': 2500, 'genre_dims': 12, 'num_numerical': 12}
2025-01-07 04:27:24,372 - INFO - Model dimensions: {'music_dims': 5000, 'artist_dims': 2500, 'genre_dims': 12, 'num_numerical': 12}
2025-01-07 04:27:25,467 - INFO - Model dimensions: {'music_dims': 5000, 'artist_dims': 2500, 'genre_dims': 12, 'num_numerical': 12}
2025-01-07 04:27:26,836 - INFO - Model dimensions: {'music_dims': 5000, 'artist_dims': 2500, 'genre_dims': 12, 'num_numerical': 12}
2025-01-07 04:27:28,552 - INFO - Model dimensions: {'music_dims': 5000, 'artist_dims': 2500, 'genre_dims': 12, 'num_numerical': 12}
2025-01-07 04:27:29,647 - INFO - Model dimensions: {'music_dims': 5000, 'artist_dims': 2500, 'genre_dims': 12, 'num_numerical': 12}
2025-01-07 04:27:30,776 - INFO - Model dimensions: {'music_dims': 5000, 'artist_dims': 2500, 'genre_dims': 12, 'num_numerical': 12}
2025-01-07 04:27:32,096 - INFO - Model dimensions: {'music_dims': 5000, 'artist_dims': 2500, 'genre_dims': 12, 'num_numerical': 12}
2025-01-07 04:27:33,567 - INFO - Model dimensions: {'music_dims': 5000, 'artist_dims': 2500, 'genre_dims': 12, 'num_numerical': 12}
2025-01-07 04:27:34,716 - INFO - Model dimensions: {'music_dims': 5000, 'artist_dims': 2500, 'genre_dims': 12, 'num_numerical': 12}
2025-01-07 04:27:35,882 - INFO - Model dimensions: {'music_dims': 5000, 'artist_dims': 2500, 'genre_dims': 12, 'num_numerical': 12}
2025-01-07 04:27:37,338 - INFO - New best parameters found: {'dropout': 0.2, 'embedding_dim': 64, 'hidden_layers': [512, 256, 128]} (RMSE: 26.8141)
2025-01-07 04:27:37,338 - INFO - Model dimensions: {'music_dims': 5000, 'artist_dims': 2500, 'genre_dims': 12, 'num_numerical': 12}
2025-01-07 04:27:39,250 - INFO - Model dimensions: {'music_dims': 5000, 'artist_dims': 2500, 'genre_dims': 12, 'num_numerical': 12}
2025-01-07 04:27:40,299 - INFO - Model dimensions: {'music_dims': 5000, 'artist_dims': 2500, 'genre_dims': 12, 'num_numerical': 12}
2025-01-07 04:27:41,973 - INFO - Model dimensions: {'music_dims': 5000, 'artist_dims': 2500, 'genre_dims': 12, 'num_numerical': 12}
2025-01-07 04:27:44,393 - INFO - Model dimensions: {'music_dims': 5000, 'artist_dims': 2500, 'genre_dims': 12, 'num_numerical': 12}
2025-01-07 04:27:46,104 - INFO - Model dimensions: {'music_dims': 5000, 'artist_dims': 2500, 'genre_dims': 12, 'num_numerical': 12}
2025-01-07 04:27:48,435 - INFO - Model dimensions: {'music_dims': 5000, 'artist_dims': 2500, 'genre_dims': 12, 'num_numerical': 12}
2025-01-07 04:27:51,015 - INFO - Model dimensions: {'music_dims': 5000, 'artist_dims': 2500, 'genre_dims': 12, 'num_numerical': 12}
2025-01-07 04:27:52,594 - INFO - Model dimensions: {'music_dims': 5000, 'artist_dims': 2500, 'genre_dims': 12, 'num_numerical': 12}
2025-01-07 04:27:54,113 - INFO - Model dimensions: {'music_dims': 5000, 'artist_dims': 2500, 'genre_dims': 12, 'num_numerical': 12}
2025-01-07 04:27:55,506 - INFO - Model dimensions: {'music_dims': 5000, 'artist_dims': 2500, 'genre_dims': 12, 'num_numerical': 12}
2025-01-07 04:27:56,705 - INFO - Model dimensions: {'music_dims': 5000, 'artist_dims': 2500, 'genre_dims': 12, 'num_numerical': 12}
2025-01-07 04:27:57,824 - INFO - Best parameters: {'dropout': 0.2, 'embedding_dim': 64, 'hidden_layers': [512, 256, 128]}
2025-01-07 04:28:05,050 - INFO - 
cold_items Metrics (n=2014):
2025-01-07 04:28:05,050 - INFO - mse: 883.8073
2025-01-07 04:28:05,050 - INFO - rmse: 29.7289
2025-01-07 04:28:05,050 - INFO - mae: 14.4086
2025-01-07 04:28:05,051 - INFO - r2: -0.3496
2025-01-07 04:28:05,051 - INFO - pred_mean: 5.6870
2025-01-07 04:28:05,051 - INFO - pred_std: 10.8526
2025-01-07 04:28:05,051 - INFO - true_mean: 15.3203
2025-01-07 04:28:05,051 - INFO - true_std: 25.5903
2025-01-07 04:28:05,105 - INFO - 
warm_items Metrics (n=24):
2025-01-07 04:28:05,107 - INFO - mse: 346.2016
2025-01-07 04:28:05,108 - INFO - rmse: 18.6065
2025-01-07 04:28:05,109 - INFO - mae: 12.1167
2025-01-07 04:28:05,110 - INFO - r2: -1.4837
2025-01-07 04:28:05,110 - INFO - pred_mean: 3.6037
2025-01-07 04:28:05,110 - INFO - pred_std: 5.4482
2025-01-07 04:28:05,111 - INFO - true_mean: 14.8333
2025-01-07 04:28:05,111 - INFO - true_std: 11.8063
2025-01-07 04:28:05,113 - INFO - Evaluation completed. Results saved to: metrics
2025-01-07 04:28:05,113 - INFO - 
Evaluation Summary:
2025-01-07 04:28:05,113 - INFO - Basic Metrics:
2025-01-07 04:28:05,114 - INFO - mse: 877.4762
2025-01-07 04:28:05,114 - INFO - rmse: 29.6222
2025-01-07 04:28:05,114 - INFO - mae: 14.3816
2025-01-07 04:28:05,115 - INFO - r2: -0.3525
2025-01-07 04:28:05,115 - INFO - pred_mean: 5.6624
2025-01-07 04:28:05,115 - INFO - pred_std: 10.8070
2025-01-07 04:28:05,116 - INFO - true_mean: 15.3145
2025-01-07 04:28:05,116 - INFO - true_std: 25.4715
2025-01-07 04:28:05,116 - INFO - 
Top-K Metrics:
2025-01-07 04:28:05,116 - INFO - ndcg@10: nan
2025-01-07 04:28:05,117 - INFO - precision@10: nan
2025-01-07 04:28:05,117 - INFO - recall@10: nan
2025-01-07 04:28:05,117 - INFO - 
Bias Analysis:
2025-01-07 04:28:05,118 - INFO - bias_range_1: 1.3930
2025-01-07 04:28:05,118 - INFO - bias_range_2: -3.4381
2025-01-07 04:28:05,118 - INFO - bias_range_3: -6.2158
2025-01-07 04:28:05,118 - INFO - bias_range_4: -26.2799
2025-01-07 04:28:43,828 - INFO - Loading model from checkpoints/best_model.pth
2025-01-07 04:28:45,633 - INFO - Model loaded successfully
2025-01-07 04:28:45,747 - INFO - Encoders loaded successfully
2025-01-07 04:28:45,748 - INFO - Model dimensions loaded successfully
2025-01-07 04:35:16,256 - INFO - Using test data from: /home/martinson/Lhydra_rs/data/processed_data/test_data.csv
2025-01-07 04:35:16,256 - INFO - Using model from: /home/martinson/Lhydra_rs/recommender_system/rs_main_v2_refactored/checkpoints/best_model.pth
2025-01-07 04:35:16,339 - INFO - Loaded test data with 4075 samples
2025-01-07 04:35:19,284 - INFO - Model dimensions: {'music_dims': 5000, 'artist_dims': 2500, 'genre_dims': 12, 'num_numerical': 12}
2025-01-07 04:35:19,339 - INFO - Model state loaded successfully
2025-01-07 04:35:19,441 - INFO - Prepared test dataset with 2038 samples
2025-01-07 04:35:19,511 - INFO - Model dimensions: {'music_dims': 5000, 'artist_dims': 2500, 'genre_dims': 12, 'num_numerical': 12}
2025-01-07 04:35:21,949 - INFO - New best parameters found: {'dropout': 0.1, 'embedding_dim': 32, 'hidden_layers': [128, 64]} (RMSE: 34.4042)
2025-01-07 04:35:21,949 - INFO - Model dimensions: {'music_dims': 5000, 'artist_dims': 2500, 'genre_dims': 12, 'num_numerical': 12}
2025-01-07 04:35:23,641 - INFO - New best parameters found: {'dropout': 0.1, 'embedding_dim': 32, 'hidden_layers': [256, 128, 64]} (RMSE: 27.0068)
2025-01-07 04:35:23,641 - INFO - Model dimensions: {'music_dims': 5000, 'artist_dims': 2500, 'genre_dims': 12, 'num_numerical': 12}
2025-01-07 04:35:25,355 - INFO - New best parameters found: {'dropout': 0.1, 'embedding_dim': 32, 'hidden_layers': [512, 256, 128]} (RMSE: 24.9091)
2025-01-07 04:35:25,355 - INFO - Model dimensions: {'music_dims': 5000, 'artist_dims': 2500, 'genre_dims': 12, 'num_numerical': 12}
2025-01-07 04:35:26,528 - INFO - Model dimensions: {'music_dims': 5000, 'artist_dims': 2500, 'genre_dims': 12, 'num_numerical': 12}
2025-01-07 04:35:27,786 - INFO - Model dimensions: {'music_dims': 5000, 'artist_dims': 2500, 'genre_dims': 12, 'num_numerical': 12}
2025-01-07 04:35:29,360 - INFO - Model dimensions: {'music_dims': 5000, 'artist_dims': 2500, 'genre_dims': 12, 'num_numerical': 12}
2025-01-07 04:35:31,331 - INFO - Model dimensions: {'music_dims': 5000, 'artist_dims': 2500, 'genre_dims': 12, 'num_numerical': 12}
2025-01-07 04:35:32,365 - INFO - Model dimensions: {'music_dims': 5000, 'artist_dims': 2500, 'genre_dims': 12, 'num_numerical': 12}
2025-01-07 04:35:33,454 - INFO - Model dimensions: {'music_dims': 5000, 'artist_dims': 2500, 'genre_dims': 12, 'num_numerical': 12}
2025-01-07 04:35:35,347 - INFO - Model dimensions: {'music_dims': 5000, 'artist_dims': 2500, 'genre_dims': 12, 'num_numerical': 12}
2025-01-07 04:35:36,428 - INFO - Model dimensions: {'music_dims': 5000, 'artist_dims': 2500, 'genre_dims': 12, 'num_numerical': 12}
2025-01-07 04:35:37,668 - INFO - Model dimensions: {'music_dims': 5000, 'artist_dims': 2500, 'genre_dims': 12, 'num_numerical': 12}
2025-01-07 04:35:39,010 - INFO - Model dimensions: {'music_dims': 5000, 'artist_dims': 2500, 'genre_dims': 12, 'num_numerical': 12}
2025-01-07 04:35:40,864 - INFO - Model dimensions: {'music_dims': 5000, 'artist_dims': 2500, 'genre_dims': 12, 'num_numerical': 12}
2025-01-07 04:35:42,041 - INFO - Model dimensions: {'music_dims': 5000, 'artist_dims': 2500, 'genre_dims': 12, 'num_numerical': 12}
2025-01-07 04:35:43,163 - INFO - Model dimensions: {'music_dims': 5000, 'artist_dims': 2500, 'genre_dims': 12, 'num_numerical': 12}
2025-01-07 04:35:44,442 - INFO - Model dimensions: {'music_dims': 5000, 'artist_dims': 2500, 'genre_dims': 12, 'num_numerical': 12}
2025-01-07 04:35:45,912 - INFO - Model dimensions: {'music_dims': 5000, 'artist_dims': 2500, 'genre_dims': 12, 'num_numerical': 12}
2025-01-07 04:35:46,976 - INFO - Model dimensions: {'music_dims': 5000, 'artist_dims': 2500, 'genre_dims': 12, 'num_numerical': 12}
2025-01-07 04:35:48,189 - INFO - Model dimensions: {'music_dims': 5000, 'artist_dims': 2500, 'genre_dims': 12, 'num_numerical': 12}
2025-01-07 04:35:49,247 - INFO - Model dimensions: {'music_dims': 5000, 'artist_dims': 2500, 'genre_dims': 12, 'num_numerical': 12}
2025-01-07 04:35:50,789 - INFO - New best parameters found: {'dropout': 0.3, 'embedding_dim': 64, 'hidden_layers': [128, 64]} (RMSE: 24.8906)
2025-01-07 04:35:50,789 - INFO - Model dimensions: {'music_dims': 5000, 'artist_dims': 2500, 'genre_dims': 12, 'num_numerical': 12}
2025-01-07 04:35:51,896 - INFO - Model dimensions: {'music_dims': 5000, 'artist_dims': 2500, 'genre_dims': 12, 'num_numerical': 12}
2025-01-07 04:35:53,092 - INFO - New best parameters found: {'dropout': 0.3, 'embedding_dim': 64, 'hidden_layers': [512, 256, 128]} (RMSE: 23.4845)
2025-01-07 04:35:53,093 - INFO - Model dimensions: {'music_dims': 5000, 'artist_dims': 2500, 'genre_dims': 12, 'num_numerical': 12}
2025-01-07 04:35:54,222 - INFO - Model dimensions: {'music_dims': 5000, 'artist_dims': 2500, 'genre_dims': 12, 'num_numerical': 12}
2025-01-07 04:35:55,611 - INFO - Model dimensions: {'music_dims': 5000, 'artist_dims': 2500, 'genre_dims': 12, 'num_numerical': 12}
2025-01-07 04:35:56,898 - INFO - Best parameters: {'dropout': 0.3, 'embedding_dim': 64, 'hidden_layers': [512, 256, 128]}
2025-01-07 04:36:02,275 - INFO - 
cold_items Metrics (n=2021):
2025-01-07 04:36:02,275 - INFO - mse: 2354.4358
2025-01-07 04:36:02,275 - INFO - rmse: 48.5225
2025-01-07 04:36:02,275 - INFO - mae: 38.2407
2025-01-07 04:36:02,276 - INFO - r2: -3.6012
2025-01-07 04:36:02,276 - INFO - pred_mean: -23.6013
2025-01-07 04:36:02,276 - INFO - pred_std: 17.6567
2025-01-07 04:36:02,276 - INFO - true_mean: 14.6363
2025-01-07 04:36:02,276 - INFO - true_std: 22.6208
2025-01-07 04:36:02,294 - INFO - 
warm_items Metrics (n=17):
2025-01-07 04:36:02,294 - INFO - mse: 369.2889
2025-01-07 04:36:02,294 - INFO - rmse: 19.2169
2025-01-07 04:36:02,294 - INFO - mae: 18.5244
2025-01-07 04:36:02,295 - INFO - r2: -34.4566
2025-01-07 04:36:02,295 - INFO - pred_mean: -10.2891
2025-01-07 04:36:02,295 - INFO - pred_std: 3.7320
2025-01-07 04:36:02,296 - INFO - true_mean: 8.2353
2025-01-07 04:36:02,296 - INFO - true_std: 3.2273
2025-01-07 04:36:02,298 - INFO - Evaluation completed. Results saved to: metrics
2025-01-07 04:36:02,298 - INFO - 
Evaluation Summary:
2025-01-07 04:36:02,299 - INFO - Basic Metrics:
2025-01-07 04:36:02,299 - INFO - mse: 2337.8767
2025-01-07 04:36:02,300 - INFO - rmse: 48.3516
2025-01-07 04:36:02,300 - INFO - mae: 38.0763
2025-01-07 04:36:02,300 - INFO - r2: -3.6034
2025-01-07 04:36:02,301 - INFO - pred_mean: -23.4903
2025-01-07 04:36:02,302 - INFO - pred_std: 17.6279
2025-01-07 04:36:02,303 - INFO - true_mean: 14.5829
2025-01-07 04:36:02,303 - INFO - true_std: 22.5357
2025-01-07 04:36:02,303 - INFO - 
Top-K Metrics:
2025-01-07 04:36:02,303 - INFO - ndcg@10: 0.0000
2025-01-07 04:36:02,304 - INFO - precision@10: 0.0000
2025-01-07 04:36:02,304 - INFO - recall@10: 0.0000
2025-01-07 04:36:02,304 - INFO - 
Bias Analysis:
2025-01-07 04:36:02,304 - INFO - bias_range_1: -30.3300
2025-01-07 04:36:02,304 - INFO - bias_range_2: -31.1901
2025-01-07 04:36:02,305 - INFO - bias_range_3: -33.6172
2025-01-07 04:36:02,305 - INFO - bias_range_4: -53.9864
2025-01-07 04:36:37,527 - INFO - Loading model from checkpoints/best_model.pth
2025-01-07 04:36:38,757 - INFO - Model loaded successfully
2025-01-07 04:36:38,795 - INFO - Encoders loaded successfully
2025-01-07 04:36:38,795 - INFO - Model dimensions loaded successfully
