2025-01-04 01:15:45,308 - INFO - Loading model from ../checkpoints/best_model.pth
2025-01-04 01:15:45,374 - INFO - Model loaded successfully
2025-01-04 01:16:34,056 - INFO - Loading model from ../checkpoints/best_model.pth
2025-01-04 01:16:34,108 - INFO - Model loaded successfully
2025-01-04 01:17:53,383 - INFO - Loading model from ../../checkpoints/best_model.pth
2025-01-04 01:17:53,559 - INFO - Model loaded successfully
2025-01-04 01:19:25,823 - INFO - Loading model from ../checkpoints/best_model.pth
2025-01-04 01:19:25,917 - INFO - Model loaded successfully
2025-01-04 02:00:09,438 - INFO - Loading model from ../checkpoints/best_model.pth
2025-01-04 02:00:09,499 - INFO - Model loaded successfully
2025-01-04 02:16:25,116 - INFO - Loading model from /home/martinson/Lhydra_rs/data_engineered_v3/rs_main_v2_refactored/checkpoints/best_model.pth
2025-01-04 02:16:25,191 - INFO - Model loaded successfully
2025-01-04 02:26:21,229 - INFO - Loading model from /home/martinson/Lhydra_rs/data_engineered_v3/rs_main_v2_refactored/checkpoints/best_model.pth
2025-01-04 02:26:21,298 - INFO - Model loaded successfully
2025-01-04 04:00:01,023 - INFO - Loading model from /home/martinson/Lhydra_rs/data_engineered_v3/rs_main_v2_refactored/checkpoints/best_model.pth
2025-01-04 04:00:01,121 - INFO - Model loaded successfully
2025-01-04 04:00:01,138 - INFO - Encoder class counts:
2025-01-04 04:00:01,138 - INFO - user_encoder: 9717
2025-01-04 04:00:01,138 - INFO - music_encoder: 9373
2025-01-04 04:00:01,138 - INFO - artist_encoder: 5059
2025-01-04 04:00:01,138 - INFO - genre_encoder: 12
2025-01-04 04:00:01,138 - INFO - Model dimensions from state dict:
2025-01-04 04:00:01,139 - INFO - num_users: 7773
2025-01-04 04:00:01,139 - INFO - num_music: 9324
2025-01-04 04:00:01,139 - INFO - num_artists: 4482
2025-01-04 04:00:01,139 - INFO - num_genres: 12
2025-01-04 04:00:01,139 - INFO - num_numerical: 12
2025-01-04 04:00:01,157 - WARNING - Catalog contains music IDs larger than model capacity. Filtering out excess items.
2025-01-04 04:03:14,612 - INFO - Loading model from /home/martinson/Lhydra_rs/data_engineered_v3/rs_main_v2_refactored/checkpoints/best_model.pth
2025-01-04 04:03:14,704 - INFO - Model loaded successfully
2025-01-04 04:03:17,660 - INFO - Encoder class counts:
2025-01-04 04:03:17,661 - INFO - user_encoder: 9717
2025-01-04 04:03:17,661 - INFO - music_encoder: 9373
2025-01-04 04:03:17,661 - INFO - artist_encoder: 5059
2025-01-04 04:03:17,661 - INFO - genre_encoder: 12
2025-01-04 04:03:17,661 - INFO - Model dimensions from state dict:
2025-01-04 04:03:17,661 - INFO - num_users: 7773
2025-01-04 04:03:17,661 - INFO - num_music: 9324
2025-01-04 04:03:17,661 - INFO - num_artists: 4482
2025-01-04 04:03:17,661 - INFO - num_genres: 12
2025-01-04 04:03:17,662 - INFO - num_numerical: 12
2025-01-04 04:03:17,811 - INFO - [31m[1mWARNING: This is a development server. Do not use it in a production deployment. Use a production WSGI server instead.[0m
 * Running on all addresses (0.0.0.0)
 * Running on http://127.0.0.1:5000
 * Running on http://192.168.100.216:5000
2025-01-04 04:03:17,812 - INFO - [33mPress CTRL+C to quit[0m
2025-01-04 04:03:17,878 - INFO -  * Restarting with watchdog (inotify)
2025-01-04 04:03:22,653 - INFO - Loading model from /home/martinson/Lhydra_rs/data_engineered_v3/rs_main_v2_refactored/checkpoints/best_model.pth
2025-01-04 04:03:22,719 - INFO - Model loaded successfully
2025-01-04 04:03:22,767 - INFO - Encoder class counts:
2025-01-04 04:03:22,768 - INFO - user_encoder: 9717
2025-01-04 04:03:22,768 - INFO - music_encoder: 9373
2025-01-04 04:03:22,768 - INFO - artist_encoder: 5059
2025-01-04 04:03:22,768 - INFO - genre_encoder: 12
2025-01-04 04:03:22,769 - INFO - Model dimensions from state dict:
2025-01-04 04:03:22,769 - INFO - num_users: 7773
2025-01-04 04:03:22,769 - INFO - num_music: 9324
2025-01-04 04:03:22,770 - INFO - num_artists: 4482
2025-01-04 04:03:22,770 - INFO - num_genres: 12
2025-01-04 04:03:22,770 - INFO - num_numerical: 12
2025-01-04 04:03:22,848 - WARNING -  * Debugger is active!
2025-01-04 04:03:22,851 - INFO -  * Debugger PIN: 867-899-571
2025-01-04 04:03:37,040 - INFO - 192.168.96.1 - - [04/Jan/2025 04:03:37] "[33mGET / HTTP/1.1[0m" 404 -
2025-01-04 04:03:37,561 - INFO - 192.168.96.1 - - [04/Jan/2025 04:03:37] "[33mGET /favicon.ico HTTP/1.1[0m" 404 -
2025-01-04 04:08:24,557 - INFO - 192.168.96.1 - - [04/Jan/2025 04:08:24] "[31m[1mGET /api/recommendations HTTP/1.1[0m" 405 -
2025-01-04 04:10:56,810 - INFO - 192.168.96.1 - - [04/Jan/2025 04:10:56] "[33mGET / HTTP/1.1[0m" 404 -
2025-01-04 04:16:32,539 - INFO -  * Detected change in '/home/martinson/Lhydra_rs/data_engineered_v3/rs_main_v2_refactored/request.py', reloading
2025-01-04 04:16:32,547 - INFO -  * Detected change in '/home/martinson/Lhydra_rs/data_engineered_v3/rs_main_v2_refactored/request.py', reloading
2025-01-04 04:16:34,652 - INFO -  * Restarting with watchdog (inotify)
2025-01-04 04:16:41,777 - INFO - Loading model from /home/martinson/Lhydra_rs/data_engineered_v3/rs_main_v2_refactored/checkpoints/best_model.pth
2025-01-04 04:16:41,937 - INFO - Model loaded successfully
2025-01-04 04:16:42,050 - INFO - Encoder class counts:
2025-01-04 04:16:42,051 - INFO - user_encoder: 9717
2025-01-04 04:16:42,051 - INFO - music_encoder: 9373
2025-01-04 04:16:42,051 - INFO - artist_encoder: 5059
2025-01-04 04:16:42,051 - INFO - genre_encoder: 12
2025-01-04 04:16:42,051 - INFO - Model dimensions from state dict:
2025-01-04 04:16:42,051 - INFO - num_users: 7773
2025-01-04 04:16:42,052 - INFO - num_music: 9324
2025-01-04 04:16:42,052 - INFO - num_artists: 4482
2025-01-04 04:16:42,052 - INFO - num_genres: 12
2025-01-04 04:16:42,052 - INFO - num_numerical: 12
2025-01-04 04:16:42,320 - WARNING -  * Debugger is active!
2025-01-04 04:16:42,321 - INFO -  * Debugger PIN: 867-899-571
2025-01-04 04:18:09,571 - INFO -  * Detected change in '/home/martinson/Lhydra_rs/data_engineered_v3/rs_main_v2_refactored/request.py', reloading
2025-01-04 04:18:11,378 - INFO -  * Restarting with watchdog (inotify)
2025-01-04 04:18:21,027 - INFO - Loading model from /home/martinson/Lhydra_rs/data_engineered_v3/rs_main_v2_refactored/checkpoints/best_model.pth
2025-01-04 04:18:21,087 - INFO - Model loaded successfully
2025-01-04 04:18:21,114 - INFO - Encoder class counts:
2025-01-04 04:18:21,116 - INFO - user_encoder: 9717
2025-01-04 04:18:21,117 - INFO - music_encoder: 9373
2025-01-04 04:18:21,118 - INFO - artist_encoder: 5059
2025-01-04 04:18:21,121 - INFO - genre_encoder: 12
2025-01-04 04:18:21,123 - INFO - Model dimensions from state dict:
2025-01-04 04:18:21,124 - INFO - num_users: 7773
2025-01-04 04:18:21,124 - INFO - num_music: 9324
2025-01-04 04:18:21,124 - INFO - num_artists: 4482
2025-01-04 04:18:21,126 - INFO - num_genres: 12
2025-01-04 04:18:21,126 - INFO - num_numerical: 12
2025-01-04 04:18:21,198 - WARNING -  * Debugger is active!
2025-01-04 04:18:21,199 - INFO -  * Debugger PIN: 867-899-571
2025-01-04 04:20:04,564 - INFO - Loading model from /home/martinson/Lhydra_rs/data_engineered_v3/rs_main_v2_refactored/checkpoints/best_model.pth
2025-01-04 04:20:04,605 - INFO - Model loaded successfully
2025-01-04 04:20:04,618 - INFO - Encoder class counts:
2025-01-04 04:20:04,619 - INFO - user_encoder: 9717
2025-01-04 04:20:04,621 - INFO - music_encoder: 9373
2025-01-04 04:20:04,621 - INFO - artist_encoder: 5059
2025-01-04 04:20:04,621 - INFO - genre_encoder: 12
2025-01-04 04:20:04,622 - INFO - Model dimensions from state dict:
2025-01-04 04:20:04,623 - INFO - num_users: 7773
2025-01-04 04:20:04,624 - INFO - num_music: 9324
2025-01-04 04:20:04,625 - INFO - num_artists: 4482
2025-01-04 04:20:04,626 - INFO - num_genres: 12
2025-01-04 04:20:04,632 - INFO - num_numerical: 12
2025-01-04 04:20:04,712 - INFO - [31m[1mWARNING: This is a development server. Do not use it in a production deployment. Use a production WSGI server instead.[0m
 * Running on all addresses (0.0.0.0)
 * Running on http://127.0.0.1:5000
 * Running on http://192.168.100.216:5000
2025-01-04 04:20:04,712 - INFO - [33mPress CTRL+C to quit[0m
2025-01-04 04:20:04,720 - INFO -  * Restarting with watchdog (inotify)
2025-01-04 04:20:07,638 - INFO - Loading model from /home/martinson/Lhydra_rs/data_engineered_v3/rs_main_v2_refactored/checkpoints/best_model.pth
2025-01-04 04:20:07,688 - INFO - Model loaded successfully
2025-01-04 04:20:07,702 - INFO - Encoder class counts:
2025-01-04 04:20:07,702 - INFO - user_encoder: 9717
2025-01-04 04:20:07,702 - INFO - music_encoder: 9373
2025-01-04 04:20:07,702 - INFO - artist_encoder: 5059
2025-01-04 04:20:07,703 - INFO - genre_encoder: 12
2025-01-04 04:20:07,703 - INFO - Model dimensions from state dict:
2025-01-04 04:20:07,703 - INFO - num_users: 7773
2025-01-04 04:20:07,704 - INFO - num_music: 9324
2025-01-04 04:20:07,704 - INFO - num_artists: 4482
2025-01-04 04:20:07,704 - INFO - num_genres: 12
2025-01-04 04:20:07,704 - INFO - num_numerical: 12
2025-01-04 04:20:07,786 - WARNING -  * Debugger is active!
2025-01-04 04:20:07,787 - INFO -  * Debugger PIN: 867-899-571
2025-01-04 04:20:48,287 - INFO - 192.168.96.1 - - [04/Jan/2025 04:20:48] "[33mGET / HTTP/1.1[0m" 404 -
2025-01-04 04:20:48,602 - INFO - 192.168.96.1 - - [04/Jan/2025 04:20:48] "[33mGET /favicon.ico HTTP/1.1[0m" 404 -
2025-01-04 04:24:10,789 - INFO -  * Detected change in '/home/martinson/Lhydra_rs/data_engineered_v3/rs_main_v2_refactored/test_run.py', reloading
2025-01-04 04:24:10,799 - INFO -  * Detected change in '/home/martinson/Lhydra_rs/data_engineered_v3/rs_main_v2_refactored/test_run.py', reloading
2025-01-04 04:24:12,855 - INFO -  * Restarting with watchdog (inotify)
2025-01-04 04:24:20,174 - INFO - Loading model from /home/martinson/Lhydra_rs/data_engineered_v3/rs_main_v2_refactored/checkpoints/best_model.pth
2025-01-04 04:24:20,222 - INFO - Model loaded successfully
2025-01-04 04:24:20,258 - INFO - Encoder class counts:
2025-01-04 04:24:20,259 - INFO - user_encoder: 9717
2025-01-04 04:24:20,259 - INFO - music_encoder: 9373
2025-01-04 04:24:20,259 - INFO - artist_encoder: 5059
2025-01-04 04:24:20,260 - INFO - genre_encoder: 12
2025-01-04 04:24:20,260 - INFO - Model dimensions from state dict:
2025-01-04 04:24:20,260 - INFO - num_users: 7773
2025-01-04 04:24:20,260 - INFO - num_music: 9324
2025-01-04 04:24:20,260 - INFO - num_artists: 4482
2025-01-04 04:24:20,261 - INFO - num_genres: 12
2025-01-04 04:24:20,261 - INFO - num_numerical: 12
2025-01-04 04:24:20,337 - WARNING -  * Debugger is active!
2025-01-04 04:24:20,340 - INFO -  * Debugger PIN: 867-899-571
2025-01-04 04:24:35,056 - WARNING - Error encoding user ID: y contains previously unseen labels: 123
2025-01-04 04:24:35,056 - WARNING - Using default encoding (0)
2025-01-04 04:24:35,080 - WARNING - Error in transform: y contains previously unseen labels: '0'
2025-01-04 04:24:35,081 - WARNING - Using default value 0 for 13421 items
2025-01-04 04:24:37,056 - INFO - 192.168.100.216 - - [04/Jan/2025 04:24:37] "POST /api/recommendations HTTP/1.1" 200 -
2025-01-04 04:25:38,925 - INFO -  * Detected change in '/home/martinson/Lhydra_rs/data_engineered_v3/rs_main_v2_refactored/test_run.py', reloading
2025-01-04 04:25:38,929 - INFO -  * Detected change in '/home/martinson/Lhydra_rs/data_engineered_v3/rs_main_v2_refactored/test_run.py', reloading
2025-01-04 04:25:38,941 - INFO -  * Detected change in '/home/martinson/Lhydra_rs/data_engineered_v3/rs_main_v2_refactored/test_run.py', reloading
2025-01-04 04:25:40,294 - INFO -  * Restarting with watchdog (inotify)
2025-01-04 04:25:43,084 - INFO - Loading model from /home/martinson/Lhydra_rs/data_engineered_v3/rs_main_v2_refactored/checkpoints/best_model.pth
2025-01-04 04:25:43,109 - INFO - Model loaded successfully
2025-01-04 04:25:43,120 - INFO - Encoder class counts:
2025-01-04 04:25:43,121 - INFO - user_encoder: 9717
2025-01-04 04:25:43,121 - INFO - music_encoder: 9373
2025-01-04 04:25:43,121 - INFO - artist_encoder: 5059
2025-01-04 04:25:43,121 - INFO - genre_encoder: 12
2025-01-04 04:25:43,121 - INFO - Model dimensions from state dict:
2025-01-04 04:25:43,121 - INFO - num_users: 7773
2025-01-04 04:25:43,121 - INFO - num_music: 9324
2025-01-04 04:25:43,122 - INFO - num_artists: 4482
2025-01-04 04:25:43,122 - INFO - num_genres: 12
2025-01-04 04:25:43,122 - INFO - num_numerical: 12
2025-01-04 04:25:43,153 - WARNING -  * Debugger is active!
2025-01-04 04:25:43,154 - INFO -  * Debugger PIN: 867-899-571
2025-01-04 04:25:50,368 - INFO -  * Detected change in '/home/martinson/Lhydra_rs/data_engineered_v3/rs_main_v2_refactored/test_run.py', reloading
2025-01-04 04:25:50,370 - INFO -  * Detected change in '/home/martinson/Lhydra_rs/data_engineered_v3/rs_main_v2_refactored/test_run.py', reloading
2025-01-04 04:25:50,399 - INFO -  * Detected change in '/home/martinson/Lhydra_rs/data_engineered_v3/rs_main_v2_refactored/test_run.py', reloading
2025-01-04 04:25:51,659 - INFO -  * Restarting with watchdog (inotify)
2025-01-04 04:25:55,517 - INFO - Loading model from /home/martinson/Lhydra_rs/data_engineered_v3/rs_main_v2_refactored/checkpoints/best_model.pth
2025-01-04 04:25:55,560 - INFO - Model loaded successfully
2025-01-04 04:25:55,584 - INFO - Encoder class counts:
2025-01-04 04:25:55,584 - INFO - user_encoder: 9717
2025-01-04 04:25:55,584 - INFO - music_encoder: 9373
2025-01-04 04:25:55,584 - INFO - artist_encoder: 5059
2025-01-04 04:25:55,584 - INFO - genre_encoder: 12
2025-01-04 04:25:55,584 - INFO - Model dimensions from state dict:
2025-01-04 04:25:55,585 - INFO - num_users: 7773
2025-01-04 04:25:55,585 - INFO - num_music: 9324
2025-01-04 04:25:55,585 - INFO - num_artists: 4482
2025-01-04 04:25:55,585 - INFO - num_genres: 12
2025-01-04 04:25:55,585 - INFO - num_numerical: 12
2025-01-04 04:25:55,662 - WARNING -  * Debugger is active!
2025-01-04 04:25:55,663 - INFO -  * Debugger PIN: 867-899-571
2025-01-04 04:25:58,497 - INFO -  * Detected change in '/home/martinson/Lhydra_rs/data_engineered_v3/rs_main_v2_refactored/test_run.py', reloading
2025-01-04 04:25:58,500 - INFO -  * Detected change in '/home/martinson/Lhydra_rs/data_engineered_v3/rs_main_v2_refactored/test_run.py', reloading
2025-01-04 04:25:58,508 - INFO -  * Detected change in '/home/martinson/Lhydra_rs/data_engineered_v3/rs_main_v2_refactored/test_run.py', reloading
2025-01-04 04:26:00,117 - INFO -  * Restarting with watchdog (inotify)
2025-01-04 04:26:03,189 - INFO - Loading model from /home/martinson/Lhydra_rs/data_engineered_v3/rs_main_v2_refactored/checkpoints/best_model.pth
2025-01-04 04:26:03,214 - INFO - Model loaded successfully
2025-01-04 04:26:03,242 - INFO - Encoder class counts:
2025-01-04 04:26:03,243 - INFO - user_encoder: 9717
2025-01-04 04:26:03,243 - INFO - music_encoder: 9373
2025-01-04 04:26:03,243 - INFO - artist_encoder: 5059
2025-01-04 04:26:03,243 - INFO - genre_encoder: 12
2025-01-04 04:26:03,243 - INFO - Model dimensions from state dict:
2025-01-04 04:26:03,243 - INFO - num_users: 7773
2025-01-04 04:26:03,243 - INFO - num_music: 9324
2025-01-04 04:26:03,244 - INFO - num_artists: 4482
2025-01-04 04:26:03,244 - INFO - num_genres: 12
2025-01-04 04:26:03,244 - INFO - num_numerical: 12
2025-01-04 04:26:03,297 - WARNING -  * Debugger is active!
2025-01-04 04:26:03,298 - INFO -  * Debugger PIN: 867-899-571
2025-01-04 04:26:04,040 - WARNING - Error encoding user ID: y contains previously unseen labels: 3456
2025-01-04 04:26:04,040 - WARNING - Using default encoding (0)
2025-01-04 04:26:04,053 - WARNING - Error in transform: y contains previously unseen labels: '0'
2025-01-04 04:26:04,054 - WARNING - Using default value 0 for 13421 items
2025-01-04 04:26:05,751 - INFO - 192.168.100.216 - - [04/Jan/2025 04:26:05] "POST /api/recommendations HTTP/1.1" 200 -
2025-01-04 05:50:44,706 - INFO - Loading model from /home/martinson/Lhydra_rs/data_engineered_v3/rs_main_v2_refactored/checkpoints/best_model.pth
2025-01-04 05:50:44,820 - INFO - Model loaded successfully
2025-01-04 05:50:44,842 - INFO - Encoder class counts:
2025-01-04 05:50:44,842 - INFO - user_encoder: 9717
2025-01-04 05:50:44,843 - INFO - music_encoder: 9373
2025-01-04 05:50:44,843 - INFO - artist_encoder: 5059
2025-01-04 05:50:44,843 - INFO - genre_encoder: 12
2025-01-04 05:50:44,843 - INFO - Model dimensions from state dict:
2025-01-04 05:50:44,843 - INFO - num_users: 7773
2025-01-04 05:50:44,844 - INFO - num_music: 9324
2025-01-04 05:50:44,844 - INFO - num_artists: 4482
2025-01-04 05:50:44,844 - INFO - num_genres: 12
2025-01-04 05:50:44,844 - INFO - num_numerical: 12
2025-01-04 05:50:44,952 - INFO - [31m[1mWARNING: This is a development server. Do not use it in a production deployment. Use a production WSGI server instead.[0m
 * Running on all addresses (0.0.0.0)
 * Running on http://127.0.0.1:5000
 * Running on http://192.168.100.216:5000
2025-01-04 05:50:44,952 - INFO - [33mPress CTRL+C to quit[0m
2025-01-04 05:50:44,975 - INFO -  * Restarting with watchdog (inotify)
2025-01-04 05:50:49,053 - INFO - Loading model from /home/martinson/Lhydra_rs/data_engineered_v3/rs_main_v2_refactored/checkpoints/best_model.pth
2025-01-04 05:50:49,082 - INFO - Model loaded successfully
2025-01-04 05:50:49,098 - INFO - Encoder class counts:
2025-01-04 05:50:49,098 - INFO - user_encoder: 9717
2025-01-04 05:50:49,098 - INFO - music_encoder: 9373
2025-01-04 05:50:49,098 - INFO - artist_encoder: 5059
2025-01-04 05:50:49,099 - INFO - genre_encoder: 12
2025-01-04 05:50:49,099 - INFO - Model dimensions from state dict:
2025-01-04 05:50:49,099 - INFO - num_users: 7773
2025-01-04 05:50:49,099 - INFO - num_music: 9324
2025-01-04 05:50:49,099 - INFO - num_artists: 4482
2025-01-04 05:50:49,099 - INFO - num_genres: 12
2025-01-04 05:50:49,099 - INFO - num_numerical: 12
2025-01-04 05:50:49,196 - WARNING -  * Debugger is active!
2025-01-04 05:50:49,197 - INFO -  * Debugger PIN: 867-899-571
2025-01-04 05:51:40,147 - WARNING - Error encoding user ID: y contains previously unseen labels: 3456
2025-01-04 05:51:40,147 - WARNING - Using default encoding (0)
2025-01-04 05:51:40,157 - WARNING - Error in transform: y contains previously unseen labels: '0'
2025-01-04 05:51:40,158 - WARNING - Using default value 0 for 13421 items
2025-01-04 05:51:42,230 - INFO - 192.168.100.216 - - [04/Jan/2025 05:51:42] "POST /api/recommendations HTTP/1.1" 200 -
2025-01-04 06:20:13,991 - INFO -  * Detected change in '/home/martinson/Lhydra_rs/data_engineered_v3/rs_main_v2_refactored/flask_app/app.py', reloading
2025-01-04 06:20:13,992 - INFO -  * Detected change in '/home/martinson/Lhydra_rs/data_engineered_v3/rs_main_v2_refactored/flask_app/app.py', reloading
2025-01-04 06:20:14,005 - INFO -  * Detected change in '/home/martinson/Lhydra_rs/data_engineered_v3/rs_main_v2_refactored/flask_app/app.py', reloading
2025-01-04 06:20:15,997 - INFO -  * Restarting with watchdog (inotify)
2025-01-04 06:20:22,163 - INFO - Loading model from /home/martinson/Lhydra_rs/data_engineered_v3/rs_main_v2_refactored/checkpoints/best_model.pth
2025-01-04 06:20:22,237 - INFO - Model loaded successfully
2025-01-04 06:20:22,258 - INFO - Encoder class counts:
2025-01-04 06:20:22,259 - INFO - user_encoder: 9717
2025-01-04 06:20:22,259 - INFO - music_encoder: 9373
2025-01-04 06:20:22,259 - INFO - artist_encoder: 5059
2025-01-04 06:20:22,259 - INFO - genre_encoder: 12
2025-01-04 06:20:22,259 - INFO - Model dimensions from state dict:
2025-01-04 06:20:22,260 - INFO - num_users: 7773
2025-01-04 06:20:22,260 - INFO - num_music: 9324
2025-01-04 06:20:22,260 - INFO - num_artists: 4482
2025-01-04 06:20:22,260 - INFO - num_genres: 12
2025-01-04 06:20:22,260 - INFO - num_numerical: 12
2025-01-04 06:31:43,941 - WARNING - Error encoding user ID: y contains previously unseen labels: 3456
2025-01-04 06:31:43,941 - WARNING - Using default encoding (0)
2025-01-04 06:31:43,950 - WARNING - Error in transform: y contains previously unseen labels: '0'
2025-01-04 06:31:43,950 - WARNING - Using default value 0 for 13421 items
2025-01-04 06:31:48,728 - INFO - 192.168.100.216 - - [04/Jan/2025 06:31:48] "POST /api/recommendations HTTP/1.1" 200 -
2025-01-04 06:45:23,072 - INFO - 192.168.96.1 - - [04/Jan/2025 06:45:23] "OPTIONS /api/recommendations HTTP/1.1" 200 -
2025-01-04 06:45:23,142 - WARNING - Error encoding user ID: y contains previously unseen labels: 3456
2025-01-04 06:45:23,142 - WARNING - Using default encoding (0)
2025-01-04 06:45:23,180 - WARNING - Error in transform: y contains previously unseen labels: '0'
2025-01-04 06:45:23,181 - WARNING - Using default value 0 for 13421 items
2025-01-04 06:45:26,890 - INFO - 192.168.96.1 - - [04/Jan/2025 06:45:26] "POST /api/recommendations HTTP/1.1" 200 -
2025-01-04 06:45:41,287 - INFO - 192.168.96.1 - - [04/Jan/2025 06:45:41] "OPTIONS /api/recommendations HTTP/1.1" 200 -
2025-01-04 06:45:41,331 - WARNING - Error encoding user ID: y contains previously unseen labels: 3456
2025-01-04 06:45:41,331 - WARNING - Using default encoding (0)
2025-01-04 06:45:41,366 - WARNING - Error in transform: y contains previously unseen labels: '0'
2025-01-04 06:45:41,367 - WARNING - Using default value 0 for 13421 items
2025-01-04 06:45:43,221 - INFO - 192.168.96.1 - - [04/Jan/2025 06:45:43] "POST /api/recommendations HTTP/1.1" 200 -
2025-01-04 06:45:44,936 - WARNING - Error encoding user ID: y contains previously unseen labels: 3456
2025-01-04 06:45:44,937 - WARNING - Using default encoding (0)
2025-01-04 06:45:44,950 - WARNING - Error in transform: y contains previously unseen labels: '0'
2025-01-04 06:45:44,950 - WARNING - Using default value 0 for 13421 items
2025-01-04 06:45:46,761 - INFO - 192.168.96.1 - - [04/Jan/2025 06:45:46] "POST /api/recommendations HTTP/1.1" 200 -
2025-01-04 06:45:48,729 - INFO - 192.168.96.1 - - [04/Jan/2025 06:45:48] "OPTIONS /api/recommendations HTTP/1.1" 200 -
2025-01-04 06:45:48,752 - WARNING - Error encoding user ID: y contains previously unseen labels: 3456
2025-01-04 06:45:48,753 - WARNING - Using default encoding (0)
2025-01-04 06:45:48,764 - WARNING - Error in transform: y contains previously unseen labels: '0'
2025-01-04 06:45:48,765 - WARNING - Using default value 0 for 13421 items
2025-01-04 06:45:53,023 - WARNING - Error encoding user ID: y contains previously unseen labels: 3456
2025-01-04 06:45:53,027 - WARNING - Using default encoding (0)
2025-01-04 06:45:53,061 - WARNING - Error in transform: y contains previously unseen labels: '0'
2025-01-04 06:45:53,062 - WARNING - Using default value 0 for 13421 items
2025-01-04 06:45:53,566 - WARNING - Error encoding user ID: y contains previously unseen labels: 3456
2025-01-04 06:45:53,567 - WARNING - Using default encoding (0)
2025-01-04 06:45:53,638 - WARNING - Error in transform: y contains previously unseen labels: '0'
2025-01-04 06:45:53,640 - WARNING - Using default value 0 for 13421 items
2025-01-04 06:45:53,767 - WARNING - Error encoding user ID: y contains previously unseen labels: 3456
2025-01-04 06:45:53,769 - WARNING - Using default encoding (0)
2025-01-04 06:45:53,815 - WARNING - Error in transform: y contains previously unseen labels: '0'
2025-01-04 06:45:53,818 - WARNING - Using default value 0 for 13421 items
2025-01-04 06:45:53,915 - WARNING - Error encoding user ID: y contains previously unseen labels: 3456
2025-01-04 06:45:53,920 - WARNING - Using default encoding (0)
2025-01-04 06:45:53,996 - WARNING - Error in transform: y contains previously unseen labels: '0'
2025-01-04 06:45:54,018 - WARNING - Using default value 0 for 13421 items
2025-01-04 06:45:54,212 - WARNING - Error encoding user ID: y contains previously unseen labels: 3456
2025-01-04 06:45:54,225 - WARNING - Using default encoding (0)
2025-01-04 06:45:54,384 - WARNING - Error in transform: y contains previously unseen labels: '0'
2025-01-04 06:45:54,384 - WARNING - Using default value 0 for 13421 items
2025-01-04 06:46:04,254 - INFO - 192.168.96.1 - - [04/Jan/2025 06:46:04] "OPTIONS /api/recommendations HTTP/1.1" 200 -
2025-01-04 06:46:04,495 - WARNING - Error encoding user ID: y contains previously unseen labels: 3456
2025-01-04 06:46:04,496 - WARNING - Using default encoding (0)
2025-01-04 06:46:04,703 - WARNING - Error in transform: y contains previously unseen labels: '0'
2025-01-04 06:46:04,711 - WARNING - Using default value 0 for 13421 items
2025-01-04 06:46:08,605 - WARNING - Error encoding user ID: y contains previously unseen labels: 3456
2025-01-04 06:46:08,640 - WARNING - Using default encoding (0)
2025-01-04 06:46:08,816 - WARNING - Error in transform: y contains previously unseen labels: '0'
2025-01-04 06:46:08,853 - WARNING - Using default value 0 for 13421 items
2025-01-04 06:46:18,772 - INFO - 192.168.96.1 - - [04/Jan/2025 06:46:18] "OPTIONS /api/recommendations HTTP/1.1" 200 -
2025-01-04 06:46:18,855 - WARNING - Error encoding user ID: y contains previously unseen labels: 3456
2025-01-04 06:46:18,857 - WARNING - Using default encoding (0)
2025-01-04 06:46:18,922 - WARNING - Error in transform: y contains previously unseen labels: '0'
2025-01-04 06:46:18,924 - WARNING - Using default value 0 for 13421 items
2025-01-04 06:46:19,511 - WARNING - Error encoding user ID: y contains previously unseen labels: 3456
2025-01-04 06:46:19,513 - WARNING - Using default encoding (0)
2025-01-04 06:46:19,532 - WARNING - Error in transform: y contains previously unseen labels: '0'
2025-01-04 06:46:19,538 - WARNING - Using default value 0 for 13421 items
2025-01-04 06:46:19,694 - WARNING - Error encoding user ID: y contains previously unseen labels: 3456
2025-01-04 06:46:19,700 - WARNING - Using default encoding (0)
2025-01-04 06:46:19,761 - WARNING - Error in transform: y contains previously unseen labels: '0'
2025-01-04 06:46:19,763 - WARNING - Using default value 0 for 13421 items
2025-01-04 06:46:19,913 - WARNING - Error encoding user ID: y contains previously unseen labels: 3456
2025-01-04 06:46:19,914 - WARNING - Using default encoding (0)
2025-01-04 06:46:20,026 - WARNING - Error in transform: y contains previously unseen labels: '0'
2025-01-04 06:46:20,034 - WARNING - Using default value 0 for 13421 items
2025-01-04 06:46:28,639 - INFO - 192.168.96.1 - - [04/Jan/2025 06:46:28] "POST /api/recommendations HTTP/1.1" 200 -
2025-01-04 06:46:50,527 - INFO - 192.168.96.1 - - [04/Jan/2025 06:46:50] "OPTIONS /api/recommendations HTTP/1.1" 200 -
2025-01-04 06:46:50,563 - INFO - 192.168.96.1 - - [04/Jan/2025 06:46:50] "OPTIONS /api/recommendations HTTP/1.1" 200 -
2025-01-04 06:46:50,570 - INFO - 192.168.96.1 - - [04/Jan/2025 06:46:50] "OPTIONS /api/recommendations HTTP/1.1" 200 -
2025-01-04 06:46:50,590 - INFO - 192.168.96.1 - - [04/Jan/2025 06:46:50] "OPTIONS /api/recommendations HTTP/1.1" 200 -
2025-01-04 06:46:50,601 - INFO - 192.168.96.1 - - [04/Jan/2025 06:46:50] "OPTIONS /api/recommendations HTTP/1.1" 200 -
2025-01-04 06:46:50,614 - INFO - 192.168.96.1 - - [04/Jan/2025 06:46:50] "OPTIONS /api/recommendations HTTP/1.1" 200 -
2025-01-04 06:46:50,684 - INFO - 192.168.96.1 - - [04/Jan/2025 06:46:50] "OPTIONS /api/recommendations HTTP/1.1" 200 -
2025-01-04 06:46:50,698 - INFO - 192.168.96.1 - - [04/Jan/2025 06:46:50] "OPTIONS /api/recommendations HTTP/1.1" 200 -
2025-01-04 06:46:50,703 - INFO - 192.168.96.1 - - [04/Jan/2025 06:46:50] "OPTIONS /api/recommendations HTTP/1.1" 200 -
2025-01-04 06:46:50,715 - INFO - 192.168.96.1 - - [04/Jan/2025 06:46:50] "OPTIONS /api/recommendations HTTP/1.1" 200 -
2025-01-04 06:46:53,917 - WARNING - Error encoding user ID: y contains previously unseen labels: 3456
2025-01-04 06:46:53,918 - WARNING - Using default encoding (0)
2025-01-04 06:46:55,106 - WARNING - Error in transform: y contains previously unseen labels: '0'
2025-01-04 06:46:55,176 - WARNING - Using default value 0 for 13421 items
2025-01-04 06:47:13,601 - INFO - 192.168.96.1 - - [04/Jan/2025 06:47:13] "OPTIONS /api/recommendations HTTP/1.1" 200 -
2025-01-04 06:47:13,663 - WARNING - Error encoding user ID: y contains previously unseen labels: 3456
2025-01-04 06:47:13,663 - WARNING - Using default encoding (0)
2025-01-04 06:47:13,716 - WARNING - Error in transform: y contains previously unseen labels: '0'
2025-01-04 06:47:13,717 - WARNING - Using default value 0 for 13421 items
2025-01-04 06:47:14,563 - WARNING - Error encoding user ID: y contains previously unseen labels: 3456
2025-01-04 06:47:14,571 - WARNING - Using default encoding (0)
2025-01-04 06:47:14,689 - WARNING - Error in transform: y contains previously unseen labels: '0'
2025-01-04 06:47:14,692 - WARNING - Using default value 0 for 13421 items
2025-01-04 06:47:28,873 - INFO - 192.168.96.1 - - [04/Jan/2025 06:47:28] "[33mGET / HTTP/1.1[0m" 404 -
2025-01-04 06:47:29,778 - INFO - 192.168.96.1 - - [04/Jan/2025 06:47:29] "[33mGET / HTTP/1.1[0m" 404 -
2025-01-04 06:49:08,280 - INFO - 192.168.96.1 - - [04/Jan/2025 06:49:08] "POST /api/recommendations HTTP/1.1" 200 -
2025-01-04 06:49:11,682 - INFO - 192.168.96.1 - - [04/Jan/2025 06:49:11] "POST /api/recommendations HTTP/1.1" 200 -
2025-01-04 06:49:18,773 - INFO - 192.168.96.1 - - [04/Jan/2025 06:49:18] "POST /api/recommendations HTTP/1.1" 200 -
2025-01-04 06:49:23,740 - INFO - 192.168.96.1 - - [04/Jan/2025 06:49:23] "POST /api/recommendations HTTP/1.1" 200 -
2025-01-04 06:49:25,343 - INFO - 192.168.96.1 - - [04/Jan/2025 06:49:25] "POST /api/recommendations HTTP/1.1" 200 -
2025-01-04 06:49:33,398 - INFO - 192.168.96.1 - - [04/Jan/2025 06:49:33] "POST /api/recommendations HTTP/1.1" 200 -
2025-01-04 06:49:40,873 - INFO - 192.168.96.1 - - [04/Jan/2025 06:49:40] "POST /api/recommendations HTTP/1.1" 200 -
2025-01-04 06:49:46,389 - INFO - 192.168.96.1 - - [04/Jan/2025 06:49:46] "POST /api/recommendations HTTP/1.1" 200 -
2025-01-04 06:49:46,580 - INFO - 192.168.96.1 - - [04/Jan/2025 06:49:46] "POST /api/recommendations HTTP/1.1" 200 -
2025-01-04 06:49:47,005 - INFO - 192.168.96.1 - - [04/Jan/2025 06:49:47] "POST /api/recommendations HTTP/1.1" 200 -
2025-01-04 06:49:47,008 - INFO - 192.168.96.1 - - [04/Jan/2025 06:49:47] "POST /api/recommendations HTTP/1.1" 200 -
2025-01-04 06:49:50,452 - INFO - 192.168.96.1 - - [04/Jan/2025 06:49:50] "POST /api/recommendations HTTP/1.1" 200 -
2025-01-04 06:49:50,474 - INFO - 192.168.96.1 - - [04/Jan/2025 06:49:50] "POST /api/recommendations HTTP/1.1" 200 -
2025-01-04 06:49:50,566 - INFO - 192.168.96.1 - - [04/Jan/2025 06:49:50] "POST /api/recommendations HTTP/1.1" 200 -
2025-01-04 06:56:22,361 - WARNING - Error encoding user ID: y contains previously unseen labels: 824191268123798
2025-01-04 06:56:22,361 - WARNING - Using default encoding (0)
2025-01-04 06:56:22,370 - WARNING - Error in transform: y contains previously unseen labels: '0'
2025-01-04 06:56:22,370 - WARNING - Using default value 0 for 13421 items
2025-01-04 06:56:27,645 - INFO - 192.168.100.216 - - [04/Jan/2025 06:56:27] "POST /api/recommendations HTTP/1.1" 200 -
2025-01-04 07:00:28,133 - INFO - 192.168.96.1 - - [04/Jan/2025 07:00:28] "[33mGET / HTTP/1.1[0m" 404 -
2025-01-04 07:00:28,367 - INFO - 192.168.96.1 - - [04/Jan/2025 07:00:28] "[33mGET /favicon.ico HTTP/1.1[0m" 404 -
2025-01-04 07:01:23,441 - INFO - 192.168.96.1 - - [04/Jan/2025 07:01:23] "OPTIONS /api/recommendations HTTP/1.1" 200 -
2025-01-04 07:01:23,462 - WARNING - Error encoding user ID: y contains previously unseen labels: 824191268123798
2025-01-04 07:01:23,462 - WARNING - Using default encoding (0)
2025-01-04 07:01:23,472 - WARNING - Error in transform: y contains previously unseen labels: '0'
2025-01-04 07:01:23,473 - WARNING - Using default value 0 for 13421 items
2025-01-04 07:01:25,554 - INFO - 192.168.96.1 - - [04/Jan/2025 07:01:25] "POST /api/recommendations HTTP/1.1" 200 -
2025-01-04 07:01:43,615 - INFO - 192.168.96.1 - - [04/Jan/2025 07:01:43] "[31m[1mGET /api/recommendations HTTP/1.1[0m" 405 -
2025-01-04 07:01:58,515 - INFO - 192.168.96.1 - - [04/Jan/2025 07:01:58] "OPTIONS /api/recommendations HTTP/1.1" 200 -
2025-01-04 07:01:58,529 - WARNING - Error encoding user ID: y contains previously unseen labels: 824191268123798
2025-01-04 07:01:58,529 - WARNING - Using default encoding (0)
2025-01-04 07:01:58,539 - WARNING - Error in transform: y contains previously unseen labels: '0'
2025-01-04 07:01:58,539 - WARNING - Using default value 0 for 13421 items
2025-01-04 07:01:59,441 - WARNING - Error encoding user ID: y contains previously unseen labels: 824191268123798
2025-01-04 07:01:59,441 - WARNING - Using default encoding (0)
2025-01-04 07:01:59,479 - WARNING - Error in transform: y contains previously unseen labels: '0'
2025-01-04 07:01:59,479 - WARNING - Using default value 0 for 13421 items
2025-01-04 07:01:59,894 - WARNING - Error encoding user ID: y contains previously unseen labels: 824191268123798
2025-01-04 07:01:59,895 - WARNING - Using default encoding (0)
2025-01-04 07:01:59,958 - WARNING - Error in transform: y contains previously unseen labels: '0'
2025-01-04 07:01:59,959 - WARNING - Using default value 0 for 13421 items
2025-01-04 07:02:01,090 - WARNING - Error encoding user ID: y contains previously unseen labels: 824191268123798
2025-01-04 07:02:01,093 - WARNING - Using default encoding (0)
2025-01-04 07:02:01,143 - WARNING - Error in transform: y contains previously unseen labels: '0'
2025-01-04 07:02:01,144 - WARNING - Using default value 0 for 13421 items
2025-01-04 07:02:08,863 - INFO - 192.168.96.1 - - [04/Jan/2025 07:02:08] "OPTIONS /api/recommendations HTTP/1.1" 200 -
2025-01-04 07:02:08,916 - WARNING - Error encoding user ID: y contains previously unseen labels: 824191268123798
2025-01-04 07:02:08,923 - WARNING - Using default encoding (0)
2025-01-04 07:02:08,952 - WARNING - Error in transform: y contains previously unseen labels: '0'
2025-01-04 07:02:08,956 - WARNING - Using default value 0 for 13421 items
2025-01-04 07:02:09,683 - WARNING - Error encoding user ID: y contains previously unseen labels: 824191268123798
2025-01-04 07:02:09,697 - WARNING - Using default encoding (0)
2025-01-04 07:02:09,779 - WARNING - Error encoding user ID: y contains previously unseen labels: 824191268123798
2025-01-04 07:02:09,824 - WARNING - Using default encoding (0)
2025-01-04 07:02:09,839 - WARNING - Error in transform: y contains previously unseen labels: '0'
2025-01-04 07:02:09,913 - WARNING - Using default value 0 for 13421 items
2025-01-04 07:02:09,934 - WARNING - Error in transform: y contains previously unseen labels: '0'
2025-01-04 07:02:09,943 - WARNING - Using default value 0 for 13421 items
2025-01-04 07:02:10,064 - WARNING - Error encoding user ID: y contains previously unseen labels: 824191268123798
2025-01-04 07:02:10,068 - WARNING - Using default encoding (0)
2025-01-04 07:02:10,115 - WARNING - Error in transform: y contains previously unseen labels: '0'
2025-01-04 07:02:10,120 - WARNING - Using default value 0 for 13421 items
2025-01-04 07:02:12,283 - WARNING - Error encoding user ID: y contains previously unseen labels: 824191268123798
2025-01-04 07:02:12,286 - WARNING - Using default encoding (0)
2025-01-04 07:02:12,381 - WARNING - Error in transform: y contains previously unseen labels: '0'
2025-01-04 07:02:12,413 - WARNING - Using default value 0 for 13421 items
2025-01-04 07:02:13,724 - WARNING - Error encoding user ID: y contains previously unseen labels: 824191268123798
2025-01-04 07:02:13,765 - WARNING - Using default encoding (0)
2025-01-04 07:02:13,865 - WARNING - Error in transform: y contains previously unseen labels: '0'
2025-01-04 07:02:13,894 - WARNING - Using default value 0 for 13421 items
2025-01-04 07:02:22,432 - INFO - 192.168.96.1 - - [04/Jan/2025 07:02:22] "OPTIONS /api/recommendations HTTP/1.1" 200 -
2025-01-04 07:02:22,459 - INFO - 192.168.96.1 - - [04/Jan/2025 07:02:22] "OPTIONS /api/recommendations HTTP/1.1" 200 -
2025-01-04 07:02:22,463 - INFO - 192.168.96.1 - - [04/Jan/2025 07:02:22] "OPTIONS /api/recommendations HTTP/1.1" 200 -
2025-01-04 07:02:22,469 - INFO - 192.168.96.1 - - [04/Jan/2025 07:02:22] "OPTIONS /api/recommendations HTTP/1.1" 200 -
2025-01-04 07:02:22,477 - INFO - 192.168.96.1 - - [04/Jan/2025 07:02:22] "OPTIONS /api/recommendations HTTP/1.1" 200 -
2025-01-04 07:02:22,491 - INFO - 192.168.96.1 - - [04/Jan/2025 07:02:22] "OPTIONS /api/recommendations HTTP/1.1" 200 -
2025-01-04 07:02:22,496 - INFO - 192.168.96.1 - - [04/Jan/2025 07:02:22] "OPTIONS /api/recommendations HTTP/1.1" 200 -
2025-01-04 07:02:22,517 - INFO - 192.168.96.1 - - [04/Jan/2025 07:02:22] "OPTIONS /api/recommendations HTTP/1.1" 200 -
2025-01-04 07:02:22,544 - INFO - 192.168.96.1 - - [04/Jan/2025 07:02:22] "OPTIONS /api/recommendations HTTP/1.1" 200 -
2025-01-04 07:02:22,558 - INFO - 192.168.96.1 - - [04/Jan/2025 07:02:22] "OPTIONS /api/recommendations HTTP/1.1" 200 -
2025-01-04 07:02:59,245 - INFO - 192.168.96.1 - - [04/Jan/2025 07:02:59] "POST /api/recommendations HTTP/1.1" 200 -
2025-01-04 07:03:53,926 - INFO - 192.168.96.1 - - [04/Jan/2025 07:03:53] "POST /api/recommendations HTTP/1.1" 200 -
2025-01-04 07:03:59,728 - INFO - 192.168.96.1 - - [04/Jan/2025 07:03:59] "POST /api/recommendations HTTP/1.1" 200 -
2025-01-04 07:04:05,655 - INFO - 192.168.96.1 - - [04/Jan/2025 07:04:05] "POST /api/recommendations HTTP/1.1" 200 -
2025-01-04 07:04:14,819 - INFO - 192.168.96.1 - - [04/Jan/2025 07:04:14] "POST /api/recommendations HTTP/1.1" 200 -
2025-01-04 07:04:15,771 - INFO - 192.168.96.1 - - [04/Jan/2025 07:04:15] "POST /api/recommendations HTTP/1.1" 200 -
2025-01-04 07:04:16,583 - INFO - 192.168.96.1 - - [04/Jan/2025 07:04:16] "POST /api/recommendations HTTP/1.1" 200 -
2025-01-04 07:04:17,042 - INFO - 192.168.96.1 - - [04/Jan/2025 07:04:17] "POST /api/recommendations HTTP/1.1" 200 -
2025-01-04 07:04:17,160 - INFO - 192.168.96.1 - - [04/Jan/2025 07:04:17] "POST /api/recommendations HTTP/1.1" 200 -
2025-01-04 07:04:17,287 - INFO - 192.168.96.1 - - [04/Jan/2025 07:04:17] "POST /api/recommendations HTTP/1.1" 200 -
2025-01-04 07:20:00,599 - INFO - 127.0.0.1 - - [04/Jan/2025 07:20:00] "OPTIONS /api/recommendations HTTP/1.1" 200 -
2025-01-04 07:20:00,854 - WARNING - Error encoding user ID: y contains previously unseen labels: '121'
2025-01-04 07:20:00,854 - WARNING - Using default encoding (0)
2025-01-04 07:20:00,864 - WARNING - Error in transform: y contains previously unseen labels: '0'
2025-01-04 07:20:00,864 - WARNING - Using default value 0 for 13421 items
2025-01-04 07:20:03,109 - INFO - 127.0.0.1 - - [04/Jan/2025 07:20:03] "POST /api/recommendations HTTP/1.1" 200 -
2025-01-04 07:26:55,998 - INFO - 127.0.0.1 - - [04/Jan/2025 07:26:55] "GET /api/health HTTP/1.1" 200 -
2025-01-04 07:27:00,650 - INFO - 127.0.0.1 - - [04/Jan/2025 07:27:00] "OPTIONS /api/recommendations HTTP/1.1" 200 -
2025-01-04 07:27:00,986 - WARNING - Error encoding user ID: y contains previously unseen labels: '121'
2025-01-04 07:27:00,986 - WARNING - Using default encoding (0)
2025-01-04 07:27:01,003 - WARNING - Error in transform: y contains previously unseen labels: '0'
2025-01-04 07:27:01,003 - WARNING - Using default value 0 for 13421 items
2025-01-04 07:27:03,214 - INFO - 127.0.0.1 - - [04/Jan/2025 07:27:03] "POST /api/recommendations HTTP/1.1" 200 -
2025-01-04 07:27:44,763 - INFO - 127.0.0.1 - - [04/Jan/2025 07:27:44] "OPTIONS /api/recommendations HTTP/1.1" 200 -
2025-01-04 07:27:45,073 - WARNING - Error encoding user ID: y contains previously unseen labels: '121278'
2025-01-04 07:27:45,073 - WARNING - Using default encoding (0)
2025-01-04 07:27:45,130 - WARNING - Error in transform: y contains previously unseen labels: '0'
2025-01-04 07:27:45,131 - WARNING - Using default value 0 for 13421 items
2025-01-04 07:27:47,417 - INFO - 127.0.0.1 - - [04/Jan/2025 07:27:47] "POST /api/recommendations HTTP/1.1" 200 -
2025-01-04 07:28:19,534 - INFO - 127.0.0.1 - - [04/Jan/2025 07:28:19] "OPTIONS /api/recommendations HTTP/1.1" 200 -
2025-01-04 07:28:19,866 - WARNING - Error encoding user ID: y contains previously unseen labels: '1212781212'
2025-01-04 07:28:19,867 - WARNING - Using default encoding (0)
2025-01-04 07:28:19,908 - WARNING - Error in transform: y contains previously unseen labels: '0'
2025-01-04 07:28:19,909 - WARNING - Using default value 0 for 13421 items
2025-01-04 07:28:22,269 - INFO - 127.0.0.1 - - [04/Jan/2025 07:28:22] "POST /api/recommendations HTTP/1.1" 200 -
2025-01-04 09:37:40,948 - INFO - Loading model from /home/martinson/Lhydra_rs/data_engineered_v3/rs_main_v2_refactored/checkpoints/best_model.pth
2025-01-04 09:37:41,100 - INFO - Model loaded successfully
2025-01-04 09:37:41,123 - INFO - Encoder class counts:
2025-01-04 09:37:41,124 - INFO - user_encoder: 9717
2025-01-04 09:37:41,124 - INFO - music_encoder: 9373
2025-01-04 09:37:41,124 - INFO - artist_encoder: 5059
2025-01-04 09:37:41,124 - INFO - genre_encoder: 12
2025-01-04 09:37:41,125 - INFO - Model dimensions from state dict:
2025-01-04 09:37:41,125 - INFO - num_users: 7773
2025-01-04 09:37:41,125 - INFO - num_music: 9324
2025-01-04 09:37:41,125 - INFO - num_artists: 4482
2025-01-04 09:37:41,125 - INFO - num_genres: 12
2025-01-04 09:37:41,125 - INFO - num_numerical: 12
2025-01-04 09:37:41,283 - INFO - [31m[1mWARNING: This is a development server. Do not use it in a production deployment. Use a production WSGI server instead.[0m
 * Running on all addresses (0.0.0.0)
 * Running on http://127.0.0.1:5000
 * Running on http://192.168.100.216:5000
2025-01-04 09:37:41,284 - INFO - [33mPress CTRL+C to quit[0m
2025-01-04 09:37:41,332 - INFO -  * Restarting with watchdog (inotify)
2025-01-04 09:37:48,558 - INFO - Loading model from /home/martinson/Lhydra_rs/data_engineered_v3/rs_main_v2_refactored/checkpoints/best_model.pth
2025-01-04 09:37:48,588 - INFO - Model loaded successfully
2025-01-04 09:37:48,602 - INFO - Encoder class counts:
2025-01-04 09:37:48,602 - INFO - user_encoder: 9717
2025-01-04 09:37:48,602 - INFO - music_encoder: 9373
2025-01-04 09:37:48,602 - INFO - artist_encoder: 5059
2025-01-04 09:37:48,603 - INFO - genre_encoder: 12
2025-01-04 09:37:48,604 - INFO - Model dimensions from state dict:
2025-01-04 09:37:48,605 - INFO - num_users: 7773
2025-01-04 09:37:48,606 - INFO - num_music: 9324
2025-01-04 09:37:48,607 - INFO - num_artists: 4482
2025-01-04 09:37:48,608 - INFO - num_genres: 12
2025-01-04 09:37:48,609 - INFO - num_numerical: 12
2025-01-04 09:37:48,687 - WARNING -  * Debugger is active!
2025-01-04 09:37:48,690 - INFO -  * Debugger PIN: 723-194-374
2025-01-04 09:42:37,723 - INFO - 192.168.96.1 - - [04/Jan/2025 09:42:37] "GET /api/health HTTP/1.1" 200 -
2025-01-04 09:43:38,453 - INFO - 192.168.96.1 - - [04/Jan/2025 09:43:38] "OPTIONS /api/recommendations HTTP/1.1" 200 -
2025-01-04 09:43:38,499 - WARNING - Error encoding user ID: y contains previously unseen labels: 'francis.martinson@ndsu.edu'
2025-01-04 09:43:38,505 - WARNING - Using default encoding (0)
2025-01-04 09:43:38,527 - ERROR - Error generating recommendations: MusicRecommenderDataset.__init__() got an unexpected keyword argument 'embedding_dims'
2025-01-04 09:43:38,529 - INFO - 192.168.96.1 - - [04/Jan/2025 09:43:38] "[35m[1mPOST /api/recommendations HTTP/1.1[0m" 500 -
2025-01-04 09:44:10,272 - INFO - 192.168.96.1 - - [04/Jan/2025 09:44:10] "OPTIONS /api/recommendations HTTP/1.1" 200 -
2025-01-04 09:44:10,322 - WARNING - Error encoding user ID: y contains previously unseen labels: 'francis.martinson@ndsu.edu'
2025-01-04 09:44:10,324 - WARNING - Using default encoding (0)
2025-01-04 09:44:10,329 - ERROR - Error generating recommendations: MusicRecommenderDataset.__init__() got an unexpected keyword argument 'embedding_dims'
2025-01-04 09:44:10,332 - INFO - 192.168.96.1 - - [04/Jan/2025 09:44:10] "[35m[1mPOST /api/recommendations HTTP/1.1[0m" 500 -
2025-01-04 09:44:38,488 - INFO - 192.168.96.1 - - [04/Jan/2025 09:44:38] "OPTIONS /api/recommendations HTTP/1.1" 200 -
2025-01-04 09:44:38,551 - WARNING - Error encoding user ID: y contains previously unseen labels: 'francis.martinson@ndsu.edu'
2025-01-04 09:44:38,552 - WARNING - Using default encoding (0)
2025-01-04 09:44:38,570 - ERROR - Error generating recommendations: MusicRecommenderDataset.__init__() got an unexpected keyword argument 'embedding_dims'
2025-01-04 09:44:38,575 - INFO - 192.168.96.1 - - [04/Jan/2025 09:44:38] "[35m[1mPOST /api/recommendations HTTP/1.1[0m" 500 -
2025-01-04 09:44:48,253 - INFO - 192.168.96.1 - - [04/Jan/2025 09:44:48] "OPTIONS /api/recommendations HTTP/1.1" 200 -
2025-01-04 09:44:48,269 - WARNING - Error encoding user ID: y contains previously unseen labels: '123'
2025-01-04 09:44:48,269 - WARNING - Using default encoding (0)
2025-01-04 09:44:48,273 - ERROR - Error generating recommendations: MusicRecommenderDataset.__init__() got an unexpected keyword argument 'embedding_dims'
2025-01-04 09:44:48,275 - INFO - 192.168.96.1 - - [04/Jan/2025 09:44:48] "[35m[1mPOST /api/recommendations HTTP/1.1[0m" 500 -
2025-01-04 09:47:45,155 - INFO -  * Detected change in '/home/martinson/Lhydra_rs/data_engineered_v3/rs_main_v2_refactored/train_model.py', reloading
2025-01-04 09:47:45,156 - INFO -  * Detected change in '/home/martinson/Lhydra_rs/data_engineered_v3/rs_main_v2_refactored/train_model.py', reloading
2025-01-04 09:47:45,170 - INFO -  * Detected change in '/home/martinson/Lhydra_rs/data_engineered_v3/rs_main_v2_refactored/train_model.py', reloading
2025-01-04 09:47:46,805 - INFO -  * Restarting with watchdog (inotify)
2025-01-04 09:47:52,936 - INFO - Loading model from /home/martinson/Lhydra_rs/data_engineered_v3/rs_main_v2_refactored/checkpoints/best_model.pth
2025-01-04 09:47:53,077 - INFO - Model loaded successfully
2025-01-04 09:47:53,147 - INFO - Encoder class counts:
2025-01-04 09:47:53,148 - INFO - user_encoder: 9717
2025-01-04 09:47:53,148 - INFO - music_encoder: 9373
2025-01-04 09:47:53,148 - INFO - artist_encoder: 5059
2025-01-04 09:47:53,148 - INFO - genre_encoder: 12
2025-01-04 09:47:53,149 - INFO - Model dimensions from state dict:
2025-01-04 09:47:53,149 - INFO - num_users: 7773
2025-01-04 09:47:53,149 - INFO - num_music: 9324
2025-01-04 09:47:53,149 - INFO - num_artists: 4482
2025-01-04 09:47:53,149 - INFO - num_genres: 12
2025-01-04 09:47:53,150 - INFO - num_numerical: 12
2025-01-04 09:47:53,230 - WARNING -  * Debugger is active!
2025-01-04 09:47:53,231 - INFO -  * Debugger PIN: 723-194-374
2025-01-04 09:48:05,058 - INFO - 192.168.96.1 - - [04/Jan/2025 09:48:05] "OPTIONS /api/recommendations HTTP/1.1" 200 -
2025-01-04 09:48:05,181 - WARNING - Error encoding user ID: y contains previously unseen labels: '123'
2025-01-04 09:48:05,192 - WARNING - Using default encoding (0)
2025-01-04 09:48:05,222 - ERROR - Error generating recommendations: MusicRecommenderDataset.__init__() got an unexpected keyword argument 'embedding_dims'
2025-01-04 09:48:05,227 - INFO - 192.168.96.1 - - [04/Jan/2025 09:48:05] "[35m[1mPOST /api/recommendations HTTP/1.1[0m" 500 -
2025-01-04 09:48:34,654 - INFO -  * Detected change in '/home/martinson/Lhydra_rs/data_engineered_v3/rs_main_v2_refactored/flask_app/app.py', reloading
2025-01-04 09:48:34,659 - INFO -  * Detected change in '/home/martinson/Lhydra_rs/data_engineered_v3/rs_main_v2_refactored/flask_app/app.py', reloading
2025-01-04 09:48:34,669 - INFO -  * Detected change in '/home/martinson/Lhydra_rs/data_engineered_v3/rs_main_v2_refactored/flask_app/app.py', reloading
2025-01-04 09:48:36,209 - INFO -  * Restarting with watchdog (inotify)
2025-01-04 09:48:44,555 - INFO - Loading model from /home/martinson/Lhydra_rs/data_engineered_v3/rs_main_v2_refactored/checkpoints/best_model.pth
2025-01-04 09:48:44,619 - INFO - Model loaded successfully
2025-01-04 09:48:44,651 - INFO - Encoder class counts:
2025-01-04 09:48:44,651 - INFO - user_encoder: 9717
2025-01-04 09:48:44,652 - INFO - music_encoder: 9373
2025-01-04 09:48:44,652 - INFO - artist_encoder: 5059
2025-01-04 09:48:44,652 - INFO - genre_encoder: 12
2025-01-04 09:48:44,653 - INFO - Model dimensions from state dict:
2025-01-04 09:48:44,654 - INFO - num_users: 7773
2025-01-04 09:48:44,654 - INFO - num_music: 9324
2025-01-04 09:48:44,654 - INFO - num_artists: 4482
2025-01-04 09:48:44,655 - INFO - num_genres: 12
2025-01-04 09:48:44,655 - INFO - num_numerical: 12
2025-01-04 09:48:44,808 - WARNING -  * Debugger is active!
2025-01-04 09:48:44,809 - INFO -  * Debugger PIN: 723-194-374
2025-01-04 09:48:59,843 - INFO -  * Detected change in '/home/martinson/Lhydra_rs/data_engineered_v3/rs_main_v2_refactored/flask_app/app.py', reloading
2025-01-04 09:48:59,844 - INFO -  * Detected change in '/home/martinson/Lhydra_rs/data_engineered_v3/rs_main_v2_refactored/flask_app/app.py', reloading
2025-01-04 09:48:59,892 - INFO -  * Detected change in '/home/martinson/Lhydra_rs/data_engineered_v3/rs_main_v2_refactored/flask_app/app.py', reloading
2025-01-04 09:49:01,430 - INFO -  * Restarting with watchdog (inotify)
2025-01-04 09:49:05,936 - INFO - Loading model from /home/martinson/Lhydra_rs/data_engineered_v3/rs_main_v2_refactored/checkpoints/best_model.pth
2025-01-04 09:49:06,060 - INFO - Model loaded successfully
2025-01-04 09:49:06,125 - INFO - Encoder class counts:
2025-01-04 09:49:06,125 - INFO - user_encoder: 9717
2025-01-04 09:49:06,126 - INFO - music_encoder: 9373
2025-01-04 09:49:06,126 - INFO - artist_encoder: 5059
2025-01-04 09:49:06,126 - INFO - genre_encoder: 12
2025-01-04 09:49:06,126 - INFO - Model dimensions from state dict:
2025-01-04 09:49:06,126 - INFO - num_users: 7773
2025-01-04 09:49:06,126 - INFO - num_music: 9324
2025-01-04 09:49:06,126 - INFO - num_artists: 4482
2025-01-04 09:49:06,127 - INFO - num_genres: 12
2025-01-04 09:49:06,127 - INFO - num_numerical: 12
2025-01-04 09:49:06,260 - WARNING -  * Debugger is active!
2025-01-04 09:49:06,261 - INFO -  * Debugger PIN: 723-194-374
2025-01-04 09:49:10,735 - INFO - 192.168.96.1 - - [04/Jan/2025 09:49:10] "OPTIONS /api/recommendations HTTP/1.1" 200 -
2025-01-04 09:49:10,814 - WARNING - Error encoding user ID: y contains previously unseen labels: '123'
2025-01-04 09:49:10,817 - WARNING - Using default encoding (0)
2025-01-04 09:49:10,835 - ERROR - Error generating recommendations: MusicRecommenderDataset.__init__() got an unexpected keyword argument 'embedding_dims'
2025-01-04 09:49:10,843 - INFO - 192.168.96.1 - - [04/Jan/2025 09:49:10] "[35m[1mPOST /api/recommendations HTTP/1.1[0m" 500 -
2025-01-04 09:49:17,293 - INFO - 192.168.96.1 - - [04/Jan/2025 09:49:17] "GET /api/health HTTP/1.1" 200 -
2025-01-04 09:49:29,205 - INFO - 192.168.96.1 - - [04/Jan/2025 09:49:29] "OPTIONS /api/recommendations HTTP/1.1" 200 -
2025-01-04 09:49:29,248 - WARNING - Error encoding user ID: y contains previously unseen labels: 'francis.martinson@ndsu.edu'
2025-01-04 09:49:29,250 - WARNING - Using default encoding (0)
2025-01-04 09:49:29,266 - ERROR - Error generating recommendations: MusicRecommenderDataset.__init__() got an unexpected keyword argument 'embedding_dims'
2025-01-04 09:49:29,274 - INFO - 192.168.96.1 - - [04/Jan/2025 09:49:29] "[35m[1mPOST /api/recommendations HTTP/1.1[0m" 500 -
2025-01-04 09:51:16,437 - INFO -  * Detected change in '/home/martinson/Lhydra_rs/data_engineered_v3/rs_main_v2_refactored/evaluate_model.py', reloading
2025-01-04 09:51:16,438 - INFO -  * Detected change in '/home/martinson/Lhydra_rs/data_engineered_v3/rs_main_v2_refactored/evaluate_model.py', reloading
2025-01-04 09:51:16,446 - INFO -  * Detected change in '/home/martinson/Lhydra_rs/data_engineered_v3/rs_main_v2_refactored/evaluate_model.py', reloading
2025-01-04 09:51:17,881 - INFO -  * Restarting with watchdog (inotify)
2025-01-04 09:51:26,633 - INFO - Loading model from /home/martinson/Lhydra_rs/data_engineered_v3/rs_main_v2_refactored/checkpoints/best_model.pth
2025-01-04 09:51:26,723 - INFO - Model loaded successfully
2025-01-04 09:51:26,745 - INFO - Encoder class counts:
2025-01-04 09:51:26,745 - INFO - user_encoder: 9717
2025-01-04 09:51:26,745 - INFO - music_encoder: 9373
2025-01-04 09:51:26,746 - INFO - artist_encoder: 5059
2025-01-04 09:51:26,747 - INFO - genre_encoder: 12
2025-01-04 09:51:26,748 - INFO - Model dimensions from state dict:
2025-01-04 09:51:26,749 - INFO - num_users: 7773
2025-01-04 09:51:26,750 - INFO - num_music: 9324
2025-01-04 09:51:26,751 - INFO - num_artists: 4482
2025-01-04 09:51:26,752 - INFO - num_genres: 12
2025-01-04 09:51:26,757 - INFO - num_numerical: 12
2025-01-04 09:51:26,839 - WARNING -  * Debugger is active!
2025-01-04 09:51:26,840 - INFO -  * Debugger PIN: 723-194-374
2025-01-04 09:51:31,609 - INFO -  * Detected change in '/home/martinson/Lhydra_rs/data_engineered_v3/rs_main_v2_refactored/evaluate_model.py', reloading
2025-01-04 09:51:31,612 - INFO -  * Detected change in '/home/martinson/Lhydra_rs/data_engineered_v3/rs_main_v2_refactored/evaluate_model.py', reloading
2025-01-04 09:51:31,627 - INFO -  * Detected change in '/home/martinson/Lhydra_rs/data_engineered_v3/rs_main_v2_refactored/evaluate_model.py', reloading
2025-01-04 09:51:33,583 - INFO -  * Restarting with watchdog (inotify)
2025-01-04 09:51:44,872 - INFO - Loading model from /home/martinson/Lhydra_rs/data_engineered_v3/rs_main_v2_refactored/checkpoints/best_model.pth
2025-01-04 09:51:44,917 - INFO - Model loaded successfully
2025-01-04 09:51:45,028 - INFO - Encoder class counts:
2025-01-04 09:51:45,029 - INFO - user_encoder: 9717
2025-01-04 09:51:45,029 - INFO - music_encoder: 9373
2025-01-04 09:51:45,029 - INFO - artist_encoder: 5059
2025-01-04 09:51:45,029 - INFO - genre_encoder: 12
2025-01-04 09:51:45,030 - INFO - Model dimensions from state dict:
2025-01-04 09:51:45,030 - INFO - num_users: 7773
2025-01-04 09:51:45,030 - INFO - num_music: 9324
2025-01-04 09:51:45,030 - INFO - num_artists: 4482
2025-01-04 09:51:45,030 - INFO - num_genres: 12
2025-01-04 09:51:45,030 - INFO - num_numerical: 12
2025-01-04 09:51:45,100 - WARNING -  * Debugger is active!
2025-01-04 09:51:45,101 - INFO -  * Debugger PIN: 723-194-374
2025-01-04 09:52:42,586 - INFO -  * Detected change in '/home/martinson/Lhydra_rs/data_engineered_v3/rs_main_v2_refactored/generate_recommendations.py', reloading
2025-01-04 09:52:42,587 - INFO -  * Detected change in '/home/martinson/Lhydra_rs/data_engineered_v3/rs_main_v2_refactored/generate_recommendations.py', reloading
2025-01-04 09:52:42,594 - INFO -  * Detected change in '/home/martinson/Lhydra_rs/data_engineered_v3/rs_main_v2_refactored/generate_recommendations.py', reloading
2025-01-04 09:52:44,161 - INFO -  * Restarting with watchdog (inotify)
2025-01-04 09:52:50,006 - INFO - Loading model from /home/martinson/Lhydra_rs/data_engineered_v3/rs_main_v2_refactored/checkpoints/best_model.pth
2025-01-04 09:52:50,041 - INFO - Model loaded successfully
2025-01-04 09:52:50,074 - INFO - Encoder class counts:
2025-01-04 09:52:50,075 - INFO - user_encoder: 9717
2025-01-04 09:52:50,075 - INFO - music_encoder: 9373
2025-01-04 09:52:50,075 - INFO - artist_encoder: 5059
2025-01-04 09:52:50,076 - INFO - genre_encoder: 12
2025-01-04 09:52:50,076 - INFO - Model dimensions from state dict:
2025-01-04 09:52:50,077 - INFO - num_users: 7773
2025-01-04 09:52:50,078 - INFO - num_music: 9324
2025-01-04 09:52:50,078 - INFO - num_artists: 4482
2025-01-04 09:52:50,079 - INFO - num_genres: 12
2025-01-04 09:52:50,079 - INFO - num_numerical: 12
2025-01-04 09:52:50,235 - WARNING -  * Debugger is active!
2025-01-04 09:52:50,238 - INFO -  * Debugger PIN: 723-194-374
2025-01-04 09:53:25,596 - INFO -  * Detected change in '/home/martinson/Lhydra_rs/data_engineered_v3/rs_main_v2_refactored/generate_recommendations.py', reloading
2025-01-04 09:53:25,600 - INFO -  * Detected change in '/home/martinson/Lhydra_rs/data_engineered_v3/rs_main_v2_refactored/generate_recommendations.py', reloading
2025-01-04 09:53:25,611 - INFO -  * Detected change in '/home/martinson/Lhydra_rs/data_engineered_v3/rs_main_v2_refactored/generate_recommendations.py', reloading
2025-01-04 09:53:27,377 - INFO -  * Restarting with watchdog (inotify)
2025-01-04 09:53:36,086 - INFO - Loading model from /home/martinson/Lhydra_rs/data_engineered_v3/rs_main_v2_refactored/checkpoints/best_model.pth
2025-01-04 09:53:36,240 - INFO - Model loaded successfully
2025-01-04 09:53:36,284 - INFO - Encoder class counts:
2025-01-04 09:53:36,285 - INFO - user_encoder: 9717
2025-01-04 09:53:36,285 - INFO - music_encoder: 9373
2025-01-04 09:53:36,285 - INFO - artist_encoder: 5059
2025-01-04 09:53:36,285 - INFO - genre_encoder: 12
2025-01-04 09:53:36,285 - INFO - Model dimensions from state dict:
2025-01-04 09:53:36,286 - INFO - num_users: 7773
2025-01-04 09:53:36,286 - INFO - num_music: 9324
2025-01-04 09:53:36,286 - INFO - num_artists: 4482
2025-01-04 09:53:36,287 - INFO - num_genres: 12
2025-01-04 09:53:36,287 - INFO - num_numerical: 12
2025-01-04 09:53:36,419 - WARNING -  * Debugger is active!
2025-01-04 09:53:36,424 - INFO -  * Debugger PIN: 723-194-374
2025-01-04 09:54:20,511 - INFO -  * Detected change in '/home/martinson/Lhydra_rs/data_engineered_v3/rs_main_v2_refactored/train_model.py', reloading
2025-01-04 09:54:20,521 - INFO -  * Detected change in '/home/martinson/Lhydra_rs/data_engineered_v3/rs_main_v2_refactored/train_model.py', reloading
2025-01-04 09:54:20,530 - INFO -  * Detected change in '/home/martinson/Lhydra_rs/data_engineered_v3/rs_main_v2_refactored/train_model.py', reloading
2025-01-04 09:54:22,625 - INFO -  * Restarting with watchdog (inotify)
2025-01-04 09:54:29,451 - INFO - Loading model from /home/martinson/Lhydra_rs/data_engineered_v3/rs_main_v2_refactored/checkpoints/best_model.pth
2025-01-04 09:54:29,531 - INFO - Model loaded successfully
2025-01-04 09:54:29,564 - INFO - Encoder class counts:
2025-01-04 09:54:29,564 - INFO - user_encoder: 9717
2025-01-04 09:54:29,564 - INFO - music_encoder: 9373
2025-01-04 09:54:29,564 - INFO - artist_encoder: 5059
2025-01-04 09:54:29,565 - INFO - genre_encoder: 12
2025-01-04 09:54:29,565 - INFO - Model dimensions from state dict:
2025-01-04 09:54:29,565 - INFO - num_users: 7773
2025-01-04 09:54:29,565 - INFO - num_music: 9324
2025-01-04 09:54:29,565 - INFO - num_artists: 4482
2025-01-04 09:54:29,565 - INFO - num_genres: 12
2025-01-04 09:54:29,566 - INFO - num_numerical: 12
2025-01-04 09:54:29,799 - WARNING -  * Debugger is active!
2025-01-04 09:54:29,799 - INFO -  * Debugger PIN: 723-194-374
2025-01-04 09:54:32,389 - INFO -  * Detected change in '/home/martinson/Lhydra_rs/data_engineered_v3/rs_main_v2_refactored/train_model.py', reloading
2025-01-04 09:54:32,395 - INFO -  * Detected change in '/home/martinson/Lhydra_rs/data_engineered_v3/rs_main_v2_refactored/train_model.py', reloading
2025-01-04 09:54:32,407 - INFO -  * Detected change in '/home/martinson/Lhydra_rs/data_engineered_v3/rs_main_v2_refactored/train_model.py', reloading
2025-01-04 09:54:33,860 - INFO -  * Restarting with watchdog (inotify)
2025-01-04 09:54:44,533 - INFO - Loading model from /home/martinson/Lhydra_rs/data_engineered_v3/rs_main_v2_refactored/checkpoints/best_model.pth
2025-01-04 09:54:44,594 - INFO - Model loaded successfully
2025-01-04 09:54:44,681 - INFO - Encoder class counts:
2025-01-04 09:54:44,681 - INFO - user_encoder: 9717
2025-01-04 09:54:44,682 - INFO - music_encoder: 9373
2025-01-04 09:54:44,682 - INFO - artist_encoder: 5059
2025-01-04 09:54:44,682 - INFO - genre_encoder: 12
2025-01-04 09:54:44,683 - INFO - Model dimensions from state dict:
2025-01-04 09:54:44,684 - INFO - num_users: 7773
2025-01-04 09:54:44,685 - INFO - num_music: 9324
2025-01-04 09:54:44,685 - INFO - num_artists: 4482
2025-01-04 09:54:44,691 - INFO - num_genres: 12
2025-01-04 09:54:44,696 - INFO - num_numerical: 12
2025-01-04 09:54:44,836 - WARNING -  * Debugger is active!
2025-01-04 09:54:44,837 - INFO -  * Debugger PIN: 723-194-374
2025-01-04 09:54:48,066 - INFO -  * Detected change in '/home/martinson/Lhydra_rs/data_engineered_v3/rs_main_v2_refactored/train_model.py', reloading
2025-01-04 09:54:48,068 - INFO -  * Detected change in '/home/martinson/Lhydra_rs/data_engineered_v3/rs_main_v2_refactored/train_model.py', reloading
2025-01-04 09:54:48,147 - INFO -  * Detected change in '/home/martinson/Lhydra_rs/data_engineered_v3/rs_main_v2_refactored/train_model.py', reloading
2025-01-04 09:54:49,801 - INFO -  * Restarting with watchdog (inotify)
2025-01-04 09:54:58,746 - INFO - Loading model from /home/martinson/Lhydra_rs/data_engineered_v3/rs_main_v2_refactored/checkpoints/best_model.pth
2025-01-04 09:54:58,799 - INFO - Model loaded successfully
2025-01-04 09:54:58,819 - INFO - Encoder class counts:
2025-01-04 09:54:58,820 - INFO - user_encoder: 9717
2025-01-04 09:54:58,820 - INFO - music_encoder: 9373
2025-01-04 09:54:58,820 - INFO - artist_encoder: 5059
2025-01-04 09:54:58,821 - INFO - genre_encoder: 12
2025-01-04 09:54:58,821 - INFO - Model dimensions from state dict:
2025-01-04 09:54:58,821 - INFO - num_users: 7773
2025-01-04 09:54:58,821 - INFO - num_music: 9324
2025-01-04 09:54:58,822 - INFO - num_artists: 4482
2025-01-04 09:54:58,822 - INFO - num_genres: 12
2025-01-04 09:54:58,822 - INFO - num_numerical: 12
2025-01-04 09:54:58,932 - WARNING -  * Debugger is active!
2025-01-04 09:54:58,933 - INFO -  * Debugger PIN: 723-194-374
2025-01-04 09:55:23,532 - INFO -  * Detected change in '/home/martinson/Lhydra_rs/data_engineered_v3/rs_main_v2_refactored/train_model.py', reloading
2025-01-04 09:55:23,534 - INFO -  * Detected change in '/home/martinson/Lhydra_rs/data_engineered_v3/rs_main_v2_refactored/train_model.py', reloading
2025-01-04 09:55:23,542 - INFO -  * Detected change in '/home/martinson/Lhydra_rs/data_engineered_v3/rs_main_v2_refactored/train_model.py', reloading
2025-01-04 09:55:25,003 - INFO -  * Restarting with watchdog (inotify)
2025-01-04 09:55:31,025 - INFO - Loading model from /home/martinson/Lhydra_rs/data_engineered_v3/rs_main_v2_refactored/checkpoints/best_model.pth
2025-01-04 09:55:31,119 - INFO - Model loaded successfully
2025-01-04 09:55:31,160 - INFO - Encoder class counts:
2025-01-04 09:55:31,160 - INFO - user_encoder: 9717
2025-01-04 09:55:31,160 - INFO - music_encoder: 9373
2025-01-04 09:55:31,160 - INFO - artist_encoder: 5059
2025-01-04 09:55:31,161 - INFO - genre_encoder: 12
2025-01-04 09:55:31,161 - INFO - Model dimensions from state dict:
2025-01-04 09:55:31,161 - INFO - num_users: 7773
2025-01-04 09:55:31,161 - INFO - num_music: 9324
2025-01-04 09:55:31,161 - INFO - num_artists: 4482
2025-01-04 09:55:31,161 - INFO - num_genres: 12
2025-01-04 09:55:31,162 - INFO - num_numerical: 12
2025-01-04 09:55:31,274 - WARNING -  * Debugger is active!
2025-01-04 09:55:31,278 - INFO -  * Debugger PIN: 723-194-374
2025-01-04 09:55:41,566 - INFO -  * Detected change in '/home/martinson/Lhydra_rs/data_engineered_v3/rs_main_v2_refactored/train_model.py', reloading
2025-01-04 09:55:41,569 - INFO -  * Detected change in '/home/martinson/Lhydra_rs/data_engineered_v3/rs_main_v2_refactored/train_model.py', reloading
2025-01-04 09:55:41,602 - INFO -  * Detected change in '/home/martinson/Lhydra_rs/data_engineered_v3/rs_main_v2_refactored/train_model.py', reloading
2025-01-04 09:55:43,196 - INFO -  * Restarting with watchdog (inotify)
2025-01-04 09:55:51,960 - INFO - Loading model from /home/martinson/Lhydra_rs/data_engineered_v3/rs_main_v2_refactored/checkpoints/best_model.pth
2025-01-04 09:55:52,044 - INFO - Model loaded successfully
2025-01-04 09:55:52,067 - INFO - Encoder class counts:
2025-01-04 09:55:52,068 - INFO - user_encoder: 9717
2025-01-04 09:55:52,068 - INFO - music_encoder: 9373
2025-01-04 09:55:52,068 - INFO - artist_encoder: 5059
2025-01-04 09:55:52,068 - INFO - genre_encoder: 12
2025-01-04 09:55:52,068 - INFO - Model dimensions from state dict:
2025-01-04 09:55:52,069 - INFO - num_users: 7773
2025-01-04 09:55:52,069 - INFO - num_music: 9324
2025-01-04 09:55:52,069 - INFO - num_artists: 4482
2025-01-04 09:55:52,069 - INFO - num_genres: 12
2025-01-04 09:55:52,070 - INFO - num_numerical: 12
2025-01-04 09:55:52,148 - WARNING -  * Debugger is active!
2025-01-04 09:55:52,149 - INFO -  * Debugger PIN: 723-194-374
2025-01-04 09:55:57,999 - INFO -  * Detected change in '/home/martinson/Lhydra_rs/data_engineered_v3/rs_main_v2_refactored/train_model.py', reloading
2025-01-04 09:55:58,001 - INFO -  * Detected change in '/home/martinson/Lhydra_rs/data_engineered_v3/rs_main_v2_refactored/train_model.py', reloading
2025-01-04 09:55:58,022 - INFO -  * Detected change in '/home/martinson/Lhydra_rs/data_engineered_v3/rs_main_v2_refactored/train_model.py', reloading
2025-01-04 09:55:59,542 - INFO -  * Restarting with watchdog (inotify)
2025-01-04 09:56:05,833 - INFO - Loading model from /home/martinson/Lhydra_rs/data_engineered_v3/rs_main_v2_refactored/checkpoints/best_model.pth
2025-01-04 09:56:05,979 - INFO - Model loaded successfully
2025-01-04 09:56:06,001 - INFO - Encoder class counts:
2025-01-04 09:56:06,001 - INFO - user_encoder: 9717
2025-01-04 09:56:06,003 - INFO - music_encoder: 9373
2025-01-04 09:56:06,003 - INFO - artist_encoder: 5059
2025-01-04 09:56:06,003 - INFO - genre_encoder: 12
2025-01-04 09:56:06,004 - INFO - Model dimensions from state dict:
2025-01-04 09:56:06,004 - INFO - num_users: 7773
2025-01-04 09:56:06,004 - INFO - num_music: 9324
2025-01-04 09:56:06,004 - INFO - num_artists: 4482
2025-01-04 09:56:06,005 - INFO - num_genres: 12
2025-01-04 09:56:06,005 - INFO - num_numerical: 12
2025-01-04 09:56:06,071 - WARNING -  * Debugger is active!
2025-01-04 09:56:06,071 - INFO -  * Debugger PIN: 723-194-374
2025-01-04 09:56:09,011 - INFO -  * Detected change in '/home/martinson/Lhydra_rs/data_engineered_v3/rs_main_v2_refactored/train_model.py', reloading
2025-01-04 09:56:09,012 - INFO -  * Detected change in '/home/martinson/Lhydra_rs/data_engineered_v3/rs_main_v2_refactored/train_model.py', reloading
2025-01-04 09:56:09,016 - INFO -  * Detected change in '/home/martinson/Lhydra_rs/data_engineered_v3/rs_main_v2_refactored/train_model.py', reloading
2025-01-04 09:56:11,169 - INFO -  * Restarting with watchdog (inotify)
2025-01-04 09:56:17,156 - INFO - Loading model from /home/martinson/Lhydra_rs/data_engineered_v3/rs_main_v2_refactored/checkpoints/best_model.pth
2025-01-04 09:56:17,203 - INFO - Model loaded successfully
2025-01-04 09:56:17,217 - INFO - Encoder class counts:
2025-01-04 09:56:17,217 - INFO - user_encoder: 9717
2025-01-04 09:56:17,217 - INFO - music_encoder: 9373
2025-01-04 09:56:17,217 - INFO - artist_encoder: 5059
2025-01-04 09:56:17,217 - INFO - genre_encoder: 12
2025-01-04 09:56:17,218 - INFO - Model dimensions from state dict:
2025-01-04 09:56:17,218 - INFO - num_users: 7773
2025-01-04 09:56:17,218 - INFO - num_music: 9324
2025-01-04 09:56:17,218 - INFO - num_artists: 4482
2025-01-04 09:56:17,218 - INFO - num_genres: 12
2025-01-04 09:56:17,218 - INFO - num_numerical: 12
2025-01-04 09:56:17,266 - WARNING -  * Debugger is active!
2025-01-04 09:56:17,267 - INFO -  * Debugger PIN: 723-194-374
2025-01-04 09:56:20,205 - INFO -  * Detected change in '/home/martinson/Lhydra_rs/data_engineered_v3/rs_main_v2_refactored/train_model.py', reloading
2025-01-04 09:56:20,207 - INFO -  * Detected change in '/home/martinson/Lhydra_rs/data_engineered_v3/rs_main_v2_refactored/train_model.py', reloading
2025-01-04 09:56:20,221 - INFO -  * Detected change in '/home/martinson/Lhydra_rs/data_engineered_v3/rs_main_v2_refactored/train_model.py', reloading
2025-01-04 09:56:21,917 - INFO -  * Restarting with watchdog (inotify)
2025-01-04 09:56:27,915 - INFO - Loading model from /home/martinson/Lhydra_rs/data_engineered_v3/rs_main_v2_refactored/checkpoints/best_model.pth
2025-01-04 09:56:27,961 - INFO - Model loaded successfully
2025-01-04 09:56:28,001 - INFO - Encoder class counts:
2025-01-04 09:56:28,002 - INFO - user_encoder: 9717
2025-01-04 09:56:28,002 - INFO - music_encoder: 9373
2025-01-04 09:56:28,002 - INFO - artist_encoder: 5059
2025-01-04 09:56:28,003 - INFO - genre_encoder: 12
2025-01-04 09:56:28,003 - INFO - Model dimensions from state dict:
2025-01-04 09:56:28,003 - INFO - num_users: 7773
2025-01-04 09:56:28,003 - INFO - num_music: 9324
2025-01-04 09:56:28,004 - INFO - num_artists: 4482
2025-01-04 09:56:28,005 - INFO - num_genres: 12
2025-01-04 09:56:28,005 - INFO - num_numerical: 12
2025-01-04 09:56:28,082 - WARNING -  * Debugger is active!
2025-01-04 09:56:28,085 - INFO -  * Debugger PIN: 723-194-374
2025-01-04 09:57:06,426 - INFO - 192.168.96.1 - - [04/Jan/2025 09:57:06] "OPTIONS /api/recommendations HTTP/1.1" 200 -
2025-01-04 09:57:06,472 - WARNING - Error encoding user ID: y contains previously unseen labels: 'francis.martinson@ndsu.edu'
2025-01-04 09:57:06,473 - WARNING - Using default encoding (0)
2025-01-04 09:57:06,515 - WARNING - Error in transform: y contains previously unseen labels: '0'
2025-01-04 09:57:06,516 - WARNING - Using default value 0 for 13421 items
2025-01-04 09:57:09,451 - INFO - 192.168.96.1 - - [04/Jan/2025 09:57:09] "POST /api/recommendations HTTP/1.1" 200 -
2025-01-04 10:19:26,691 - INFO - 192.168.96.1 - - [04/Jan/2025 10:19:26] "OPTIONS /api/recommendations HTTP/1.1" 200 -
2025-01-04 10:19:26,732 - WARNING - Error encoding user ID: y contains previously unseen labels: 'francis.martinson@ndsu.edu'
2025-01-04 10:19:26,733 - WARNING - Using default encoding (0)
2025-01-04 10:19:26,750 - WARNING - Error in transform: y contains previously unseen labels: '0'
2025-01-04 10:19:26,751 - WARNING - Using default value 0 for 13421 items
2025-01-04 10:19:28,800 - INFO - 192.168.96.1 - - [04/Jan/2025 10:19:28] "POST /api/recommendations HTTP/1.1" 200 -
2025-01-04 10:19:48,494 - INFO - 192.168.96.1 - - [04/Jan/2025 10:19:48] "OPTIONS /api/recommendations HTTP/1.1" 200 -
2025-01-04 10:19:48,528 - WARNING - Error encoding user ID: y contains previously unseen labels: 'francis.martinson@ndsu.edu'
2025-01-04 10:19:48,530 - WARNING - Using default encoding (0)
2025-01-04 10:19:48,568 - WARNING - Error in transform: y contains previously unseen labels: '0'
2025-01-04 10:19:48,569 - WARNING - Using default value 0 for 13421 items
2025-01-04 10:19:54,086 - INFO - 192.168.96.1 - - [04/Jan/2025 10:19:54] "POST /api/recommendations HTTP/1.1" 200 -
2025-01-04 10:20:36,072 - INFO - 192.168.96.1 - - [04/Jan/2025 10:20:36] "OPTIONS /api/recommendations HTTP/1.1" 200 -
2025-01-04 10:20:36,100 - WARNING - Error encoding user ID: y contains previously unseen labels: 'francis.martinson@ndsu.edu'
2025-01-04 10:20:36,111 - WARNING - Using default encoding (0)
2025-01-04 10:20:36,157 - WARNING - Error in transform: y contains previously unseen labels: '0'
2025-01-04 10:20:36,159 - WARNING - Using default value 0 for 13421 items
2025-01-04 10:20:40,894 - INFO - 192.168.96.1 - - [04/Jan/2025 10:20:40] "POST /api/recommendations HTTP/1.1" 200 -
2025-01-04 10:21:04,936 - INFO - 192.168.96.1 - - [04/Jan/2025 10:21:04] "OPTIONS /api/recommendations HTTP/1.1" 200 -
2025-01-04 10:21:04,992 - WARNING - Error encoding user ID: y contains previously unseen labels: 'francis.martinson@ndsu.edu'
2025-01-04 10:21:04,992 - WARNING - Using default encoding (0)
2025-01-04 10:21:05,027 - WARNING - Error in transform: y contains previously unseen labels: '0'
2025-01-04 10:21:05,027 - WARNING - Using default value 0 for 13421 items
2025-01-04 10:21:08,376 - INFO - 192.168.96.1 - - [04/Jan/2025 10:21:08] "POST /api/recommendations HTTP/1.1" 200 -
2025-01-04 10:21:40,325 - INFO - 192.168.96.1 - - [04/Jan/2025 10:21:40] "OPTIONS /api/recommendations HTTP/1.1" 200 -
2025-01-04 10:21:40,388 - WARNING - Error encoding user ID: y contains previously unseen labels: 'francis.martinson@ndsu.edu'
2025-01-04 10:21:40,390 - WARNING - Using default encoding (0)
2025-01-04 10:21:40,437 - WARNING - Error in transform: y contains previously unseen labels: '0'
2025-01-04 10:21:40,438 - WARNING - Using default value 0 for 13421 items
2025-01-04 10:21:42,401 - INFO - 192.168.96.1 - - [04/Jan/2025 10:21:42] "POST /api/recommendations HTTP/1.1" 200 -
2025-01-04 10:22:00,318 - INFO - 192.168.96.1 - - [04/Jan/2025 10:22:00] "OPTIONS /api/recommendations HTTP/1.1" 200 -
2025-01-04 10:22:00,337 - WARNING - Error encoding user ID: y contains previously unseen labels: 'francis.martinson@ndsu.edu'
2025-01-04 10:22:00,337 - WARNING - Using default encoding (0)
2025-01-04 10:22:00,356 - WARNING - Error in transform: y contains previously unseen labels: '0'
2025-01-04 10:22:00,357 - WARNING - Using default value 0 for 13421 items
2025-01-04 10:22:02,353 - INFO - 192.168.96.1 - - [04/Jan/2025 10:22:02] "POST /api/recommendations HTTP/1.1" 200 -
2025-01-04 10:23:04,620 - INFO - 192.168.96.1 - - [04/Jan/2025 10:23:04] "OPTIONS /api/recommendations HTTP/1.1" 200 -
2025-01-04 10:23:04,660 - WARNING - Error encoding user ID: y contains previously unseen labels: 'francis.martinson@ndsu.edu'
2025-01-04 10:23:04,662 - WARNING - Using default encoding (0)
2025-01-04 10:23:04,714 - WARNING - Error in transform: y contains previously unseen labels: '0'
2025-01-04 10:23:04,717 - WARNING - Using default value 0 for 13421 items
2025-01-04 10:23:07,010 - INFO - 192.168.96.1 - - [04/Jan/2025 10:23:07] "POST /api/recommendations HTTP/1.1" 200 -
2025-01-04 10:23:34,323 - INFO - 192.168.96.1 - - [04/Jan/2025 10:23:34] "OPTIONS /api/recommendations HTTP/1.1" 200 -
2025-01-04 10:23:34,391 - WARNING - Error encoding user ID: y contains previously unseen labels: 'francis.martinson@ndsu.edu'
2025-01-04 10:23:34,394 - WARNING - Using default encoding (0)
2025-01-04 10:23:38,088 - WARNING - Error in transform: y contains previously unseen labels: '0'
2025-01-04 10:23:38,089 - WARNING - Using default value 0 for 13421 items
2025-01-04 10:23:40,958 - INFO - 192.168.96.1 - - [04/Jan/2025 10:23:40] "POST /api/recommendations HTTP/1.1" 200 -
2025-01-04 10:46:49,715 - INFO - 192.168.96.1 - - [04/Jan/2025 10:46:49] "OPTIONS /api/recommendations HTTP/1.1" 200 -
2025-01-04 10:46:49,790 - WARNING - Error encoding user ID: y contains previously unseen labels: 'francis.martinson@ndsu.edu'
2025-01-04 10:46:49,792 - WARNING - Using default encoding (0)
2025-01-04 10:46:49,855 - WARNING - Error in transform: y contains previously unseen labels: '0'
2025-01-04 10:46:49,856 - WARNING - Using default value 0 for 13421 items
2025-01-04 10:46:53,632 - INFO - 192.168.96.1 - - [04/Jan/2025 10:46:53] "POST /api/recommendations HTTP/1.1" 200 -
2025-01-04 10:47:45,435 - INFO - 192.168.96.1 - - [04/Jan/2025 10:47:45] "OPTIONS /api/recommendations HTTP/1.1" 200 -
2025-01-04 10:47:45,479 - WARNING - Error encoding user ID: y contains previously unseen labels: 'francis.martinson@ndsu.edu'
2025-01-04 10:47:45,481 - WARNING - Using default encoding (0)
2025-01-04 10:47:45,535 - WARNING - Error in transform: y contains previously unseen labels: '0'
2025-01-04 10:47:45,537 - WARNING - Using default value 0 for 13421 items
2025-01-04 10:47:47,592 - INFO - 192.168.96.1 - - [04/Jan/2025 10:47:47] "POST /api/recommendations HTTP/1.1" 200 -
2025-01-04 10:48:06,370 - INFO - 192.168.96.1 - - [04/Jan/2025 10:48:06] "OPTIONS /api/recommendations HTTP/1.1" 200 -
2025-01-04 10:48:06,387 - WARNING - Error encoding user ID: y contains previously unseen labels: 'francis.martinson@ndsu.edu'
2025-01-04 10:48:06,388 - WARNING - Using default encoding (0)
2025-01-04 10:48:06,409 - WARNING - Error in transform: y contains previously unseen labels: '0'
2025-01-04 10:48:06,410 - WARNING - Using default value 0 for 13421 items
2025-01-04 10:48:08,201 - INFO - 192.168.96.1 - - [04/Jan/2025 10:48:08] "POST /api/recommendations HTTP/1.1" 200 -
2025-01-04 10:48:14,053 - INFO - 192.168.96.1 - - [04/Jan/2025 10:48:14] "OPTIONS /api/recommendations HTTP/1.1" 200 -
2025-01-04 10:48:14,082 - WARNING - Error encoding user ID: y contains previously unseen labels: 'francis.martinson@ndsu.edu'
2025-01-04 10:48:14,083 - WARNING - Using default encoding (0)
2025-01-04 10:48:14,113 - WARNING - Error in transform: y contains previously unseen labels: '0'
2025-01-04 10:48:14,116 - WARNING - Using default value 0 for 13421 items
2025-01-04 10:48:16,155 - INFO - 192.168.96.1 - - [04/Jan/2025 10:48:16] "POST /api/recommendations HTTP/1.1" 200 -
2025-01-04 10:48:36,778 - INFO - 192.168.96.1 - - [04/Jan/2025 10:48:36] "OPTIONS /api/recommendations HTTP/1.1" 200 -
2025-01-04 10:48:36,838 - WARNING - Error encoding user ID: y contains previously unseen labels: 'francis.martinson@ndsu.edu'
2025-01-04 10:48:36,839 - WARNING - Using default encoding (0)
2025-01-04 10:48:36,868 - WARNING - Error in transform: y contains previously unseen labels: '0'
2025-01-04 10:48:36,869 - WARNING - Using default value 0 for 13421 items
2025-01-04 10:48:39,109 - INFO - 192.168.96.1 - - [04/Jan/2025 10:48:39] "POST /api/recommendations HTTP/1.1" 200 -
2025-01-04 10:48:52,618 - INFO - 192.168.96.1 - - [04/Jan/2025 10:48:52] "OPTIONS /api/recommendations HTTP/1.1" 200 -
2025-01-04 10:48:52,669 - WARNING - Error encoding user ID: y contains previously unseen labels: 'francis.martinson@ndsu.edu'
2025-01-04 10:48:52,670 - WARNING - Using default encoding (0)
2025-01-04 10:48:52,716 - WARNING - Error in transform: y contains previously unseen labels: '0'
2025-01-04 10:48:52,718 - WARNING - Using default value 0 for 13421 items
2025-01-04 10:48:54,515 - INFO - 192.168.96.1 - - [04/Jan/2025 10:48:54] "POST /api/recommendations HTTP/1.1" 200 -
2025-01-04 15:49:54,952 - INFO - Root directory: /home/martinson/Lhydra_rs/data_engineered_v3
2025-01-04 15:49:54,953 - INFO - Model path: /home/martinson/Lhydra_rs/data_engineered_v3/data_engineered_v3/rs_main_v2_refactored/checkpoints/best_model.pth
2025-01-04 15:49:54,953 - INFO - Data path: /home/martinson/Lhydra_rs/data_engineered_v3/data/test_data.csv
2025-01-04 15:49:54,954 - INFO - Encoders path: /home/martinson/Lhydra_rs/data_engineered_v3/data/data_encoders.pt
2025-01-04 15:49:54,968 - ERROR - Error loading model: [Errno 2] No such file or directory: '/home/martinson/Lhydra_rs/data_engineered_v3/data/test_data.csv'
2025-01-04 15:57:21,162 - INFO - Loading model from /home/martinson/Lhydra_rs/data_engineered_v3/rs_main_v2_refactored/checkpoints/best_model.pth
2025-01-04 15:57:22,424 - INFO - Model loaded successfully
2025-01-04 15:57:22,458 - INFO - Encoder class counts:
2025-01-04 15:57:22,458 - INFO - user_encoder: 9717
2025-01-04 15:57:22,459 - INFO - music_encoder: 9373
2025-01-04 15:57:22,459 - INFO - artist_encoder: 5059
2025-01-04 15:57:22,459 - INFO - genre_encoder: 12
2025-01-04 15:57:22,460 - INFO - Model dimensions from state dict:
2025-01-04 15:57:22,460 - INFO - num_users: 7773
2025-01-04 15:57:22,461 - INFO - num_music: 9324
2025-01-04 15:57:22,463 - INFO - num_artists: 4482
2025-01-04 15:57:22,463 - INFO - num_genres: 12
2025-01-04 15:57:22,464 - INFO - num_numerical: 12
2025-01-04 15:57:22,630 - INFO - [31m[1mWARNING: This is a development server. Do not use it in a production deployment. Use a production WSGI server instead.[0m
 * Running on all addresses (0.0.0.0)
 * Running on http://127.0.0.1:5000
 * Running on http://192.168.100.216:5000
2025-01-04 15:57:22,630 - INFO - [33mPress CTRL+C to quit[0m
2025-01-04 15:57:22,648 - INFO -  * Restarting with watchdog (inotify)
2025-01-04 15:57:28,856 - INFO - Loading model from /home/martinson/Lhydra_rs/data_engineered_v3/rs_main_v2_refactored/checkpoints/best_model.pth
2025-01-04 15:57:30,656 - INFO - Model loaded successfully
2025-01-04 15:57:30,829 - INFO - Encoder class counts:
2025-01-04 15:57:30,829 - INFO - user_encoder: 9717
2025-01-04 15:57:30,830 - INFO - music_encoder: 9373
2025-01-04 15:57:30,830 - INFO - artist_encoder: 5059
2025-01-04 15:57:30,839 - INFO - genre_encoder: 12
2025-01-04 15:57:30,839 - INFO - Model dimensions from state dict:
2025-01-04 15:57:30,839 - INFO - num_users: 7773
2025-01-04 15:57:30,840 - INFO - num_music: 9324
2025-01-04 15:57:30,840 - INFO - num_artists: 4482
2025-01-04 15:57:30,840 - INFO - num_genres: 12
2025-01-04 15:57:30,840 - INFO - num_numerical: 12
2025-01-04 15:57:31,329 - WARNING -  * Debugger is active!
2025-01-04 15:57:31,340 - INFO -  * Debugger PIN: 110-953-194
2025-01-04 15:57:39,271 - INFO - 127.0.0.1 - - [04/Jan/2025 15:57:39] "[33mGET / HTTP/1.1[0m" 404 -
2025-01-04 15:57:42,820 - INFO - 127.0.0.1 - - [04/Jan/2025 15:57:42] "[33mGET /favicon.ico HTTP/1.1[0m" 404 -
2025-01-04 15:58:39,531 - INFO - 192.168.96.1 - - [04/Jan/2025 15:58:39] "GET /api/health HTTP/1.1" 200 -
2025-01-04 15:58:41,616 - INFO - 192.168.96.1 - - [04/Jan/2025 15:58:41] "GET /api/health HTTP/1.1" 200 -
2025-01-04 15:58:45,160 - INFO - 192.168.96.1 - - [04/Jan/2025 15:58:45] "OPTIONS /api/recommendations HTTP/1.1" 200 -
2025-01-04 15:58:45,223 - WARNING - Error encoding user ID: y contains previously unseen labels: '121'
2025-01-04 15:58:45,229 - WARNING - Using default encoding (0)
2025-01-04 15:58:45,259 - ERROR - Error generating recommendations: MusicRecommenderDataset.__init__() got an unexpected keyword argument 'embedding_dims'
2025-01-04 15:58:45,262 - INFO - 192.168.96.1 - - [04/Jan/2025 15:58:45] "[35m[1mPOST /api/recommendations HTTP/1.1[0m" 500 -
2025-01-04 15:59:58,050 - INFO -  * Detected change in '/home/martinson/Lhydra_rs/data_engineered_v3/rs_main_v2_refactored/data_utils.py', reloading
2025-01-04 15:59:58,056 - INFO -  * Detected change in '/home/martinson/Lhydra_rs/data_engineered_v3/rs_main_v2_refactored/data_utils.py', reloading
2025-01-04 15:59:58,070 - INFO -  * Detected change in '/home/martinson/Lhydra_rs/data_engineered_v3/rs_main_v2_refactored/data_utils.py', reloading
2025-01-04 16:00:00,135 - INFO -  * Restarting with watchdog (inotify)
2025-01-04 16:00:07,407 - INFO - Loading model from /home/martinson/Lhydra_rs/data_engineered_v3/rs_main_v2_refactored/checkpoints/best_model.pth
2025-01-04 16:00:07,988 - INFO - Model loaded successfully
2025-01-04 16:00:08,056 - INFO - Encoder class counts:
2025-01-04 16:00:08,057 - INFO - user_encoder: 9717
2025-01-04 16:00:08,057 - INFO - music_encoder: 9373
2025-01-04 16:00:08,058 - INFO - artist_encoder: 5059
2025-01-04 16:00:08,058 - INFO - genre_encoder: 12
2025-01-04 16:00:08,058 - INFO - Model dimensions from state dict:
2025-01-04 16:00:08,058 - INFO - num_users: 7773
2025-01-04 16:00:08,058 - INFO - num_music: 9324
2025-01-04 16:00:08,059 - INFO - num_artists: 4482
2025-01-04 16:00:08,059 - INFO - num_genres: 12
2025-01-04 16:00:08,059 - INFO - num_numerical: 12
2025-01-04 16:00:08,227 - WARNING -  * Debugger is active!
2025-01-04 16:00:08,235 - INFO -  * Debugger PIN: 110-953-194
2025-01-04 16:00:10,469 - INFO -  * Detected change in '/home/martinson/Lhydra_rs/data_engineered_v3/rs_main_v2_refactored/data_utils.py', reloading
2025-01-04 16:00:10,472 - INFO -  * Detected change in '/home/martinson/Lhydra_rs/data_engineered_v3/rs_main_v2_refactored/data_utils.py', reloading
2025-01-04 16:00:10,504 - INFO -  * Detected change in '/home/martinson/Lhydra_rs/data_engineered_v3/rs_main_v2_refactored/data_utils.py', reloading
2025-01-04 16:00:12,632 - INFO -  * Restarting with watchdog (inotify)
2025-01-04 16:00:18,993 - INFO - Loading model from /home/martinson/Lhydra_rs/data_engineered_v3/rs_main_v2_refactored/checkpoints/best_model.pth
2025-01-04 16:00:19,410 - INFO - Model loaded successfully
2025-01-04 16:00:19,440 - INFO - Encoder class counts:
2025-01-04 16:00:19,442 - INFO - user_encoder: 9717
2025-01-04 16:00:19,443 - INFO - music_encoder: 9373
2025-01-04 16:00:19,444 - INFO - artist_encoder: 5059
2025-01-04 16:00:19,445 - INFO - genre_encoder: 12
2025-01-04 16:00:19,447 - INFO - Model dimensions from state dict:
2025-01-04 16:00:19,448 - INFO - num_users: 7773
2025-01-04 16:00:19,449 - INFO - num_music: 9324
2025-01-04 16:00:19,449 - INFO - num_artists: 4482
2025-01-04 16:00:19,450 - INFO - num_genres: 12
2025-01-04 16:00:19,450 - INFO - num_numerical: 12
2025-01-04 16:00:19,593 - WARNING -  * Debugger is active!
2025-01-04 16:00:19,593 - INFO -  * Debugger PIN: 110-953-194
2025-01-04 16:00:25,748 - INFO - 192.168.96.1 - - [04/Jan/2025 16:00:25] "OPTIONS /api/recommendations HTTP/1.1" 200 -
2025-01-04 16:00:25,795 - WARNING - Error encoding user ID: y contains previously unseen labels: '121'
2025-01-04 16:00:25,796 - WARNING - Using default encoding (0)
2025-01-04 16:00:25,803 - ERROR - Error generating recommendations: MusicRecommenderDataset.__init__() got an unexpected keyword argument 'embedding_dims'
2025-01-04 16:00:25,806 - INFO - 192.168.96.1 - - [04/Jan/2025 16:00:25] "[35m[1mPOST /api/recommendations HTTP/1.1[0m" 500 -
2025-01-04 16:00:30,366 - INFO - 192.168.96.1 - - [04/Jan/2025 16:00:30] "GET /api/health HTTP/1.1" 200 -
2025-01-04 16:00:33,623 - INFO - 192.168.96.1 - - [04/Jan/2025 16:00:33] "OPTIONS /api/recommendations HTTP/1.1" 200 -
2025-01-04 16:00:33,708 - WARNING - Error encoding user ID: y contains previously unseen labels: '121'
2025-01-04 16:00:33,710 - WARNING - Using default encoding (0)
2025-01-04 16:00:33,725 - ERROR - Error generating recommendations: MusicRecommenderDataset.__init__() got an unexpected keyword argument 'embedding_dims'
2025-01-04 16:00:33,727 - INFO - 192.168.96.1 - - [04/Jan/2025 16:00:33] "[35m[1mPOST /api/recommendations HTTP/1.1[0m" 500 -
2025-01-04 16:00:58,042 - INFO -  * Detected change in '/home/martinson/Lhydra_rs/data_engineered_v3/rs_main_v2_refactored/evaluate_model.py', reloading
2025-01-04 16:00:58,044 - INFO -  * Detected change in '/home/martinson/Lhydra_rs/data_engineered_v3/rs_main_v2_refactored/evaluate_model.py', reloading
2025-01-04 16:00:58,071 - INFO -  * Detected change in '/home/martinson/Lhydra_rs/data_engineered_v3/rs_main_v2_refactored/evaluate_model.py', reloading
2025-01-04 16:01:01,974 - INFO -  * Restarting with watchdog (inotify)
2025-01-04 16:01:11,420 - INFO - Loading model from /home/martinson/Lhydra_rs/data_engineered_v3/rs_main_v2_refactored/checkpoints/best_model.pth
2025-01-04 16:01:12,142 - INFO - Model loaded successfully
2025-01-04 16:01:12,187 - INFO - Encoder class counts:
2025-01-04 16:01:12,187 - INFO - user_encoder: 9717
2025-01-04 16:01:12,188 - INFO - music_encoder: 9373
2025-01-04 16:01:12,188 - INFO - artist_encoder: 5059
2025-01-04 16:01:12,188 - INFO - genre_encoder: 12
2025-01-04 16:01:12,189 - INFO - Model dimensions from state dict:
2025-01-04 16:01:12,189 - INFO - num_users: 7773
2025-01-04 16:01:12,189 - INFO - num_music: 9324
2025-01-04 16:01:12,190 - INFO - num_artists: 4482
2025-01-04 16:01:12,191 - INFO - num_genres: 12
2025-01-04 16:01:12,191 - INFO - num_numerical: 12
2025-01-04 16:01:12,410 - WARNING -  * Debugger is active!
2025-01-04 16:01:12,411 - INFO -  * Debugger PIN: 110-953-194
2025-01-04 16:01:15,117 - INFO -  * Detected change in '/home/martinson/Lhydra_rs/data_engineered_v3/rs_main_v2_refactored/evaluate_model.py', reloading
2025-01-04 16:01:15,123 - INFO -  * Detected change in '/home/martinson/Lhydra_rs/data_engineered_v3/rs_main_v2_refactored/evaluate_model.py', reloading
2025-01-04 16:01:15,135 - INFO -  * Detected change in '/home/martinson/Lhydra_rs/data_engineered_v3/rs_main_v2_refactored/evaluate_model.py', reloading
2025-01-04 16:01:17,211 - INFO -  * Restarting with watchdog (inotify)
2025-01-04 16:01:24,255 - INFO - Loading model from /home/martinson/Lhydra_rs/data_engineered_v3/rs_main_v2_refactored/checkpoints/best_model.pth
2025-01-04 16:01:24,855 - INFO - Model loaded successfully
2025-01-04 16:01:24,902 - INFO - Encoder class counts:
2025-01-04 16:01:24,902 - INFO - user_encoder: 9717
2025-01-04 16:01:24,902 - INFO - music_encoder: 9373
2025-01-04 16:01:24,903 - INFO - artist_encoder: 5059
2025-01-04 16:01:24,903 - INFO - genre_encoder: 12
2025-01-04 16:01:24,903 - INFO - Model dimensions from state dict:
2025-01-04 16:01:24,903 - INFO - num_users: 7773
2025-01-04 16:01:24,903 - INFO - num_music: 9324
2025-01-04 16:01:24,904 - INFO - num_artists: 4482
2025-01-04 16:01:24,904 - INFO - num_genres: 12
2025-01-04 16:01:24,904 - INFO - num_numerical: 12
2025-01-04 16:01:25,055 - WARNING -  * Debugger is active!
2025-01-04 16:01:25,056 - INFO -  * Debugger PIN: 110-953-194
2025-01-04 16:01:32,286 - INFO -  * Detected change in '/home/martinson/Lhydra_rs/data_engineered_v3/rs_main_v2_refactored/evaluate_model.py', reloading
2025-01-04 16:01:32,288 - INFO -  * Detected change in '/home/martinson/Lhydra_rs/data_engineered_v3/rs_main_v2_refactored/evaluate_model.py', reloading
2025-01-04 16:01:32,305 - INFO -  * Detected change in '/home/martinson/Lhydra_rs/data_engineered_v3/rs_main_v2_refactored/evaluate_model.py', reloading
2025-01-04 16:01:33,719 - INFO -  * Restarting with watchdog (inotify)
2025-01-04 16:01:41,574 - INFO - Loading model from /home/martinson/Lhydra_rs/data_engineered_v3/rs_main_v2_refactored/checkpoints/best_model.pth
2025-01-04 16:01:42,149 - INFO - Model loaded successfully
2025-01-04 16:01:42,200 - INFO - Encoder class counts:
2025-01-04 16:01:42,201 - INFO - user_encoder: 9717
2025-01-04 16:01:42,201 - INFO - music_encoder: 9373
2025-01-04 16:01:42,202 - INFO - artist_encoder: 5059
2025-01-04 16:01:42,203 - INFO - genre_encoder: 12
2025-01-04 16:01:42,203 - INFO - Model dimensions from state dict:
2025-01-04 16:01:42,203 - INFO - num_users: 7773
2025-01-04 16:01:42,203 - INFO - num_music: 9324
2025-01-04 16:01:42,204 - INFO - num_artists: 4482
2025-01-04 16:01:42,204 - INFO - num_genres: 12
2025-01-04 16:01:42,204 - INFO - num_numerical: 12
2025-01-04 16:01:42,386 - WARNING -  * Debugger is active!
2025-01-04 16:01:42,392 - INFO -  * Debugger PIN: 110-953-194
2025-01-04 16:01:43,666 - INFO -  * Detected change in '/home/martinson/Lhydra_rs/data_engineered_v3/rs_main_v2_refactored/evaluate_model.py', reloading
2025-01-04 16:01:44,880 - INFO -  * Restarting with watchdog (inotify)
2025-01-04 16:01:51,332 - INFO - Loading model from /home/martinson/Lhydra_rs/data_engineered_v3/rs_main_v2_refactored/checkpoints/best_model.pth
2025-01-04 16:01:51,800 - INFO - Model loaded successfully
2025-01-04 16:01:51,831 - INFO - Encoder class counts:
2025-01-04 16:01:51,832 - INFO - user_encoder: 9717
2025-01-04 16:01:51,832 - INFO - music_encoder: 9373
2025-01-04 16:01:51,832 - INFO - artist_encoder: 5059
2025-01-04 16:01:51,832 - INFO - genre_encoder: 12
2025-01-04 16:01:51,833 - INFO - Model dimensions from state dict:
2025-01-04 16:01:51,833 - INFO - num_users: 7773
2025-01-04 16:01:51,833 - INFO - num_music: 9324
2025-01-04 16:01:51,833 - INFO - num_artists: 4482
2025-01-04 16:01:51,833 - INFO - num_genres: 12
2025-01-04 16:01:51,833 - INFO - num_numerical: 12
2025-01-04 16:01:51,984 - WARNING -  * Debugger is active!
2025-01-04 16:01:51,987 - INFO -  * Debugger PIN: 110-953-194
2025-01-04 16:01:56,037 - INFO -  * Detected change in '/home/martinson/Lhydra_rs/data_engineered_v3/rs_main_v2_refactored/evaluate_model.py', reloading
2025-01-04 16:01:56,043 - INFO -  * Detected change in '/home/martinson/Lhydra_rs/data_engineered_v3/rs_main_v2_refactored/evaluate_model.py', reloading
2025-01-04 16:01:56,056 - INFO -  * Detected change in '/home/martinson/Lhydra_rs/data_engineered_v3/rs_main_v2_refactored/evaluate_model.py', reloading
2025-01-04 16:01:57,804 - INFO -  * Restarting with watchdog (inotify)
2025-01-04 16:02:03,589 - INFO - Loading model from /home/martinson/Lhydra_rs/data_engineered_v3/rs_main_v2_refactored/checkpoints/best_model.pth
2025-01-04 16:02:03,932 - INFO - Model loaded successfully
2025-01-04 16:02:03,949 - INFO - Encoder class counts:
2025-01-04 16:02:03,950 - INFO - user_encoder: 9717
2025-01-04 16:02:03,950 - INFO - music_encoder: 9373
2025-01-04 16:02:03,950 - INFO - artist_encoder: 5059
2025-01-04 16:02:03,950 - INFO - genre_encoder: 12
2025-01-04 16:02:03,950 - INFO - Model dimensions from state dict:
2025-01-04 16:02:03,951 - INFO - num_users: 7773
2025-01-04 16:02:03,951 - INFO - num_music: 9324
2025-01-04 16:02:03,951 - INFO - num_artists: 4482
2025-01-04 16:02:03,951 - INFO - num_genres: 12
2025-01-04 16:02:03,951 - INFO - num_numerical: 12
2025-01-04 16:02:04,028 - WARNING -  * Debugger is active!
2025-01-04 16:02:04,028 - INFO -  * Debugger PIN: 110-953-194
2025-01-04 16:02:14,360 - INFO -  * Detected change in '/home/martinson/Lhydra_rs/data_engineered_v3/rs_main_v2_refactored/train_model.py', reloading
2025-01-04 16:02:14,388 - INFO -  * Detected change in '/home/martinson/Lhydra_rs/data_engineered_v3/rs_main_v2_refactored/train_model.py', reloading
2025-01-04 16:02:14,395 - INFO -  * Detected change in '/home/martinson/Lhydra_rs/data_engineered_v3/rs_main_v2_refactored/train_model.py', reloading
2025-01-04 16:02:16,314 - INFO -  * Restarting with watchdog (inotify)
2025-01-04 16:02:21,944 - INFO - Loading model from /home/martinson/Lhydra_rs/data_engineered_v3/rs_main_v2_refactored/checkpoints/best_model.pth
2025-01-04 16:02:22,403 - INFO - Model loaded successfully
2025-01-04 16:02:22,418 - INFO - Encoder class counts:
2025-01-04 16:02:22,418 - INFO - user_encoder: 9717
2025-01-04 16:02:22,418 - INFO - music_encoder: 9373
2025-01-04 16:02:22,419 - INFO - artist_encoder: 5059
2025-01-04 16:02:22,419 - INFO - genre_encoder: 12
2025-01-04 16:02:22,419 - INFO - Model dimensions from state dict:
2025-01-04 16:02:22,419 - INFO - num_users: 7773
2025-01-04 16:02:22,419 - INFO - num_music: 9324
2025-01-04 16:02:22,419 - INFO - num_artists: 4482
2025-01-04 16:02:22,419 - INFO - num_genres: 12
2025-01-04 16:02:22,420 - INFO - num_numerical: 12
2025-01-04 16:02:22,522 - WARNING -  * Debugger is active!
2025-01-04 16:02:22,524 - INFO -  * Debugger PIN: 110-953-194
2025-01-04 16:02:24,196 - INFO -  * Detected change in '/home/martinson/Lhydra_rs/data_engineered_v3/rs_main_v2_refactored/train_model.py', reloading
2025-01-04 16:02:25,174 - INFO -  * Restarting with watchdog (inotify)
2025-01-04 16:02:33,448 - INFO - Loading model from /home/martinson/Lhydra_rs/data_engineered_v3/rs_main_v2_refactored/checkpoints/best_model.pth
2025-01-04 16:02:33,904 - INFO - Model loaded successfully
2025-01-04 16:02:33,937 - INFO - Encoder class counts:
2025-01-04 16:02:33,937 - INFO - user_encoder: 9717
2025-01-04 16:02:33,938 - INFO - music_encoder: 9373
2025-01-04 16:02:33,938 - INFO - artist_encoder: 5059
2025-01-04 16:02:33,938 - INFO - genre_encoder: 12
2025-01-04 16:02:33,938 - INFO - Model dimensions from state dict:
2025-01-04 16:02:33,939 - INFO - num_users: 7773
2025-01-04 16:02:33,939 - INFO - num_music: 9324
2025-01-04 16:02:33,939 - INFO - num_artists: 4482
2025-01-04 16:02:33,939 - INFO - num_genres: 12
2025-01-04 16:02:33,940 - INFO - num_numerical: 12
2025-01-04 16:02:34,140 - WARNING -  * Debugger is active!
2025-01-04 16:02:34,143 - INFO -  * Debugger PIN: 110-953-194
2025-01-04 16:02:43,470 - INFO -  * Detected change in '/home/martinson/Lhydra_rs/data_engineered_v3/rs_main_v2_refactored/train_model.py', reloading
2025-01-04 16:02:43,473 - INFO -  * Detected change in '/home/martinson/Lhydra_rs/data_engineered_v3/rs_main_v2_refactored/train_model.py', reloading
2025-01-04 16:02:43,480 - INFO -  * Detected change in '/home/martinson/Lhydra_rs/data_engineered_v3/rs_main_v2_refactored/train_model.py', reloading
2025-01-04 16:02:46,273 - INFO -  * Restarting with watchdog (inotify)
2025-01-04 16:02:58,877 - INFO - Loading model from /home/martinson/Lhydra_rs/data_engineered_v3/rs_main_v2_refactored/checkpoints/best_model.pth
2025-01-04 16:02:59,630 - INFO - Model loaded successfully
2025-01-04 16:02:59,677 - INFO - Encoder class counts:
2025-01-04 16:02:59,677 - INFO - user_encoder: 9717
2025-01-04 16:02:59,678 - INFO - music_encoder: 9373
2025-01-04 16:02:59,678 - INFO - artist_encoder: 5059
2025-01-04 16:02:59,678 - INFO - genre_encoder: 12
2025-01-04 16:02:59,679 - INFO - Model dimensions from state dict:
2025-01-04 16:02:59,679 - INFO - num_users: 7773
2025-01-04 16:02:59,679 - INFO - num_music: 9324
2025-01-04 16:02:59,679 - INFO - num_artists: 4482
2025-01-04 16:02:59,680 - INFO - num_genres: 12
2025-01-04 16:02:59,680 - INFO - num_numerical: 12
2025-01-04 16:02:59,856 - WARNING -  * Debugger is active!
2025-01-04 16:02:59,857 - INFO -  * Debugger PIN: 110-953-194
2025-01-04 16:03:13,926 - INFO -  * Detected change in '/home/martinson/Lhydra_rs/data_engineered_v3/rs_main_v2_refactored/train_model.py', reloading
2025-01-04 16:03:13,936 - INFO -  * Detected change in '/home/martinson/Lhydra_rs/data_engineered_v3/rs_main_v2_refactored/train_model.py', reloading
2025-01-04 16:03:13,949 - INFO -  * Detected change in '/home/martinson/Lhydra_rs/data_engineered_v3/rs_main_v2_refactored/train_model.py', reloading
2025-01-04 16:03:15,792 - INFO -  * Restarting with watchdog (inotify)
2025-01-04 16:03:23,394 - INFO - Loading model from /home/martinson/Lhydra_rs/data_engineered_v3/rs_main_v2_refactored/checkpoints/best_model.pth
2025-01-04 16:03:23,967 - INFO - Model loaded successfully
2025-01-04 16:03:24,013 - INFO - Encoder class counts:
2025-01-04 16:03:24,014 - INFO - user_encoder: 9717
2025-01-04 16:03:24,014 - INFO - music_encoder: 9373
2025-01-04 16:03:24,014 - INFO - artist_encoder: 5059
2025-01-04 16:03:24,014 - INFO - genre_encoder: 12
2025-01-04 16:03:24,014 - INFO - Model dimensions from state dict:
2025-01-04 16:03:24,015 - INFO - num_users: 7773
2025-01-04 16:03:24,015 - INFO - num_music: 9324
2025-01-04 16:03:24,015 - INFO - num_artists: 4482
2025-01-04 16:03:24,015 - INFO - num_genres: 12
2025-01-04 16:03:24,015 - INFO - num_numerical: 12
2025-01-04 16:03:24,236 - WARNING -  * Debugger is active!
2025-01-04 16:03:24,240 - INFO -  * Debugger PIN: 110-953-194
2025-01-04 16:03:26,923 - INFO -  * Detected change in '/home/martinson/Lhydra_rs/data_engineered_v3/rs_main_v2_refactored/train_model.py', reloading
2025-01-04 16:03:28,128 - INFO -  * Restarting with watchdog (inotify)
2025-01-04 16:03:35,378 - INFO - Loading model from /home/martinson/Lhydra_rs/data_engineered_v3/rs_main_v2_refactored/checkpoints/best_model.pth
2025-01-04 16:03:36,392 - INFO - Model loaded successfully
2025-01-04 16:03:36,434 - INFO - Encoder class counts:
2025-01-04 16:03:36,435 - INFO - user_encoder: 9717
2025-01-04 16:03:36,435 - INFO - music_encoder: 9373
2025-01-04 16:03:36,435 - INFO - artist_encoder: 5059
2025-01-04 16:03:36,435 - INFO - genre_encoder: 12
2025-01-04 16:03:36,436 - INFO - Model dimensions from state dict:
2025-01-04 16:03:36,436 - INFO - num_users: 7773
2025-01-04 16:03:36,436 - INFO - num_music: 9324
2025-01-04 16:03:36,436 - INFO - num_artists: 4482
2025-01-04 16:03:36,437 - INFO - num_genres: 12
2025-01-04 16:03:36,437 - INFO - num_numerical: 12
2025-01-04 16:03:36,642 - WARNING -  * Debugger is active!
2025-01-04 16:03:36,644 - INFO -  * Debugger PIN: 110-953-194
2025-01-04 16:03:41,274 - INFO -  * Detected change in '/home/martinson/Lhydra_rs/data_engineered_v3/rs_main_v2_refactored/train_model.py', reloading
2025-01-04 16:03:41,275 - INFO -  * Detected change in '/home/martinson/Lhydra_rs/data_engineered_v3/rs_main_v2_refactored/train_model.py', reloading
2025-01-04 16:03:41,283 - INFO -  * Detected change in '/home/martinson/Lhydra_rs/data_engineered_v3/rs_main_v2_refactored/train_model.py', reloading
2025-01-04 16:03:43,715 - INFO -  * Restarting with watchdog (inotify)
2025-01-04 16:03:50,700 - INFO - Loading model from /home/martinson/Lhydra_rs/data_engineered_v3/rs_main_v2_refactored/checkpoints/best_model.pth
2025-01-04 16:03:51,438 - INFO - Model loaded successfully
2025-01-04 16:03:51,482 - INFO - Encoder class counts:
2025-01-04 16:03:51,483 - INFO - user_encoder: 9717
2025-01-04 16:03:51,483 - INFO - music_encoder: 9373
2025-01-04 16:03:51,483 - INFO - artist_encoder: 5059
2025-01-04 16:03:51,484 - INFO - genre_encoder: 12
2025-01-04 16:03:51,485 - INFO - Model dimensions from state dict:
2025-01-04 16:03:51,485 - INFO - num_users: 7773
2025-01-04 16:03:51,485 - INFO - num_music: 9324
2025-01-04 16:03:51,486 - INFO - num_artists: 4482
2025-01-04 16:03:51,486 - INFO - num_genres: 12
2025-01-04 16:03:51,486 - INFO - num_numerical: 12
2025-01-04 16:03:51,586 - WARNING -  * Debugger is active!
2025-01-04 16:03:51,586 - INFO -  * Debugger PIN: 110-953-194
2025-01-04 16:03:56,536 - INFO -  * Detected change in '/home/martinson/Lhydra_rs/data_engineered_v3/rs_main_v2_refactored/train_model.py', reloading
2025-01-04 16:03:56,537 - INFO -  * Detected change in '/home/martinson/Lhydra_rs/data_engineered_v3/rs_main_v2_refactored/train_model.py', reloading
2025-01-04 16:03:56,542 - INFO -  * Detected change in '/home/martinson/Lhydra_rs/data_engineered_v3/rs_main_v2_refactored/train_model.py', reloading
2025-01-04 16:03:58,249 - INFO -  * Restarting with watchdog (inotify)
2025-01-04 16:04:04,124 - INFO - Loading model from /home/martinson/Lhydra_rs/data_engineered_v3/rs_main_v2_refactored/checkpoints/best_model.pth
2025-01-04 16:04:04,825 - INFO - Model loaded successfully
2025-01-04 16:04:04,872 - INFO - Encoder class counts:
2025-01-04 16:04:04,872 - INFO - user_encoder: 9717
2025-01-04 16:04:04,872 - INFO - music_encoder: 9373
2025-01-04 16:04:04,873 - INFO - artist_encoder: 5059
2025-01-04 16:04:04,873 - INFO - genre_encoder: 12
2025-01-04 16:04:04,873 - INFO - Model dimensions from state dict:
2025-01-04 16:04:04,873 - INFO - num_users: 7773
2025-01-04 16:04:04,873 - INFO - num_music: 9324
2025-01-04 16:04:04,874 - INFO - num_artists: 4482
2025-01-04 16:04:04,874 - INFO - num_genres: 12
2025-01-04 16:04:04,874 - INFO - num_numerical: 12
2025-01-04 16:04:05,019 - WARNING -  * Debugger is active!
2025-01-04 16:04:05,020 - INFO -  * Debugger PIN: 110-953-194
2025-01-04 16:04:06,738 - INFO -  * Detected change in '/home/martinson/Lhydra_rs/data_engineered_v3/rs_main_v2_refactored/train_model.py', reloading
2025-01-04 16:04:06,740 - INFO -  * Detected change in '/home/martinson/Lhydra_rs/data_engineered_v3/rs_main_v2_refactored/train_model.py', reloading
2025-01-04 16:04:06,741 - INFO -  * Detected change in '/home/martinson/Lhydra_rs/data_engineered_v3/rs_main_v2_refactored/train_model.py', reloading
2025-01-04 16:04:08,879 - INFO -  * Restarting with watchdog (inotify)
2025-01-04 16:04:14,813 - INFO - Loading model from /home/martinson/Lhydra_rs/data_engineered_v3/rs_main_v2_refactored/checkpoints/best_model.pth
2025-01-04 16:04:15,192 - INFO - Model loaded successfully
2025-01-04 16:04:15,202 - INFO - Encoder class counts:
2025-01-04 16:04:15,202 - INFO - user_encoder: 9717
2025-01-04 16:04:15,203 - INFO - music_encoder: 9373
2025-01-04 16:04:15,203 - INFO - artist_encoder: 5059
2025-01-04 16:04:15,203 - INFO - genre_encoder: 12
2025-01-04 16:04:15,203 - INFO - Model dimensions from state dict:
2025-01-04 16:04:15,203 - INFO - num_users: 7773
2025-01-04 16:04:15,203 - INFO - num_music: 9324
2025-01-04 16:04:15,204 - INFO - num_artists: 4482
2025-01-04 16:04:15,204 - INFO - num_genres: 12
2025-01-04 16:04:15,204 - INFO - num_numerical: 12
2025-01-04 16:04:15,337 - WARNING -  * Debugger is active!
2025-01-04 16:04:15,338 - INFO -  * Debugger PIN: 110-953-194
2025-01-04 16:04:21,516 - INFO -  * Detected change in '/home/martinson/Lhydra_rs/data_engineered_v3/rs_main_v2_refactored/generate_recommendations.py', reloading
2025-01-04 16:04:21,517 - INFO -  * Detected change in '/home/martinson/Lhydra_rs/data_engineered_v3/rs_main_v2_refactored/generate_recommendations.py', reloading
2025-01-04 16:04:21,525 - INFO -  * Detected change in '/home/martinson/Lhydra_rs/data_engineered_v3/rs_main_v2_refactored/generate_recommendations.py', reloading
2025-01-04 16:04:22,719 - INFO -  * Restarting with watchdog (inotify)
2025-01-04 16:04:29,081 - INFO - Loading model from /home/martinson/Lhydra_rs/data_engineered_v3/rs_main_v2_refactored/checkpoints/best_model.pth
2025-01-04 16:04:29,432 - INFO - Model loaded successfully
2025-01-04 16:04:29,447 - INFO - Encoder class counts:
2025-01-04 16:04:29,447 - INFO - user_encoder: 9717
2025-01-04 16:04:29,447 - INFO - music_encoder: 9373
2025-01-04 16:04:29,447 - INFO - artist_encoder: 5059
2025-01-04 16:04:29,447 - INFO - genre_encoder: 12
2025-01-04 16:04:29,447 - INFO - Model dimensions from state dict:
2025-01-04 16:04:29,448 - INFO - num_users: 7773
2025-01-04 16:04:29,448 - INFO - num_music: 9324
2025-01-04 16:04:29,448 - INFO - num_artists: 4482
2025-01-04 16:04:29,448 - INFO - num_genres: 12
2025-01-04 16:04:29,448 - INFO - num_numerical: 12
2025-01-04 16:04:29,532 - WARNING -  * Debugger is active!
2025-01-04 16:04:29,533 - INFO -  * Debugger PIN: 110-953-194
2025-01-04 16:04:37,800 - INFO - 192.168.96.1 - - [04/Jan/2025 16:04:37] "GET /api/health HTTP/1.1" 200 -
2025-01-04 16:04:42,467 - INFO - 192.168.96.1 - - [04/Jan/2025 16:04:42] "OPTIONS /api/recommendations HTTP/1.1" 200 -
2025-01-04 16:04:42,514 - WARNING - Error encoding user ID: y contains previously unseen labels: '121'
2025-01-04 16:04:42,515 - WARNING - Using default encoding (0)
2025-01-04 16:04:42,550 - WARNING - Error in transform: y contains previously unseen labels: '0'
2025-01-04 16:04:42,551 - WARNING - Using default value 0 for 13421 items
2025-01-04 16:04:47,752 - INFO - 192.168.96.1 - - [04/Jan/2025 16:04:47] "POST /api/recommendations HTTP/1.1" 200 -
2025-01-04 16:38:41,624 - INFO - 192.168.96.1 - - [04/Jan/2025 16:38:41] "GET /api/health HTTP/1.1" 200 -
2025-01-04 16:38:41,669 - INFO - 192.168.96.1 - - [04/Jan/2025 16:38:41] "GET /api/health HTTP/1.1" 200 -
2025-01-04 16:38:49,302 - INFO - 192.168.96.1 - - [04/Jan/2025 16:38:49] "OPTIONS /api/recommendations HTTP/1.1" 200 -
2025-01-04 16:38:49,540 - WARNING - Error encoding user ID: y contains previously unseen labels: '121'
2025-01-04 16:38:49,542 - WARNING - Using default encoding (0)
2025-01-04 16:38:49,610 - WARNING - Error in transform: y contains previously unseen labels: '0'
2025-01-04 16:38:49,611 - WARNING - Using default value 0 for 13421 items
2025-01-04 16:38:55,728 - INFO - 192.168.96.1 - - [04/Jan/2025 16:38:55] "POST /api/recommendations HTTP/1.1" 200 -
2025-01-04 17:05:18,340 - INFO - 192.168.96.1 - - [04/Jan/2025 17:05:18] "GET /api/health HTTP/1.1" 200 -
2025-01-04 17:05:18,431 - INFO - 192.168.96.1 - - [04/Jan/2025 17:05:18] "GET /api/health HTTP/1.1" 200 -
2025-01-04 17:05:51,623 - INFO - 192.168.96.1 - - [04/Jan/2025 17:05:51] "GET /api/health HTTP/1.1" 200 -
2025-01-04 17:05:51,725 - INFO - 192.168.96.1 - - [04/Jan/2025 17:05:51] "GET /api/health HTTP/1.1" 200 -
2025-01-04 17:09:48,865 - INFO - 192.168.96.1 - - [04/Jan/2025 17:09:48] "GET /api/health HTTP/1.1" 200 -
2025-01-04 17:09:48,872 - INFO - 192.168.96.1 - - [04/Jan/2025 17:09:48] "GET /api/health HTTP/1.1" 200 -
2025-01-04 17:16:21,464 - INFO - 192.168.96.1 - - [04/Jan/2025 17:16:21] "OPTIONS /api/recommendations HTTP/1.1" 200 -
2025-01-04 17:16:22,516 - WARNING - Error encoding user ID: y contains previously unseen labels: '121'
2025-01-04 17:16:22,518 - WARNING - Using default encoding (0)
2025-01-04 17:16:22,629 - WARNING - Error in transform: y contains previously unseen labels: '0'
2025-01-04 17:16:22,637 - WARNING - Using default value 0 for 13421 items
2025-01-04 17:16:31,637 - INFO - 192.168.96.1 - - [04/Jan/2025 17:16:31] "POST /api/recommendations HTTP/1.1" 200 -
2025-01-04 17:27:39,025 - INFO - 192.168.96.1 - - [04/Jan/2025 17:27:39] "OPTIONS /api/recommendations HTTP/1.1" 200 -
2025-01-04 17:27:39,405 - WARNING - Error encoding user ID: y contains previously unseen labels: '1@1.com'
2025-01-04 17:27:39,406 - WARNING - Using default encoding (0)
2025-01-04 17:27:39,563 - WARNING - Error in transform: y contains previously unseen labels: '0'
2025-01-04 17:27:39,567 - WARNING - Using default value 0 for 13421 items
2025-01-04 17:27:41,985 - WARNING - Error encoding user ID: y contains previously unseen labels: '1@1.com'
2025-01-04 17:27:41,988 - WARNING - Using default encoding (0)
2025-01-04 17:27:42,067 - WARNING - Error in transform: y contains previously unseen labels: '0'
2025-01-04 17:27:42,070 - WARNING - Using default value 0 for 13421 items
2025-01-04 17:27:53,924 - INFO - 192.168.96.1 - - [04/Jan/2025 17:27:53] "OPTIONS /api/recommendations HTTP/1.1" 200 -
2025-01-04 17:27:54,393 - WARNING - Error encoding user ID: y contains previously unseen labels: '1@1.com'
2025-01-04 17:27:54,396 - WARNING - Using default encoding (0)
2025-01-04 17:27:54,589 - WARNING - Error in transform: y contains previously unseen labels: '0'
2025-01-04 17:27:54,591 - WARNING - Using default value 0 for 13421 items
2025-01-04 17:28:17,072 - INFO - 192.168.96.1 - - [04/Jan/2025 17:28:17] "POST /api/recommendations HTTP/1.1" 200 -
2025-01-04 17:28:46,776 - INFO - 192.168.96.1 - - [04/Jan/2025 17:28:46] "POST /api/recommendations HTTP/1.1" 200 -
2025-01-04 17:28:51,934 - INFO - 192.168.96.1 - - [04/Jan/2025 17:28:51] "POST /api/recommendations HTTP/1.1" 200 -
2025-01-04 17:31:35,812 - INFO - Loading model from /home/martinson/Lhydra_rs/data_engineered_v3/rs_main_v2_refactored/checkpoints/best_model.pth
2025-01-04 17:31:45,984 - INFO - Model loaded successfully
2025-01-04 17:31:46,156 - INFO - Encoder class counts:
2025-01-04 17:31:46,157 - INFO - user_encoder: 9717
2025-01-04 17:31:46,157 - INFO - music_encoder: 9373
2025-01-04 17:31:46,157 - INFO - artist_encoder: 5059
2025-01-04 17:31:46,158 - INFO - genre_encoder: 12
2025-01-04 17:31:46,171 - INFO - Model dimensions from state dict:
2025-01-04 17:31:46,171 - INFO - num_users: 7773
2025-01-04 17:31:46,171 - INFO - num_music: 9324
2025-01-04 17:31:46,172 - INFO - num_artists: 4482
2025-01-04 17:31:46,172 - INFO - num_genres: 12
2025-01-04 17:31:46,172 - INFO - num_numerical: 12
2025-01-04 17:31:47,184 - INFO - [31m[1mWARNING: This is a development server. Do not use it in a production deployment. Use a production WSGI server instead.[0m
 * Running on all addresses (0.0.0.0)
 * Running on http://127.0.0.1:5000
 * Running on http://192.168.100.216:5000
2025-01-04 17:31:47,185 - INFO - [33mPress CTRL+C to quit[0m
2025-01-04 17:31:47,249 - INFO -  * Restarting with watchdog (inotify)
2025-01-04 17:32:17,877 - INFO - Loading model from /home/martinson/Lhydra_rs/data_engineered_v3/rs_main_v2_refactored/checkpoints/best_model.pth
2025-01-04 17:32:27,681 - INFO - Model loaded successfully
2025-01-04 17:32:27,886 - INFO - Encoder class counts:
2025-01-04 17:32:27,887 - INFO - user_encoder: 9717
2025-01-04 17:32:27,887 - INFO - music_encoder: 9373
2025-01-04 17:32:27,887 - INFO - artist_encoder: 5059
2025-01-04 17:32:27,887 - INFO - genre_encoder: 12
2025-01-04 17:32:27,887 - INFO - Model dimensions from state dict:
2025-01-04 17:32:27,888 - INFO - num_users: 7773
2025-01-04 17:32:27,888 - INFO - num_music: 9324
2025-01-04 17:32:27,888 - INFO - num_artists: 4482
2025-01-04 17:32:27,888 - INFO - num_genres: 12
2025-01-04 17:32:27,888 - INFO - num_numerical: 12
2025-01-04 17:32:28,231 - INFO - [31m[1mWARNING: This is a development server. Do not use it in a production deployment. Use a production WSGI server instead.[0m
 * Running on all addresses (0.0.0.0)
 * Running on http://127.0.0.1:5000
 * Running on http://192.168.100.216:5000
2025-01-04 17:32:28,231 - INFO - [33mPress CTRL+C to quit[0m
2025-01-04 17:32:28,269 - INFO -  * Restarting with watchdog (inotify)
2025-01-04 17:32:52,502 - INFO - Loading model from /home/martinson/Lhydra_rs/data_engineered_v3/rs_main_v2_refactored/checkpoints/best_model.pth
2025-01-04 17:32:53,464 - INFO - Model loaded successfully
2025-01-04 17:32:53,512 - INFO - Encoder class counts:
2025-01-04 17:32:53,513 - INFO - user_encoder: 9717
2025-01-04 17:32:53,513 - INFO - music_encoder: 9373
2025-01-04 17:32:53,514 - INFO - artist_encoder: 5059
2025-01-04 17:32:53,514 - INFO - genre_encoder: 12
2025-01-04 17:32:53,514 - INFO - Model dimensions from state dict:
2025-01-04 17:32:53,514 - INFO - num_users: 7773
2025-01-04 17:32:53,514 - INFO - num_music: 9324
2025-01-04 17:32:53,514 - INFO - num_artists: 4482
2025-01-04 17:32:53,515 - INFO - num_genres: 12
2025-01-04 17:32:53,515 - INFO - num_numerical: 12
2025-01-04 17:32:53,679 - WARNING -  * Debugger is active!
2025-01-04 17:32:53,684 - INFO -  * Debugger PIN: 110-953-194
2025-01-04 17:33:17,791 - INFO - 192.168.96.1 - - [04/Jan/2025 17:33:17] "OPTIONS /api/recommendations HTTP/1.1" 200 -
2025-01-04 17:33:17,883 - WARNING - Error encoding user ID: y contains previously unseen labels: '1@1.com'
2025-01-04 17:33:17,884 - WARNING - Using default encoding (0)
2025-01-04 17:33:17,899 - WARNING - Error in transform: y contains previously unseen labels: '0'
2025-01-04 17:33:17,900 - WARNING - Using default value 0 for 13421 items
2025-01-04 17:33:25,978 - INFO - 192.168.96.1 - - [04/Jan/2025 17:33:25] "POST /api/recommendations HTTP/1.1" 200 -
2025-01-04 18:15:47,915 - INFO - 192.168.96.1 - - [04/Jan/2025 18:15:47] "GET /api/health HTTP/1.1" 200 -
2025-01-04 18:15:47,918 - INFO - 192.168.96.1 - - [04/Jan/2025 18:15:47] "GET /api/health HTTP/1.1" 200 -
2025-01-04 18:15:48,057 - INFO - 192.168.96.1 - - [04/Jan/2025 18:15:48] "GET /api/health HTTP/1.1" 200 -
2025-01-04 18:15:48,066 - INFO - 192.168.96.1 - - [04/Jan/2025 18:15:48] "GET /api/health HTTP/1.1" 200 -
2025-01-04 18:15:48,177 - INFO - 192.168.96.1 - - [04/Jan/2025 18:15:48] "GET /api/health HTTP/1.1" 200 -
2025-01-04 18:15:48,183 - INFO - 192.168.96.1 - - [04/Jan/2025 18:15:48] "GET /api/health HTTP/1.1" 200 -
2025-01-04 18:15:59,248 - INFO - 192.168.96.1 - - [04/Jan/2025 18:15:59] "OPTIONS /api/recommendations HTTP/1.1" 200 -
2025-01-04 18:16:00,033 - WARNING - Error encoding user ID: y contains previously unseen labels: '1@1.com'
2025-01-04 18:16:00,035 - WARNING - Using default encoding (0)
2025-01-04 18:16:00,153 - WARNING - Error in transform: y contains previously unseen labels: '0'
2025-01-04 18:16:00,158 - WARNING - Using default value 0 for 13421 items
2025-01-04 18:16:11,085 - INFO - 192.168.96.1 - - [04/Jan/2025 18:16:11] "GET /api/health HTTP/1.1" 200 -
2025-01-04 18:16:13,236 - INFO - 192.168.96.1 - - [04/Jan/2025 18:16:13] "GET /api/health HTTP/1.1" 200 -
2025-01-04 18:16:21,451 - INFO - 192.168.96.1 - - [04/Jan/2025 18:16:21] "POST /api/recommendations HTTP/1.1" 200 -
2025-01-04 18:16:27,560 - INFO - 192.168.96.1 - - [04/Jan/2025 18:16:27] "GET /api/health HTTP/1.1" 200 -
2025-01-04 18:16:38,846 - INFO - 192.168.96.1 - - [04/Jan/2025 18:16:38] "GET /api/health HTTP/1.1" 200 -
2025-01-04 18:18:57,581 - INFO - 192.168.96.1 - - [04/Jan/2025 18:18:57] "GET /api/health HTTP/1.1" 200 -
2025-01-04 18:18:58,229 - INFO - 192.168.96.1 - - [04/Jan/2025 18:18:58] "GET /api/health HTTP/1.1" 200 -
2025-01-04 18:19:23,076 - INFO - 192.168.96.1 - - [04/Jan/2025 18:19:23] "GET /api/health HTTP/1.1" 200 -
2025-01-04 18:19:23,122 - INFO - 192.168.96.1 - - [04/Jan/2025 18:19:23] "GET /api/health HTTP/1.1" 200 -
2025-01-04 18:19:29,581 - INFO - 192.168.96.1 - - [04/Jan/2025 18:19:29] "GET /api/health HTTP/1.1" 200 -
2025-01-04 18:19:29,637 - INFO - 192.168.96.1 - - [04/Jan/2025 18:19:29] "GET /api/health HTTP/1.1" 200 -
2025-01-04 18:19:44,077 - INFO - 192.168.96.1 - - [04/Jan/2025 18:19:44] "GET /api/health HTTP/1.1" 200 -
2025-01-04 18:19:44,083 - INFO - 192.168.96.1 - - [04/Jan/2025 18:19:44] "GET /api/health HTTP/1.1" 200 -
2025-01-04 18:19:44,336 - INFO - 192.168.96.1 - - [04/Jan/2025 18:19:44] "GET /api/health HTTP/1.1" 200 -
2025-01-04 18:19:47,988 - INFO - 192.168.96.1 - - [04/Jan/2025 18:19:47] "OPTIONS /api/recommendations HTTP/1.1" 200 -
2025-01-04 18:19:48,049 - WARNING - Error encoding user ID: y contains previously unseen labels: '1@1.com'
2025-01-04 18:19:48,050 - WARNING - Using default encoding (0)
2025-01-04 18:19:48,088 - WARNING - Error in transform: y contains previously unseen labels: '0'
2025-01-04 18:19:48,089 - WARNING - Using default value 0 for 13421 items
2025-01-04 18:19:53,956 - INFO - 192.168.96.1 - - [04/Jan/2025 18:19:53] "POST /api/recommendations HTTP/1.1" 200 -
2025-01-04 18:19:59,774 - INFO - 192.168.96.1 - - [04/Jan/2025 18:19:59] "GET /api/health HTTP/1.1" 200 -
2025-01-04 18:20:01,479 - INFO - 192.168.96.1 - - [04/Jan/2025 18:20:01] "GET /api/health HTTP/1.1" 200 -
2025-01-04 18:20:46,053 - INFO - 192.168.96.1 - - [04/Jan/2025 18:20:46] "GET /api/health HTTP/1.1" 200 -
2025-01-04 18:20:48,268 - INFO - 192.168.96.1 - - [04/Jan/2025 18:20:48] "GET /api/health HTTP/1.1" 200 -
2025-01-04 18:20:48,472 - INFO - 192.168.96.1 - - [04/Jan/2025 18:20:48] "GET /api/health HTTP/1.1" 200 -
2025-01-04 18:21:56,551 - INFO - 192.168.96.1 - - [04/Jan/2025 18:21:56] "GET /api/health HTTP/1.1" 200 -
2025-01-04 18:21:56,556 - INFO - 192.168.96.1 - - [04/Jan/2025 18:21:56] "GET /api/health HTTP/1.1" 200 -
2025-01-04 18:21:56,718 - INFO - 192.168.96.1 - - [04/Jan/2025 18:21:56] "GET /api/health HTTP/1.1" 200 -
2025-01-04 18:21:58,221 - INFO - 192.168.96.1 - - [04/Jan/2025 18:21:58] "GET /api/health HTTP/1.1" 200 -
2025-01-04 18:22:20,759 - INFO - 192.168.96.1 - - [04/Jan/2025 18:22:20] "GET /api/health HTTP/1.1" 200 -
2025-01-04 18:22:20,765 - INFO - 192.168.96.1 - - [04/Jan/2025 18:22:20] "GET /api/health HTTP/1.1" 200 -
2025-01-04 18:22:37,538 - INFO - 192.168.96.1 - - [04/Jan/2025 18:22:37] "GET /api/health HTTP/1.1" 200 -
2025-01-04 18:22:37,834 - INFO - 192.168.96.1 - - [04/Jan/2025 18:22:37] "GET /api/health HTTP/1.1" 200 -
2025-01-04 18:22:37,915 - INFO - 192.168.96.1 - - [04/Jan/2025 18:22:37] "GET /api/health HTTP/1.1" 200 -
2025-01-04 18:22:39,016 - INFO - 192.168.96.1 - - [04/Jan/2025 18:22:39] "GET /api/health HTTP/1.1" 200 -
2025-01-04 18:22:46,655 - INFO - 192.168.96.1 - - [04/Jan/2025 18:22:46] "OPTIONS /api/recommendations HTTP/1.1" 200 -
2025-01-04 18:22:46,823 - INFO - 192.168.96.1 - - [04/Jan/2025 18:22:46] "[35m[1mPOST /api/recommendations HTTP/1.1[0m" 500 -
2025-01-04 18:22:49,845 - INFO - 192.168.96.1 - - [04/Jan/2025 18:22:49] "[35m[1mPOST /api/recommendations HTTP/1.1[0m" 500 -
2025-01-04 18:22:56,179 - INFO - 192.168.96.1 - - [04/Jan/2025 18:22:56] "OPTIONS /api/recommendations HTTP/1.1" 200 -
2025-01-04 18:22:56,217 - INFO - 192.168.96.1 - - [04/Jan/2025 18:22:56] "[35m[1mPOST /api/recommendations HTTP/1.1[0m" 500 -
2025-01-04 18:23:06,289 - INFO - 192.168.96.1 - - [04/Jan/2025 18:23:06] "GET /api/health HTTP/1.1" 200 -
2025-01-04 18:23:21,325 - INFO - 192.168.96.1 - - [04/Jan/2025 18:23:21] "OPTIONS /api/recommendations HTTP/1.1" 200 -
2025-01-04 18:23:21,423 - INFO - 192.168.96.1 - - [04/Jan/2025 18:23:21] "[35m[1mPOST /api/recommendations HTTP/1.1[0m" 500 -
2025-01-04 18:23:26,043 - INFO - 192.168.96.1 - - [04/Jan/2025 18:23:26] "[35m[1mPOST /api/recommendations HTTP/1.1[0m" 500 -
2025-01-04 18:23:31,032 - INFO - 192.168.96.1 - - [04/Jan/2025 18:23:31] "OPTIONS /api/recommendations HTTP/1.1" 200 -
2025-01-04 18:23:31,040 - INFO - 192.168.96.1 - - [04/Jan/2025 18:23:31] "[35m[1mPOST /api/recommendations HTTP/1.1[0m" 500 -
2025-01-04 18:23:34,136 - INFO - 192.168.96.1 - - [04/Jan/2025 18:23:34] "[35m[1mPOST /api/recommendations HTTP/1.1[0m" 500 -
2025-01-04 18:23:35,089 - INFO - 192.168.96.1 - - [04/Jan/2025 18:23:35] "[35m[1mPOST /api/recommendations HTTP/1.1[0m" 500 -
2025-01-04 18:23:37,038 - INFO - 192.168.96.1 - - [04/Jan/2025 18:23:37] "OPTIONS /api/recommendations HTTP/1.1" 200 -
2025-01-04 18:23:37,043 - INFO - 192.168.96.1 - - [04/Jan/2025 18:23:37] "[35m[1mPOST /api/recommendations HTTP/1.1[0m" 500 -
2025-01-04 18:23:40,929 - INFO - 192.168.96.1 - - [04/Jan/2025 18:23:40] "GET /api/health HTTP/1.1" 200 -
2025-01-04 18:23:46,397 - INFO - 192.168.96.1 - - [04/Jan/2025 18:23:46] "GET /api/health HTTP/1.1" 200 -
2025-01-04 18:23:46,499 - INFO - 192.168.96.1 - - [04/Jan/2025 18:23:46] "GET /api/health HTTP/1.1" 200 -
2025-01-04 18:23:55,223 - INFO - 192.168.96.1 - - [04/Jan/2025 18:23:55] "GET /api/health HTTP/1.1" 200 -
2025-01-04 18:23:55,248 - INFO - 192.168.96.1 - - [04/Jan/2025 18:23:55] "GET /api/health HTTP/1.1" 200 -
2025-01-04 18:23:55,448 - INFO - 192.168.96.1 - - [04/Jan/2025 18:23:55] "GET /api/health HTTP/1.1" 200 -
2025-01-04 18:23:55,454 - INFO - 192.168.96.1 - - [04/Jan/2025 18:23:55] "GET /api/health HTTP/1.1" 200 -
2025-01-04 18:23:55,875 - INFO - 192.168.96.1 - - [04/Jan/2025 18:23:55] "GET /api/health HTTP/1.1" 200 -
2025-01-04 18:23:56,276 - INFO - 192.168.96.1 - - [04/Jan/2025 18:23:56] "GET /api/health HTTP/1.1" 200 -
2025-01-04 18:24:07,740 - INFO - 192.168.96.1 - - [04/Jan/2025 18:24:07] "GET /api/health HTTP/1.1" 200 -
2025-01-04 18:24:07,746 - INFO - 192.168.96.1 - - [04/Jan/2025 18:24:07] "GET /api/health HTTP/1.1" 200 -
2025-01-04 18:24:07,870 - INFO - 192.168.96.1 - - [04/Jan/2025 18:24:07] "GET /api/health HTTP/1.1" 200 -
2025-01-04 18:24:08,072 - INFO - 192.168.96.1 - - [04/Jan/2025 18:24:08] "GET /api/health HTTP/1.1" 200 -
2025-01-04 18:24:12,037 - INFO - 192.168.96.1 - - [04/Jan/2025 18:24:12] "GET /api/health HTTP/1.1" 200 -
2025-01-04 18:24:12,341 - INFO - 192.168.96.1 - - [04/Jan/2025 18:24:12] "GET /api/health HTTP/1.1" 200 -
2025-01-04 18:24:14,001 - INFO - 192.168.96.1 - - [04/Jan/2025 18:24:14] "OPTIONS /api/recommendations HTTP/1.1" 200 -
2025-01-04 18:24:14,258 - WARNING - Error encoding user ID: y contains previously unseen labels: '1@1.com'
2025-01-04 18:24:14,261 - WARNING - Using default encoding (0)
2025-01-04 18:24:14,373 - WARNING - Error in transform: y contains previously unseen labels: '0'
2025-01-04 18:24:14,373 - WARNING - Using default value 0 for 13421 items
2025-01-04 18:24:28,746 - INFO - 192.168.96.1 - - [04/Jan/2025 18:24:28] "GET /api/health HTTP/1.1" 200 -
2025-01-04 18:24:29,941 - INFO - 192.168.96.1 - - [04/Jan/2025 18:24:29] "GET /api/health HTTP/1.1" 200 -
2025-01-04 18:24:36,307 - INFO - 192.168.96.1 - - [04/Jan/2025 18:24:36] "GET /api/health HTTP/1.1" 200 -
2025-01-04 18:24:43,898 - INFO - 192.168.96.1 - - [04/Jan/2025 18:24:43] "POST /api/recommendations HTTP/1.1" 200 -
2025-01-04 18:24:51,710 - INFO - 192.168.96.1 - - [04/Jan/2025 18:24:51] "GET /api/health HTTP/1.1" 200 -
2025-01-04 18:24:51,742 - INFO - 192.168.96.1 - - [04/Jan/2025 18:24:51] "GET /api/health HTTP/1.1" 200 -
2025-01-04 18:24:52,061 - INFO - 192.168.96.1 - - [04/Jan/2025 18:24:52] "GET /api/health HTTP/1.1" 200 -
2025-01-04 18:24:52,359 - INFO - 192.168.96.1 - - [04/Jan/2025 18:24:52] "GET /api/health HTTP/1.1" 200 -
2025-01-04 18:24:53,183 - INFO - 192.168.96.1 - - [04/Jan/2025 18:24:53] "GET /api/health HTTP/1.1" 200 -
2025-01-04 18:24:53,545 - INFO - 192.168.96.1 - - [04/Jan/2025 18:24:53] "GET /api/health HTTP/1.1" 200 -
2025-01-04 18:25:33,530 - INFO - 192.168.96.1 - - [04/Jan/2025 18:25:33] "GET /api/health HTTP/1.1" 200 -
2025-01-04 18:25:33,572 - INFO - 192.168.96.1 - - [04/Jan/2025 18:25:33] "GET /api/health HTTP/1.1" 200 -
2025-01-04 18:25:34,317 - INFO - 192.168.96.1 - - [04/Jan/2025 18:25:34] "GET /api/health HTTP/1.1" 200 -
2025-01-04 18:26:32,427 - INFO - 192.168.96.1 - - [04/Jan/2025 18:26:32] "GET /api/health HTTP/1.1" 200 -
2025-01-04 18:26:33,161 - INFO - 192.168.96.1 - - [04/Jan/2025 18:26:33] "GET /api/health HTTP/1.1" 200 -
2025-01-04 18:26:45,670 - INFO - 192.168.96.1 - - [04/Jan/2025 18:26:45] "GET /api/health HTTP/1.1" 200 -
2025-01-04 18:26:53,442 - INFO - 192.168.96.1 - - [04/Jan/2025 18:26:53] "GET /api/health HTTP/1.1" 200 -
2025-01-04 18:26:53,463 - INFO - 192.168.96.1 - - [04/Jan/2025 18:26:53] "GET /api/health HTTP/1.1" 200 -
2025-01-04 18:28:56,924 - INFO - 192.168.96.1 - - [04/Jan/2025 18:28:56] "GET /api/health HTTP/1.1" 200 -
2025-01-04 18:28:56,931 - INFO - 192.168.96.1 - - [04/Jan/2025 18:28:56] "GET /api/health HTTP/1.1" 200 -
2025-01-04 18:28:57,379 - INFO - 192.168.96.1 - - [04/Jan/2025 18:28:57] "GET /api/health HTTP/1.1" 200 -
2025-01-04 18:29:03,800 - INFO - 192.168.96.1 - - [04/Jan/2025 18:29:03] "OPTIONS /api/recommendations HTTP/1.1" 200 -
2025-01-04 18:29:03,879 - WARNING - Error encoding user ID: y contains previously unseen labels: '1@1.com'
2025-01-04 18:29:03,885 - WARNING - Using default encoding (0)
2025-01-04 18:29:03,914 - WARNING - Error in transform: y contains previously unseen labels: '0'
2025-01-04 18:29:03,915 - WARNING - Using default value 0 for 13421 items
2025-01-04 18:29:07,258 - WARNING - Error encoding user ID: y contains previously unseen labels: '1@1.com'
2025-01-04 18:29:07,258 - WARNING - Using default encoding (0)
2025-01-04 18:29:07,287 - WARNING - Error in transform: y contains previously unseen labels: '0'
2025-01-04 18:29:07,288 - WARNING - Using default value 0 for 13421 items
2025-01-04 18:29:18,987 - INFO - 192.168.96.1 - - [04/Jan/2025 18:29:18] "POST /api/recommendations HTTP/1.1" 200 -
2025-01-04 18:29:20,825 - INFO - 192.168.96.1 - - [04/Jan/2025 18:29:20] "POST /api/recommendations HTTP/1.1" 200 -
2025-01-04 18:29:23,076 - INFO - 192.168.96.1 - - [04/Jan/2025 18:29:23] "GET /api/health HTTP/1.1" 200 -
2025-01-04 18:29:23,091 - INFO - 192.168.96.1 - - [04/Jan/2025 18:29:23] "GET /api/health HTTP/1.1" 200 -
2025-01-04 18:29:23,472 - INFO - 192.168.96.1 - - [04/Jan/2025 18:29:23] "GET /api/health HTTP/1.1" 200 -
2025-01-04 18:29:27,855 - INFO - 192.168.96.1 - - [04/Jan/2025 18:29:27] "OPTIONS /api/recommendations HTTP/1.1" 200 -
2025-01-04 18:29:27,914 - WARNING - Error encoding user ID: y contains previously unseen labels: '1@1.com'
2025-01-04 18:29:27,915 - WARNING - Using default encoding (0)
2025-01-04 18:29:27,963 - WARNING - Error in transform: y contains previously unseen labels: '0'
2025-01-04 18:29:27,964 - WARNING - Using default value 0 for 13421 items
2025-01-04 18:29:29,866 - INFO - 192.168.96.1 - - [04/Jan/2025 18:29:29] "GET /api/health HTTP/1.1" 200 -
2025-01-04 18:29:31,947 - INFO - 192.168.96.1 - - [04/Jan/2025 18:29:31] "GET /api/health HTTP/1.1" 200 -
2025-01-04 18:29:32,211 - INFO - 192.168.96.1 - - [04/Jan/2025 18:29:32] "GET /api/health HTTP/1.1" 200 -
2025-01-04 18:29:35,142 - INFO - 192.168.96.1 - - [04/Jan/2025 18:29:35] "GET /api/health HTTP/1.1" 200 -
2025-01-04 18:29:35,170 - INFO - 192.168.96.1 - - [04/Jan/2025 18:29:35] "GET /api/health HTTP/1.1" 200 -
2025-01-04 18:29:36,282 - INFO - 192.168.96.1 - - [04/Jan/2025 18:29:36] "OPTIONS /api/recommendations HTTP/1.1" 200 -
2025-01-04 18:29:36,391 - WARNING - Error encoding user ID: y contains previously unseen labels: '1@1.com'
2025-01-04 18:29:36,394 - WARNING - Using default encoding (0)
2025-01-04 18:29:36,536 - WARNING - Error in transform: y contains previously unseen labels: '0'
2025-01-04 18:29:36,542 - WARNING - Using default value 0 for 13421 items
2025-01-04 18:29:43,771 - INFO - 192.168.96.1 - - [04/Jan/2025 18:29:43] "POST /api/recommendations HTTP/1.1" 200 -
2025-01-04 18:29:44,254 - INFO - 192.168.96.1 - - [04/Jan/2025 18:29:44] "GET /api/health HTTP/1.1" 200 -
2025-01-04 18:29:45,233 - INFO - 192.168.96.1 - - [04/Jan/2025 18:29:45] "OPTIONS /api/recommendations HTTP/1.1" 200 -
2025-01-04 18:29:45,283 - WARNING - Error encoding user ID: y contains previously unseen labels: '1@1.com'
2025-01-04 18:29:45,283 - WARNING - Using default encoding (0)
2025-01-04 18:29:45,312 - WARNING - Error in transform: y contains previously unseen labels: '0'
2025-01-04 18:29:45,313 - WARNING - Using default value 0 for 13421 items
2025-01-04 18:29:48,458 - WARNING - Error encoding user ID: y contains previously unseen labels: '1@1.com'
2025-01-04 18:29:48,459 - WARNING - Using default encoding (0)
2025-01-04 18:29:48,507 - WARNING - Error in transform: y contains previously unseen labels: '0'
2025-01-04 18:29:48,508 - WARNING - Using default value 0 for 13421 items
2025-01-04 18:29:50,025 - INFO - 192.168.96.1 - - [04/Jan/2025 18:29:50] "GET /api/health HTTP/1.1" 200 -
2025-01-04 18:29:50,848 - INFO - 192.168.96.1 - - [04/Jan/2025 18:29:50] "GET /api/health HTTP/1.1" 200 -
2025-01-04 18:30:11,688 - INFO - 192.168.96.1 - - [04/Jan/2025 18:30:11] "POST /api/recommendations HTTP/1.1" 200 -
2025-01-04 18:30:21,057 - INFO - 192.168.96.1 - - [04/Jan/2025 18:30:21] "POST /api/recommendations HTTP/1.1" 200 -
2025-01-04 18:30:21,745 - INFO - 192.168.96.1 - - [04/Jan/2025 18:30:21] "POST /api/recommendations HTTP/1.1" 200 -
2025-01-04 18:31:27,021 - INFO - 192.168.96.1 - - [04/Jan/2025 18:31:27] "OPTIONS /api/recommendations HTTP/1.1" 200 -
2025-01-04 18:31:27,085 - WARNING - Error encoding user ID: y contains previously unseen labels: '1@1.com'
2025-01-04 18:31:27,086 - WARNING - Using default encoding (0)
2025-01-04 18:31:27,183 - WARNING - Error in transform: y contains previously unseen labels: '0'
2025-01-04 18:31:27,184 - WARNING - Using default value 0 for 13421 items
2025-01-04 18:31:41,093 - INFO - 192.168.96.1 - - [04/Jan/2025 18:31:41] "POST /api/recommendations HTTP/1.1" 200 -
2025-01-04 18:31:46,511 - INFO - 192.168.96.1 - - [04/Jan/2025 18:31:46] "GET /api/health HTTP/1.1" 200 -
2025-01-04 18:33:19,075 - INFO - 192.168.96.1 - - [04/Jan/2025 18:33:19] "GET /api/health HTTP/1.1" 200 -
2025-01-04 18:33:19,091 - INFO - 192.168.96.1 - - [04/Jan/2025 18:33:19] "GET /api/health HTTP/1.1" 200 -
2025-01-04 18:33:19,782 - INFO - 192.168.96.1 - - [04/Jan/2025 18:33:19] "GET /api/health HTTP/1.1" 200 -
2025-01-04 18:33:26,808 - INFO - 192.168.96.1 - - [04/Jan/2025 18:33:26] "OPTIONS /api/recommendations HTTP/1.1" 200 -
2025-01-04 18:33:26,828 - WARNING - Error encoding user ID: y contains previously unseen labels: '1@1.com'
2025-01-04 18:33:26,828 - WARNING - Using default encoding (0)
2025-01-04 18:33:26,880 - WARNING - Error in transform: y contains previously unseen labels: '0'
2025-01-04 18:33:26,881 - WARNING - Using default value 0 for 13421 items
2025-01-04 18:33:28,281 - WARNING - Error encoding user ID: y contains previously unseen labels: '1@1.com'
2025-01-04 18:33:28,283 - WARNING - Using default encoding (0)
2025-01-04 18:33:28,343 - WARNING - Error in transform: y contains previously unseen labels: '0'
2025-01-04 18:33:28,344 - WARNING - Using default value 0 for 13421 items
2025-01-04 18:33:30,881 - WARNING - Error encoding user ID: y contains previously unseen labels: '1@1.com'
2025-01-04 18:33:30,891 - WARNING - Using default encoding (0)
2025-01-04 18:33:30,960 - WARNING - Error in transform: y contains previously unseen labels: '0'
2025-01-04 18:33:30,962 - WARNING - Using default value 0 for 13421 items
2025-01-04 18:33:31,648 - WARNING - Error encoding user ID: y contains previously unseen labels: '1@1.com'
2025-01-04 18:33:31,661 - WARNING - Using default encoding (0)
2025-01-04 18:33:31,725 - WARNING - Error in transform: y contains previously unseen labels: '0'
2025-01-04 18:33:31,730 - WARNING - Using default value 0 for 13421 items
2025-01-04 18:33:32,601 - INFO - 192.168.96.1 - - [04/Jan/2025 18:33:32] "OPTIONS /api/recommendations HTTP/1.1" 200 -
2025-01-04 18:33:32,699 - WARNING - Error encoding user ID: y contains previously unseen labels: '1@1.com'
2025-01-04 18:33:32,720 - WARNING - Using default encoding (0)
2025-01-04 18:33:32,778 - WARNING - Error in transform: y contains previously unseen labels: '0'
2025-01-04 18:33:32,780 - WARNING - Using default value 0 for 13421 items
2025-01-04 18:34:05,057 - INFO - 192.168.96.1 - - [04/Jan/2025 18:34:05] "GET /api/health HTTP/1.1" 200 -
2025-01-04 18:35:51,856 - INFO - 192.168.96.1 - - [04/Jan/2025 18:35:51] "POST /api/recommendations HTTP/1.1" 200 -
2025-01-04 18:35:53,882 - INFO - 192.168.96.1 - - [04/Jan/2025 18:35:53] "POST /api/recommendations HTTP/1.1" 200 -
2025-01-04 18:35:57,007 - INFO - 192.168.96.1 - - [04/Jan/2025 18:35:57] "POST /api/recommendations HTTP/1.1" 200 -
2025-01-04 18:35:57,427 - INFO - 192.168.96.1 - - [04/Jan/2025 18:35:57] "POST /api/recommendations HTTP/1.1" 200 -
2025-01-04 18:35:57,567 - INFO - 192.168.96.1 - - [04/Jan/2025 18:35:57] "POST /api/recommendations HTTP/1.1" 200 -
2025-01-04 18:36:39,874 - INFO - 192.168.96.1 - - [04/Jan/2025 18:36:39] "GET /api/health HTTP/1.1" 200 -
2025-01-04 18:36:43,343 - INFO - 192.168.96.1 - - [04/Jan/2025 18:36:43] "GET /api/health HTTP/1.1" 200 -
2025-01-04 18:37:03,065 - INFO - 192.168.96.1 - - [04/Jan/2025 18:37:03] "GET /api/health HTTP/1.1" 200 -
2025-01-04 18:37:03,078 - INFO - 192.168.96.1 - - [04/Jan/2025 18:37:03] "GET /api/health HTTP/1.1" 200 -
2025-01-04 18:37:03,294 - INFO - 192.168.96.1 - - [04/Jan/2025 18:37:03] "GET /api/health HTTP/1.1" 200 -
2025-01-04 18:37:03,330 - INFO - 192.168.96.1 - - [04/Jan/2025 18:37:03] "GET /api/health HTTP/1.1" 200 -
2025-01-04 18:37:21,372 - INFO - 192.168.96.1 - - [04/Jan/2025 18:37:21] "GET /api/health HTTP/1.1" 200 -
2025-01-04 18:37:21,382 - INFO - 192.168.96.1 - - [04/Jan/2025 18:37:21] "GET /api/health HTTP/1.1" 200 -
2025-01-04 18:37:21,569 - INFO - 192.168.96.1 - - [04/Jan/2025 18:37:21] "GET /api/health HTTP/1.1" 200 -
2025-01-04 18:37:32,176 - INFO - 192.168.96.1 - - [04/Jan/2025 18:37:32] "OPTIONS /api/recommendations HTTP/1.1" 200 -
2025-01-04 18:37:32,229 - WARNING - Error encoding user ID: y contains previously unseen labels: '1@1.com'
2025-01-04 18:37:32,231 - WARNING - Using default encoding (0)
2025-01-04 18:37:32,300 - WARNING - Error in transform: y contains previously unseen labels: '0'
2025-01-04 18:37:32,301 - WARNING - Using default value 0 for 13421 items
2025-01-04 18:37:38,424 - INFO - 192.168.96.1 - - [04/Jan/2025 18:37:38] "POST /api/recommendations HTTP/1.1" 200 -
2025-01-04 18:37:55,968 - INFO - 192.168.96.1 - - [04/Jan/2025 18:37:55] "OPTIONS /api/recommendations HTTP/1.1" 200 -
2025-01-04 18:37:55,989 - WARNING - Error encoding user ID: y contains previously unseen labels: '1@1.com'
2025-01-04 18:37:55,990 - WARNING - Using default encoding (0)
2025-01-04 18:37:56,009 - WARNING - Error in transform: y contains previously unseen labels: '0'
2025-01-04 18:37:56,010 - WARNING - Using default value 0 for 13421 items
2025-01-04 18:38:01,706 - INFO - 192.168.96.1 - - [04/Jan/2025 18:38:01] "POST /api/recommendations HTTP/1.1" 200 -
2025-01-04 18:38:07,056 - INFO - 192.168.96.1 - - [04/Jan/2025 18:38:07] "GET /api/health HTTP/1.1" 200 -
2025-01-04 18:38:07,061 - INFO - 192.168.96.1 - - [04/Jan/2025 18:38:07] "GET /api/health HTTP/1.1" 200 -
2025-01-04 18:38:07,266 - INFO - 192.168.96.1 - - [04/Jan/2025 18:38:07] "GET /api/health HTTP/1.1" 200 -
2025-01-04 18:38:23,784 - INFO - 192.168.96.1 - - [04/Jan/2025 18:38:23] "GET /api/health HTTP/1.1" 200 -
2025-01-04 18:38:25,470 - INFO - 192.168.96.1 - - [04/Jan/2025 18:38:25] "GET /api/health HTTP/1.1" 200 -
2025-01-04 18:38:25,962 - INFO - 192.168.96.1 - - [04/Jan/2025 18:38:25] "GET /api/health HTTP/1.1" 200 -
2025-01-04 18:38:26,574 - INFO - 192.168.96.1 - - [04/Jan/2025 18:38:26] "GET /api/health HTTP/1.1" 200 -
2025-01-04 18:38:27,191 - INFO - 192.168.96.1 - - [04/Jan/2025 18:38:27] "GET /api/health HTTP/1.1" 200 -
2025-01-04 18:38:28,738 - INFO - 192.168.96.1 - - [04/Jan/2025 18:38:28] "GET /api/health HTTP/1.1" 200 -
2025-01-04 18:38:49,997 - INFO - 192.168.96.1 - - [04/Jan/2025 18:38:49] "GET /api/health HTTP/1.1" 200 -
2025-01-04 18:38:50,004 - INFO - 192.168.96.1 - - [04/Jan/2025 18:38:50] "GET /api/health HTTP/1.1" 200 -
2025-01-04 18:38:50,234 - INFO - 192.168.96.1 - - [04/Jan/2025 18:38:50] "GET /api/health HTTP/1.1" 200 -
2025-01-04 18:38:50,257 - INFO - 192.168.96.1 - - [04/Jan/2025 18:38:50] "GET /api/health HTTP/1.1" 200 -
2025-01-04 18:39:23,466 - INFO - 192.168.96.1 - - [04/Jan/2025 18:39:23] "GET /api/health HTTP/1.1" 200 -
2025-01-04 18:39:25,935 - INFO - 192.168.96.1 - - [04/Jan/2025 18:39:25] "GET /api/health HTTP/1.1" 200 -
2025-01-04 18:43:26,694 - INFO - 192.168.96.1 - - [04/Jan/2025 18:43:26] "GET /api/health HTTP/1.1" 200 -
2025-01-04 18:43:34,561 - INFO - 192.168.96.1 - - [04/Jan/2025 18:43:34] "GET /api/health HTTP/1.1" 200 -
2025-01-04 18:43:59,101 - INFO - 192.168.96.1 - - [04/Jan/2025 18:43:59] "GET /api/health HTTP/1.1" 200 -
2025-01-04 18:43:59,150 - INFO - 192.168.96.1 - - [04/Jan/2025 18:43:59] "GET /api/health HTTP/1.1" 200 -
2025-01-04 18:44:00,088 - INFO - 192.168.96.1 - - [04/Jan/2025 18:44:00] "GET /api/health HTTP/1.1" 200 -
2025-01-04 18:44:00,352 - INFO - 192.168.96.1 - - [04/Jan/2025 18:44:00] "GET /api/health HTTP/1.1" 200 -
2025-01-04 18:48:27,325 - INFO - 192.168.96.1 - - [04/Jan/2025 18:48:27] "GET /api/health HTTP/1.1" 200 -
2025-01-04 18:48:27,333 - INFO - 192.168.96.1 - - [04/Jan/2025 18:48:27] "GET /api/health HTTP/1.1" 200 -
2025-01-04 18:48:27,608 - INFO - 192.168.96.1 - - [04/Jan/2025 18:48:27] "GET /api/health HTTP/1.1" 200 -
2025-01-04 18:48:51,897 - INFO - 192.168.96.1 - - [04/Jan/2025 18:48:51] "OPTIONS /api/recommendations HTTP/1.1" 200 -
2025-01-04 18:48:52,040 - WARNING - Error encoding user ID: y contains previously unseen labels: '1@1.com'
2025-01-04 18:48:52,041 - WARNING - Using default encoding (0)
2025-01-04 18:48:52,089 - WARNING - Error in transform: y contains previously unseen labels: '0'
2025-01-04 18:48:52,090 - WARNING - Using default value 0 for 13421 items
2025-01-04 18:48:57,771 - INFO - 192.168.96.1 - - [04/Jan/2025 18:48:57] "POST /api/recommendations HTTP/1.1" 200 -
2025-01-04 18:49:31,377 - INFO - 192.168.96.1 - - [04/Jan/2025 18:49:31] "GET /api/health HTTP/1.1" 200 -
2025-01-04 18:49:31,929 - INFO - 192.168.96.1 - - [04/Jan/2025 18:49:31] "GET /api/health HTTP/1.1" 200 -
2025-01-04 18:51:02,171 - INFO - 192.168.96.1 - - [04/Jan/2025 18:51:02] "GET /api/health HTTP/1.1" 200 -
2025-01-04 18:51:17,025 - INFO - 192.168.96.1 - - [04/Jan/2025 18:51:17] "OPTIONS /api/recommendations HTTP/1.1" 200 -
2025-01-04 18:51:17,063 - WARNING - Error encoding user ID: y contains previously unseen labels: '1@1.com'
2025-01-04 18:51:17,064 - WARNING - Using default encoding (0)
2025-01-04 18:51:17,090 - WARNING - Error in transform: y contains previously unseen labels: '0'
2025-01-04 18:51:17,091 - WARNING - Using default value 0 for 13421 items
2025-01-04 18:51:22,027 - INFO - 192.168.96.1 - - [04/Jan/2025 18:51:22] "POST /api/recommendations HTTP/1.1" 200 -
2025-01-04 18:53:55,754 - INFO - Loading model from /home/martinson/Lhydra_rs/data_engineered_v3/rs_main_v2_refactored/checkpoints/best_model.pth
2025-01-04 18:53:57,867 - INFO - Model loaded successfully
2025-01-04 18:53:57,924 - INFO - Encoder class counts:
2025-01-04 18:53:57,924 - INFO - user_encoder: 9717
2025-01-04 18:53:57,924 - INFO - music_encoder: 9373
2025-01-04 18:53:57,924 - INFO - artist_encoder: 5059
2025-01-04 18:53:57,925 - INFO - genre_encoder: 12
2025-01-04 18:53:57,925 - INFO - Model dimensions from state dict:
2025-01-04 18:53:57,925 - INFO - num_users: 7773
2025-01-04 18:53:57,925 - INFO - num_music: 9324
2025-01-04 18:53:57,926 - INFO - num_artists: 4482
2025-01-04 18:53:57,926 - INFO - num_genres: 12
2025-01-04 18:53:57,926 - INFO - num_numerical: 12
2025-01-04 18:53:58,128 - INFO - [31m[1mWARNING: This is a development server. Do not use it in a production deployment. Use a production WSGI server instead.[0m
 * Running on all addresses (0.0.0.0)
 * Running on http://127.0.0.1:5000
 * Running on http://192.168.100.216:5000
2025-01-04 18:53:58,129 - INFO - [33mPress CTRL+C to quit[0m
2025-01-04 18:53:58,153 - INFO -  * Restarting with watchdog (inotify)
2025-01-04 18:54:12,318 - INFO - Loading model from /home/martinson/Lhydra_rs/data_engineered_v3/rs_main_v2_refactored/checkpoints/best_model.pth
2025-01-04 18:54:13,995 - INFO - Model loaded successfully
2025-01-04 18:54:14,025 - INFO - Encoder class counts:
2025-01-04 18:54:14,026 - INFO - user_encoder: 9717
2025-01-04 18:54:14,026 - INFO - music_encoder: 9373
2025-01-04 18:54:14,026 - INFO - artist_encoder: 5059
2025-01-04 18:54:14,027 - INFO - genre_encoder: 12
2025-01-04 18:54:14,027 - INFO - Model dimensions from state dict:
2025-01-04 18:54:14,027 - INFO - num_users: 7773
2025-01-04 18:54:14,027 - INFO - num_music: 9324
2025-01-04 18:54:14,028 - INFO - num_artists: 4482
2025-01-04 18:54:14,028 - INFO - num_genres: 12
2025-01-04 18:54:14,028 - INFO - num_numerical: 12
2025-01-04 18:54:14,134 - WARNING -  * Debugger is active!
2025-01-04 18:54:14,137 - INFO -  * Debugger PIN: 110-953-194
2025-01-04 18:54:31,001 - INFO - 192.168.96.1 - - [04/Jan/2025 18:54:31] "GET /api/health HTTP/1.1" 200 -
2025-01-04 18:54:31,288 - INFO - 192.168.96.1 - - [04/Jan/2025 18:54:31] "GET /api/health HTTP/1.1" 200 -
2025-01-04 18:54:31,380 - INFO - 192.168.96.1 - - [04/Jan/2025 18:54:31] "GET /api/health HTTP/1.1" 200 -
2025-01-04 18:54:31,440 - INFO - 192.168.96.1 - - [04/Jan/2025 18:54:31] "GET /api/health HTTP/1.1" 200 -
2025-01-04 18:54:34,235 - INFO - 192.168.96.1 - - [04/Jan/2025 18:54:34] "GET /api/health HTTP/1.1" 200 -
2025-01-04 18:54:38,574 - INFO - 192.168.96.1 - - [04/Jan/2025 18:54:38] "OPTIONS /api/recommendations HTTP/1.1" 200 -
2025-01-04 18:54:38,641 - WARNING - Error encoding user ID: y contains previously unseen labels: '1@1.com'
2025-01-04 18:54:38,644 - WARNING - Using default encoding (0)
2025-01-04 18:54:38,688 - WARNING - Error in transform: y contains previously unseen labels: '0'
2025-01-04 18:54:38,689 - WARNING - Using default value 0 for 13421 items
2025-01-04 18:54:49,233 - INFO - 192.168.96.1 - - [04/Jan/2025 18:54:49] "POST /api/recommendations HTTP/1.1" 200 -
2025-01-04 18:59:04,655 - INFO - 192.168.96.1 - - [04/Jan/2025 18:59:04] "GET /api/health HTTP/1.1" 200 -
2025-01-04 18:59:04,711 - INFO - 192.168.96.1 - - [04/Jan/2025 18:59:04] "GET /api/health HTTP/1.1" 200 -
2025-01-04 18:59:04,726 - INFO - 192.168.96.1 - - [04/Jan/2025 18:59:04] "GET /api/health HTTP/1.1" 200 -
2025-01-04 18:59:09,719 - INFO - 192.168.96.1 - - [04/Jan/2025 18:59:09] "OPTIONS /api/recommendations HTTP/1.1" 200 -
2025-01-04 18:59:09,885 - WARNING - Error encoding user ID: y contains previously unseen labels: '1@1.com'
2025-01-04 18:59:09,886 - WARNING - Using default encoding (0)
2025-01-04 18:59:09,925 - WARNING - Error in transform: y contains previously unseen labels: '0'
2025-01-04 18:59:09,926 - WARNING - Using default value 0 for 13421 items
2025-01-04 18:59:14,595 - INFO - 192.168.96.1 - - [04/Jan/2025 18:59:14] "POST /api/recommendations HTTP/1.1" 200 -
2025-01-04 18:59:24,237 - INFO - 192.168.96.1 - - [04/Jan/2025 18:59:24] "OPTIONS /api/recommendations HTTP/1.1" 200 -
2025-01-04 18:59:24,273 - WARNING - Error encoding user ID: y contains previously unseen labels: '1@1.com'
2025-01-04 18:59:24,273 - WARNING - Using default encoding (0)
2025-01-04 18:59:24,311 - WARNING - Error in transform: y contains previously unseen labels: '0'
2025-01-04 18:59:24,312 - WARNING - Using default value 0 for 13421 items
2025-01-04 18:59:27,783 - INFO - 192.168.96.1 - - [04/Jan/2025 18:59:27] "POST /api/recommendations HTTP/1.1" 200 -
2025-01-04 19:01:18,213 - INFO - 192.168.96.1 - - [04/Jan/2025 19:01:18] "GET /api/health HTTP/1.1" 200 -
2025-01-04 19:01:18,268 - INFO - 192.168.96.1 - - [04/Jan/2025 19:01:18] "GET /api/health HTTP/1.1" 200 -
2025-01-04 19:01:54,851 - INFO - 192.168.96.1 - - [04/Jan/2025 19:01:54] "GET /api/health HTTP/1.1" 200 -
2025-01-04 19:01:54,863 - INFO - 192.168.96.1 - - [04/Jan/2025 19:01:54] "GET /api/health HTTP/1.1" 200 -
2025-01-04 19:01:55,355 - INFO - 192.168.96.1 - - [04/Jan/2025 19:01:55] "GET /api/health HTTP/1.1" 200 -
2025-01-04 19:02:08,160 - INFO - 192.168.96.1 - - [04/Jan/2025 19:02:08] "OPTIONS /api/recommendations HTTP/1.1" 200 -
2025-01-04 19:02:08,269 - WARNING - Error encoding user ID: y contains previously unseen labels: '1@1.com'
2025-01-04 19:02:08,270 - WARNING - Using default encoding (0)
2025-01-04 19:02:08,302 - WARNING - Error in transform: y contains previously unseen labels: '0'
2025-01-04 19:02:08,303 - WARNING - Using default value 0 for 13421 items
2025-01-04 19:02:13,388 - INFO - 192.168.96.1 - - [04/Jan/2025 19:02:13] "POST /api/recommendations HTTP/1.1" 200 -
2025-01-04 19:02:27,148 - INFO - 192.168.96.1 - - [04/Jan/2025 19:02:27] "OPTIONS /api/recommendations HTTP/1.1" 200 -
2025-01-04 19:02:27,277 - WARNING - Error encoding user ID: y contains previously unseen labels: '1@1.com'
2025-01-04 19:02:27,281 - WARNING - Using default encoding (0)
2025-01-04 19:02:27,329 - WARNING - Error in transform: y contains previously unseen labels: '0'
2025-01-04 19:02:27,330 - WARNING - Using default value 0 for 13421 items
2025-01-04 19:02:31,556 - INFO - 192.168.96.1 - - [04/Jan/2025 19:02:31] "POST /api/recommendations HTTP/1.1" 200 -
2025-01-04 19:03:03,222 - INFO - 192.168.96.1 - - [04/Jan/2025 19:03:03] "GET /api/health HTTP/1.1" 200 -
2025-01-04 19:03:03,229 - INFO - 192.168.96.1 - - [04/Jan/2025 19:03:03] "GET /api/health HTTP/1.1" 200 -
2025-01-04 19:03:03,505 - INFO - 192.168.96.1 - - [04/Jan/2025 19:03:03] "GET /api/health HTTP/1.1" 200 -
2025-01-04 19:05:27,500 - INFO - 192.168.96.1 - - [04/Jan/2025 19:05:27] "OPTIONS /api/recommendations HTTP/1.1" 200 -
2025-01-04 19:05:27,940 - WARNING - Error encoding user ID: y contains previously unseen labels: '1@1.com'
2025-01-04 19:05:27,950 - WARNING - Using default encoding (0)
2025-01-04 19:05:28,061 - WARNING - Error in transform: y contains previously unseen labels: '0'
2025-01-04 19:05:28,063 - WARNING - Using default value 0 for 13421 items
2025-01-04 19:05:44,276 - INFO - 192.168.96.1 - - [04/Jan/2025 19:05:44] "POST /api/recommendations HTTP/1.1" 200 -
2025-01-04 19:05:58,955 - INFO - 192.168.96.1 - - [04/Jan/2025 19:05:58] "GET /api/health HTTP/1.1" 200 -
2025-01-04 19:05:58,965 - INFO - 192.168.96.1 - - [04/Jan/2025 19:05:58] "GET /api/health HTTP/1.1" 200 -
2025-01-04 19:05:59,529 - INFO - 192.168.96.1 - - [04/Jan/2025 19:05:59] "GET /api/health HTTP/1.1" 200 -
2025-01-04 19:06:52,029 - INFO - 192.168.96.1 - - [04/Jan/2025 19:06:52] "GET /api/health HTTP/1.1" 200 -
2025-01-04 19:06:52,185 - INFO - 192.168.96.1 - - [04/Jan/2025 19:06:52] "GET /api/health HTTP/1.1" 200 -
2025-01-04 19:06:52,729 - INFO - 192.168.96.1 - - [04/Jan/2025 19:06:52] "GET /api/health HTTP/1.1" 200 -
2025-01-04 19:07:14,098 - INFO - 192.168.96.1 - - [04/Jan/2025 19:07:14] "GET /api/health HTTP/1.1" 200 -
2025-01-04 19:07:14,302 - INFO - 192.168.96.1 - - [04/Jan/2025 19:07:14] "GET /api/health HTTP/1.1" 200 -
2025-01-04 19:15:59,029 - INFO - 192.168.96.1 - - [04/Jan/2025 19:15:59] "GET /api/health HTTP/1.1" 200 -
2025-01-04 19:15:59,060 - INFO - 192.168.96.1 - - [04/Jan/2025 19:15:59] "GET /api/health HTTP/1.1" 200 -
2025-01-04 19:16:08,191 - INFO - 192.168.96.1 - - [04/Jan/2025 19:16:08] "GET /api/health HTTP/1.1" 200 -
2025-01-04 19:16:08,199 - INFO - 192.168.96.1 - - [04/Jan/2025 19:16:08] "GET /api/health HTTP/1.1" 200 -
2025-01-04 19:16:35,437 - INFO - 192.168.96.1 - - [04/Jan/2025 19:16:35] "GET /api/health HTTP/1.1" 200 -
2025-01-04 19:16:35,479 - INFO - 192.168.96.1 - - [04/Jan/2025 19:16:35] "GET /api/health HTTP/1.1" 200 -
2025-01-04 19:16:36,106 - INFO - 192.168.96.1 - - [04/Jan/2025 19:16:36] "GET /api/health HTTP/1.1" 200 -
2025-01-04 19:16:46,571 - INFO - 192.168.96.1 - - [04/Jan/2025 19:16:46] "GET /api/health HTTP/1.1" 200 -
2025-01-04 19:16:46,597 - INFO - 192.168.96.1 - - [04/Jan/2025 19:16:46] "GET /api/health HTTP/1.1" 200 -
2025-01-04 19:21:58,843 - INFO - 192.168.96.1 - - [04/Jan/2025 19:21:58] "GET /api/health HTTP/1.1" 200 -
2025-01-04 19:21:58,850 - INFO - 192.168.96.1 - - [04/Jan/2025 19:21:58] "GET /api/health HTTP/1.1" 200 -
2025-01-04 19:21:59,048 - INFO - 192.168.96.1 - - [04/Jan/2025 19:21:59] "GET /api/health HTTP/1.1" 200 -
2025-01-04 19:22:05,240 - INFO - 192.168.96.1 - - [04/Jan/2025 19:22:05] "GET /api/health HTTP/1.1" 200 -
2025-01-04 19:22:05,258 - INFO - 192.168.96.1 - - [04/Jan/2025 19:22:05] "GET /api/health HTTP/1.1" 200 -
2025-01-04 19:25:49,073 - INFO - 192.168.96.1 - - [04/Jan/2025 19:25:49] "GET /api/health HTTP/1.1" 200 -
2025-01-04 19:25:49,082 - INFO - 192.168.96.1 - - [04/Jan/2025 19:25:49] "GET /api/health HTTP/1.1" 200 -
2025-01-04 19:25:49,584 - INFO - 192.168.96.1 - - [04/Jan/2025 19:25:49] "GET /api/health HTTP/1.1" 200 -
2025-01-04 19:25:56,858 - INFO - 192.168.96.1 - - [04/Jan/2025 19:25:56] "GET /api/health HTTP/1.1" 200 -
2025-01-04 19:25:56,865 - INFO - 192.168.96.1 - - [04/Jan/2025 19:25:56] "GET /api/health HTTP/1.1" 200 -
2025-01-04 19:29:41,376 - INFO - 192.168.96.1 - - [04/Jan/2025 19:29:41] "GET /api/health HTTP/1.1" 200 -
2025-01-04 19:29:41,384 - INFO - 192.168.96.1 - - [04/Jan/2025 19:29:41] "GET /api/health HTTP/1.1" 200 -
2025-01-04 19:29:41,874 - INFO - 192.168.96.1 - - [04/Jan/2025 19:29:41] "GET /api/health HTTP/1.1" 200 -
2025-01-04 19:29:47,801 - INFO - 192.168.96.1 - - [04/Jan/2025 19:29:47] "GET /api/health HTTP/1.1" 200 -
2025-01-04 19:29:47,810 - INFO - 192.168.96.1 - - [04/Jan/2025 19:29:47] "GET /api/health HTTP/1.1" 200 -
2025-01-04 19:32:17,907 - INFO - 192.168.96.1 - - [04/Jan/2025 19:32:17] "GET /api/health HTTP/1.1" 200 -
2025-01-04 19:32:17,917 - INFO - 192.168.96.1 - - [04/Jan/2025 19:32:17] "GET /api/health HTTP/1.1" 200 -
2025-01-04 19:32:19,944 - INFO - 192.168.96.1 - - [04/Jan/2025 19:32:19] "GET /api/health HTTP/1.1" 200 -
2025-01-04 19:32:28,983 - INFO - 192.168.96.1 - - [04/Jan/2025 19:32:28] "GET /api/health HTTP/1.1" 200 -
2025-01-04 19:32:29,005 - INFO - 192.168.96.1 - - [04/Jan/2025 19:32:29] "GET /api/health HTTP/1.1" 200 -
2025-01-04 19:32:29,597 - INFO - 192.168.96.1 - - [04/Jan/2025 19:32:29] "GET /api/health HTTP/1.1" 200 -
2025-01-04 19:32:33,087 - INFO - 192.168.96.1 - - [04/Jan/2025 19:32:33] "GET /api/health HTTP/1.1" 200 -
2025-01-04 19:32:33,093 - INFO - 192.168.96.1 - - [04/Jan/2025 19:32:33] "GET /api/health HTTP/1.1" 200 -
2025-01-04 19:32:40,154 - INFO - 192.168.96.1 - - [04/Jan/2025 19:32:40] "GET /api/health HTTP/1.1" 200 -
2025-01-04 19:32:40,161 - INFO - 192.168.96.1 - - [04/Jan/2025 19:32:40] "GET /api/health HTTP/1.1" 200 -
2025-01-04 19:32:44,118 - INFO - 192.168.96.1 - - [04/Jan/2025 19:32:44] "GET /api/health HTTP/1.1" 200 -
2025-01-04 19:32:44,133 - INFO - 192.168.96.1 - - [04/Jan/2025 19:32:44] "GET /api/health HTTP/1.1" 200 -
2025-01-04 19:35:44,188 - INFO - 192.168.96.1 - - [04/Jan/2025 19:35:44] "GET /api/health HTTP/1.1" 200 -
2025-01-04 19:35:44,192 - INFO - 192.168.96.1 - - [04/Jan/2025 19:35:44] "GET /api/health HTTP/1.1" 200 -
2025-01-04 19:35:44,559 - INFO - 192.168.96.1 - - [04/Jan/2025 19:35:44] "GET /api/health HTTP/1.1" 200 -
2025-01-04 19:35:50,570 - INFO - 192.168.96.1 - - [04/Jan/2025 19:35:50] "GET /api/health HTTP/1.1" 200 -
2025-01-04 19:35:50,596 - INFO - 192.168.96.1 - - [04/Jan/2025 19:35:50] "GET /api/health HTTP/1.1" 200 -
2025-01-04 19:38:07,218 - INFO - 192.168.96.1 - - [04/Jan/2025 19:38:07] "[33mGET / HTTP/1.1[0m" 404 -
2025-01-04 19:38:07,840 - INFO - 192.168.96.1 - - [04/Jan/2025 19:38:07] "[33mGET / HTTP/1.1[0m" 404 -
2025-01-04 19:38:08,226 - INFO - 192.168.96.1 - - [04/Jan/2025 19:38:08] "[33mGET /favicon.ico HTTP/1.1[0m" 404 -
2025-01-04 19:38:08,249 - INFO - 192.168.96.1 - - [04/Jan/2025 19:38:08] "[33mGET /favicon.ico HTTP/1.1[0m" 404 -
2025-01-04 19:45:11,394 - INFO - 192.168.96.1 - - [04/Jan/2025 19:45:11] "GET /api/health HTTP/1.1" 200 -
2025-01-04 19:45:11,446 - INFO - 192.168.96.1 - - [04/Jan/2025 19:45:11] "GET /api/health HTTP/1.1" 200 -
2025-01-04 19:45:11,696 - INFO - 192.168.96.1 - - [04/Jan/2025 19:45:11] "GET /api/health HTTP/1.1" 200 -
2025-01-04 19:45:18,109 - INFO - 192.168.96.1 - - [04/Jan/2025 19:45:18] "GET /api/health HTTP/1.1" 200 -
2025-01-04 19:45:18,123 - INFO - 192.168.96.1 - - [04/Jan/2025 19:45:18] "GET /api/health HTTP/1.1" 200 -
2025-01-04 23:25:11,204 - INFO - 192.168.96.1 - - [04/Jan/2025 23:25:11] "GET /api/health HTTP/1.1" 200 -
2025-01-04 23:25:11,686 - INFO - 192.168.96.1 - - [04/Jan/2025 23:25:11] "GET /api/health HTTP/1.1" 200 -
2025-01-04 23:25:11,779 - INFO - 192.168.96.1 - - [04/Jan/2025 23:25:11] "GET /api/health HTTP/1.1" 200 -
2025-01-04 23:25:42,102 - INFO - 192.168.96.1 - - [04/Jan/2025 23:25:42] "GET /api/health HTTP/1.1" 200 -
2025-01-04 23:25:42,119 - INFO - 192.168.96.1 - - [04/Jan/2025 23:25:42] "GET /api/health HTTP/1.1" 200 -
2025-01-04 23:42:39,844 - INFO - 192.168.96.1 - - [04/Jan/2025 23:42:39] "GET /api/health HTTP/1.1" 200 -
2025-01-04 23:42:42,551 - INFO - 192.168.96.1 - - [04/Jan/2025 23:42:42] "GET /api/health HTTP/1.1" 200 -
2025-01-04 23:48:09,359 - INFO - 192.168.96.1 - - [04/Jan/2025 23:48:09] "GET /api/health HTTP/1.1" 200 -
2025-01-04 23:48:09,370 - INFO - 192.168.96.1 - - [04/Jan/2025 23:48:09] "GET /api/health HTTP/1.1" 200 -
2025-01-04 23:48:10,426 - INFO - 192.168.96.1 - - [04/Jan/2025 23:48:10] "GET /api/health HTTP/1.1" 200 -
2025-01-04 23:49:12,008 - INFO - 192.168.96.1 - - [04/Jan/2025 23:49:12] "GET /api/health HTTP/1.1" 200 -
2025-01-04 23:49:12,015 - INFO - 192.168.96.1 - - [04/Jan/2025 23:49:12] "GET /api/health HTTP/1.1" 200 -
2025-01-04 23:49:53,372 - INFO - 192.168.96.1 - - [04/Jan/2025 23:49:53] "OPTIONS /api/recommendations HTTP/1.1" 200 -
2025-01-04 23:49:54,013 - WARNING - Error encoding user ID: y contains previously unseen labels: '1@1.com'
2025-01-04 23:49:54,015 - WARNING - Using default encoding (0)
2025-01-04 23:49:54,084 - WARNING - Error in transform: y contains previously unseen labels: '0'
2025-01-04 23:49:54,085 - WARNING - Using default value 0 for 13421 items
2025-01-04 23:49:59,846 - INFO - 192.168.96.1 - - [04/Jan/2025 23:49:59] "POST /api/recommendations HTTP/1.1" 200 -
2025-01-05 00:01:45,931 - INFO - 192.168.96.1 - - [05/Jan/2025 00:01:45] "GET /api/health HTTP/1.1" 200 -
2025-01-05 00:01:55,804 - INFO - 192.168.96.1 - - [05/Jan/2025 00:01:55] "GET /api/health HTTP/1.1" 200 -
2025-01-05 00:01:56,813 - INFO - 192.168.96.1 - - [05/Jan/2025 00:01:56] "GET /api/health HTTP/1.1" 200 -
2025-01-05 00:03:34,282 - INFO - 192.168.96.1 - - [05/Jan/2025 00:03:34] "GET /api/health HTTP/1.1" 200 -
2025-01-05 00:03:34,294 - INFO - 192.168.96.1 - - [05/Jan/2025 00:03:34] "GET /api/health HTTP/1.1" 200 -
2025-01-05 00:03:46,496 - INFO - 192.168.96.1 - - [05/Jan/2025 00:03:46] "GET /api/health HTTP/1.1" 200 -
2025-01-05 00:03:46,502 - INFO - 192.168.96.1 - - [05/Jan/2025 00:03:46] "GET /api/health HTTP/1.1" 200 -
2025-01-05 00:12:25,000 - INFO - 192.168.96.1 - - [05/Jan/2025 00:12:25] "GET /api/health HTTP/1.1" 200 -
2025-01-05 00:23:30,732 - INFO - 192.168.96.1 - - [05/Jan/2025 00:23:30] "GET /api/health HTTP/1.1" 200 -
2025-01-05 00:31:58,629 - INFO - 192.168.96.1 - - [05/Jan/2025 00:31:58] "GET /api/health HTTP/1.1" 200 -
2025-01-05 00:31:59,071 - INFO - 192.168.96.1 - - [05/Jan/2025 00:31:59] "GET /api/health HTTP/1.1" 200 -
2025-01-05 00:33:17,294 - INFO - 192.168.96.1 - - [05/Jan/2025 00:33:17] "GET /api/health HTTP/1.1" 200 -
2025-01-05 00:33:17,880 - INFO - 192.168.96.1 - - [05/Jan/2025 00:33:17] "GET /api/health HTTP/1.1" 200 -
2025-01-05 00:34:53,004 - INFO - 192.168.96.1 - - [05/Jan/2025 00:34:53] "GET /api/health HTTP/1.1" 200 -
2025-01-05 00:34:59,893 - INFO - 192.168.96.1 - - [05/Jan/2025 00:34:59] "GET /api/health HTTP/1.1" 200 -
2025-01-05 00:34:59,902 - INFO - 192.168.96.1 - - [05/Jan/2025 00:34:59] "GET /api/health HTTP/1.1" 200 -
2025-01-05 00:42:52,817 - INFO - 192.168.96.1 - - [05/Jan/2025 00:42:52] "GET /api/health HTTP/1.1" 200 -
2025-01-05 00:42:52,832 - INFO - 192.168.96.1 - - [05/Jan/2025 00:42:52] "GET /api/health HTTP/1.1" 200 -
2025-01-05 00:42:53,097 - INFO - 192.168.96.1 - - [05/Jan/2025 00:42:53] "GET /api/health HTTP/1.1" 200 -
2025-01-05 00:42:56,902 - INFO - 192.168.96.1 - - [05/Jan/2025 00:42:56] "GET /api/health HTTP/1.1" 200 -
2025-01-05 00:42:56,918 - INFO - 192.168.96.1 - - [05/Jan/2025 00:42:56] "GET /api/health HTTP/1.1" 200 -
2025-01-05 00:43:13,927 - INFO - 192.168.96.1 - - [05/Jan/2025 00:43:13] "GET /api/health HTTP/1.1" 200 -
2025-01-05 00:43:26,921 - INFO - 192.168.96.1 - - [05/Jan/2025 00:43:26] "GET /api/health HTTP/1.1" 200 -
2025-01-05 00:43:57,253 - INFO - 192.168.96.1 - - [05/Jan/2025 00:43:57] "GET /api/health HTTP/1.1" 200 -
2025-01-05 00:44:26,985 - INFO - 192.168.96.1 - - [05/Jan/2025 00:44:26] "GET /api/health HTTP/1.1" 200 -
2025-01-05 00:44:56,912 - INFO - 192.168.96.1 - - [05/Jan/2025 00:44:56] "GET /api/health HTTP/1.1" 200 -
2025-01-05 00:45:26,932 - INFO - 192.168.96.1 - - [05/Jan/2025 00:45:26] "GET /api/health HTTP/1.1" 200 -
2025-01-05 00:45:56,910 - INFO - 192.168.96.1 - - [05/Jan/2025 00:45:56] "GET /api/health HTTP/1.1" 200 -
2025-01-05 00:46:26,918 - INFO - 192.168.96.1 - - [05/Jan/2025 00:46:26] "GET /api/health HTTP/1.1" 200 -
2025-01-05 00:46:56,910 - INFO - 192.168.96.1 - - [05/Jan/2025 00:46:56] "GET /api/health HTTP/1.1" 200 -
2025-01-05 00:47:43,354 - INFO - 192.168.96.1 - - [05/Jan/2025 00:47:43] "GET /api/health HTTP/1.1" 200 -
2025-01-05 00:48:55,522 - INFO - 192.168.96.1 - - [05/Jan/2025 00:48:55] "GET /api/health HTTP/1.1" 200 -
2025-01-05 00:50:05,503 - INFO - 192.168.96.1 - - [05/Jan/2025 00:50:05] "GET /api/health HTTP/1.1" 200 -
2025-01-05 00:51:05,418 - INFO - 192.168.96.1 - - [05/Jan/2025 00:51:05] "GET /api/health HTTP/1.1" 200 -
2025-01-05 01:02:16,884 - INFO - 192.168.96.1 - - [05/Jan/2025 01:02:16] "GET /api/health HTTP/1.1" 200 -
2025-01-05 01:02:19,613 - INFO - 192.168.96.1 - - [05/Jan/2025 01:02:19] "GET /api/health HTTP/1.1" 200 -
2025-01-05 01:08:50,998 - INFO - 192.168.96.1 - - [05/Jan/2025 01:08:50] "GET /api/health HTTP/1.1" 200 -
2025-01-05 01:08:52,618 - INFO - 192.168.96.1 - - [05/Jan/2025 01:08:52] "GET /api/health HTTP/1.1" 200 -
2025-01-05 01:08:53,152 - INFO - 192.168.96.1 - - [05/Jan/2025 01:08:53] "GET /api/health HTTP/1.1" 200 -
2025-01-05 01:08:55,218 - INFO - 192.168.96.1 - - [05/Jan/2025 01:08:55] "GET /api/health HTTP/1.1" 200 -
2025-01-05 01:08:55,459 - INFO - 192.168.96.1 - - [05/Jan/2025 01:08:55] "GET /api/health HTTP/1.1" 200 -
2025-01-05 01:10:00,418 - INFO - 192.168.96.1 - - [05/Jan/2025 01:10:00] "GET /api/health HTTP/1.1" 200 -
2025-01-05 01:10:00,794 - INFO - 192.168.96.1 - - [05/Jan/2025 01:10:00] "GET /api/health HTTP/1.1" 200 -
2025-01-05 01:10:01,338 - INFO - 192.168.96.1 - - [05/Jan/2025 01:10:01] "GET /api/health HTTP/1.1" 200 -
2025-01-05 01:12:07,159 - INFO - 192.168.96.1 - - [05/Jan/2025 01:12:07] "GET /api/health HTTP/1.1" 200 -
2025-01-05 01:12:15,300 - INFO - 192.168.96.1 - - [05/Jan/2025 01:12:15] "GET /api/health HTTP/1.1" 200 -
2025-01-05 01:12:53,544 - INFO - 192.168.96.1 - - [05/Jan/2025 01:12:53] "GET /api/health HTTP/1.1" 200 -
2025-01-05 01:14:42,150 - INFO - 192.168.96.1 - - [05/Jan/2025 01:14:42] "GET /api/health HTTP/1.1" 200 -
2025-01-05 01:16:43,851 - INFO - 192.168.96.1 - - [05/Jan/2025 01:16:43] "GET /api/health HTTP/1.1" 200 -
2025-01-05 01:24:22,983 - INFO - 192.168.96.1 - - [05/Jan/2025 01:24:22] "GET /api/health HTTP/1.1" 200 -
2025-01-05 01:24:26,341 - INFO - 192.168.96.1 - - [05/Jan/2025 01:24:26] "GET /api/health HTTP/1.1" 200 -
2025-01-05 01:24:26,385 - INFO - 192.168.96.1 - - [05/Jan/2025 01:24:26] "GET /api/health HTTP/1.1" 200 -
2025-01-05 01:24:26,558 - INFO - 192.168.96.1 - - [05/Jan/2025 01:24:26] "GET /api/health HTTP/1.1" 200 -
2025-01-05 01:24:26,631 - INFO - 192.168.96.1 - - [05/Jan/2025 01:24:26] "GET /api/health HTTP/1.1" 200 -
2025-01-05 01:24:32,098 - INFO - 192.168.96.1 - - [05/Jan/2025 01:24:32] "GET /api/health HTTP/1.1" 200 -
2025-01-05 01:24:32,113 - INFO - 192.168.96.1 - - [05/Jan/2025 01:24:32] "GET /api/health HTTP/1.1" 200 -
2025-01-05 01:26:26,763 - INFO - 192.168.96.1 - - [05/Jan/2025 01:26:26] "GET /api/health HTTP/1.1" 200 -
2025-01-05 01:26:26,811 - INFO - 192.168.96.1 - - [05/Jan/2025 01:26:26] "GET /api/health HTTP/1.1" 200 -
2025-01-05 01:27:02,606 - INFO - 192.168.96.1 - - [05/Jan/2025 01:27:02] "GET /api/health HTTP/1.1" 200 -
2025-01-05 01:27:02,613 - INFO - 192.168.96.1 - - [05/Jan/2025 01:27:02] "GET /api/health HTTP/1.1" 200 -
2025-01-05 01:27:07,107 - INFO - 192.168.96.1 - - [05/Jan/2025 01:27:07] "GET /api/health HTTP/1.1" 200 -
2025-01-05 01:27:07,117 - INFO - 192.168.96.1 - - [05/Jan/2025 01:27:07] "GET /api/health HTTP/1.1" 200 -
2025-01-05 01:33:50,916 - INFO - 192.168.96.1 - - [05/Jan/2025 01:33:50] "GET /api/health HTTP/1.1" 200 -
2025-01-05 01:33:51,250 - INFO - 192.168.96.1 - - [05/Jan/2025 01:33:51] "GET /api/health HTTP/1.1" 200 -
2025-01-05 01:34:04,873 - INFO - 192.168.96.1 - - [05/Jan/2025 01:34:04] "GET /api/health HTTP/1.1" 200 -
2025-01-05 01:36:04,062 - INFO - 192.168.96.1 - - [05/Jan/2025 01:36:04] "GET /api/health HTTP/1.1" 200 -
2025-01-05 01:36:04,124 - INFO - 192.168.96.1 - - [05/Jan/2025 01:36:04] "GET /api/health HTTP/1.1" 200 -
2025-01-05 01:36:04,639 - INFO - 192.168.96.1 - - [05/Jan/2025 01:36:04] "GET /api/health HTTP/1.1" 200 -
2025-01-05 01:36:04,718 - INFO - 192.168.96.1 - - [05/Jan/2025 01:36:04] "GET /api/health HTTP/1.1" 200 -
2025-01-05 01:36:05,211 - INFO - 192.168.96.1 - - [05/Jan/2025 01:36:05] "GET /api/health HTTP/1.1" 200 -
2025-01-05 01:36:09,701 - INFO - 192.168.96.1 - - [05/Jan/2025 01:36:09] "GET /api/health HTTP/1.1" 200 -
2025-01-05 01:36:10,012 - INFO - 192.168.96.1 - - [05/Jan/2025 01:36:10] "GET /api/health HTTP/1.1" 200 -
2025-01-05 01:36:39,623 - INFO - 192.168.96.1 - - [05/Jan/2025 01:36:39] "GET /api/health HTTP/1.1" 200 -
2025-01-05 01:36:47,374 - INFO - 192.168.96.1 - - [05/Jan/2025 01:36:47] "GET /api/health HTTP/1.1" 200 -
2025-01-05 01:37:09,695 - INFO - 192.168.96.1 - - [05/Jan/2025 01:37:09] "GET /api/health HTTP/1.1" 200 -
2025-01-05 01:37:39,622 - INFO - 192.168.96.1 - - [05/Jan/2025 01:37:39] "GET /api/health HTTP/1.1" 200 -
2025-01-05 01:39:18,271 - INFO - 192.168.96.1 - - [05/Jan/2025 01:39:18] "GET /api/health HTTP/1.1" 200 -
2025-01-05 01:39:19,176 - INFO - 192.168.96.1 - - [05/Jan/2025 01:39:19] "GET /api/health HTTP/1.1" 200 -
2025-01-05 01:40:22,095 - INFO - 192.168.96.1 - - [05/Jan/2025 01:40:22] "GET /api/health HTTP/1.1" 200 -
2025-01-05 01:40:39,648 - INFO - 192.168.96.1 - - [05/Jan/2025 01:40:39] "GET /api/health HTTP/1.1" 200 -
2025-01-05 01:40:55,687 - INFO - 192.168.96.1 - - [05/Jan/2025 01:40:55] "GET /api/health HTTP/1.1" 200 -
2025-01-05 01:40:56,247 - INFO - 192.168.96.1 - - [05/Jan/2025 01:40:56] "GET /api/health HTTP/1.1" 200 -
2025-01-05 01:40:56,999 - INFO - 192.168.96.1 - - [05/Jan/2025 01:40:56] "GET /api/health HTTP/1.1" 200 -
2025-01-05 01:41:08,077 - INFO - 192.168.96.1 - - [05/Jan/2025 01:41:08] "GET /api/health HTTP/1.1" 200 -
2025-01-05 01:41:08,511 - INFO - 192.168.96.1 - - [05/Jan/2025 01:41:08] "GET /api/health HTTP/1.1" 200 -
2025-01-05 01:41:10,727 - INFO - 192.168.96.1 - - [05/Jan/2025 01:41:10] "GET /api/health HTTP/1.1" 200 -
2025-01-05 01:41:41,007 - INFO - 192.168.96.1 - - [05/Jan/2025 01:41:41] "GET /api/health HTTP/1.1" 200 -
2025-01-05 01:41:41,139 - INFO - 192.168.96.1 - - [05/Jan/2025 01:41:41] "GET /api/health HTTP/1.1" 200 -
2025-01-05 01:49:32,809 - INFO - 192.168.96.1 - - [05/Jan/2025 01:49:32] "GET /api/health HTTP/1.1" 200 -
2025-01-05 01:49:32,846 - INFO - 192.168.96.1 - - [05/Jan/2025 01:49:32] "GET /api/health HTTP/1.1" 200 -
2025-01-05 01:49:33,189 - INFO - 192.168.96.1 - - [05/Jan/2025 01:49:33] "GET /api/health HTTP/1.1" 200 -
2025-01-05 01:49:51,160 - INFO - 192.168.96.1 - - [05/Jan/2025 01:49:51] "GET /api/health HTTP/1.1" 200 -
2025-01-05 01:49:51,181 - INFO - 192.168.96.1 - - [05/Jan/2025 01:49:51] "GET /api/health HTTP/1.1" 200 -
2025-01-05 01:50:21,206 - INFO - 192.168.96.1 - - [05/Jan/2025 01:50:21] "GET /api/health HTTP/1.1" 200 -
2025-01-05 01:50:31,948 - INFO - 192.168.96.1 - - [05/Jan/2025 01:50:31] "GET /api/health HTTP/1.1" 200 -
2025-01-05 01:50:51,169 - INFO - 192.168.96.1 - - [05/Jan/2025 01:50:51] "GET /api/health HTTP/1.1" 200 -
2025-01-05 01:51:21,181 - INFO - 192.168.96.1 - - [05/Jan/2025 01:51:21] "GET /api/health HTTP/1.1" 200 -
2025-01-05 01:51:51,164 - INFO - 192.168.96.1 - - [05/Jan/2025 01:51:51] "GET /api/health HTTP/1.1" 200 -
2025-01-05 01:52:21,816 - INFO - 192.168.96.1 - - [05/Jan/2025 01:52:21] "GET /api/health HTTP/1.1" 200 -
2025-01-05 01:52:51,180 - INFO - 192.168.96.1 - - [05/Jan/2025 01:52:51] "GET /api/health HTTP/1.1" 200 -
2025-01-05 01:53:44,510 - INFO - 192.168.96.1 - - [05/Jan/2025 01:53:44] "GET /api/health HTTP/1.1" 200 -
2025-01-05 01:53:44,517 - INFO - 192.168.96.1 - - [05/Jan/2025 01:53:44] "GET /api/health HTTP/1.1" 200 -
2025-01-05 01:53:44,783 - INFO - 192.168.96.1 - - [05/Jan/2025 01:53:44] "GET /api/health HTTP/1.1" 200 -
2025-01-05 01:53:48,791 - INFO - 192.168.96.1 - - [05/Jan/2025 01:53:48] "GET /api/health HTTP/1.1" 200 -
2025-01-05 01:53:48,801 - INFO - 192.168.96.1 - - [05/Jan/2025 01:53:48] "GET /api/health HTTP/1.1" 200 -
2025-01-05 01:54:00,932 - INFO - 192.168.96.1 - - [05/Jan/2025 01:54:00] "GET /api/health HTTP/1.1" 200 -
2025-01-05 01:54:18,805 - INFO - 192.168.96.1 - - [05/Jan/2025 01:54:18] "GET /api/health HTTP/1.1" 200 -
2025-01-05 01:54:48,810 - INFO - 192.168.96.1 - - [05/Jan/2025 01:54:48] "GET /api/health HTTP/1.1" 200 -
2025-01-05 01:55:18,815 - INFO - 192.168.96.1 - - [05/Jan/2025 01:55:18] "GET /api/health HTTP/1.1" 200 -
2025-01-05 01:55:48,805 - INFO - 192.168.96.1 - - [05/Jan/2025 01:55:48] "GET /api/health HTTP/1.1" 200 -
2025-01-05 01:56:18,828 - INFO - 192.168.96.1 - - [05/Jan/2025 01:56:18] "GET /api/health HTTP/1.1" 200 -
2025-01-05 01:56:48,805 - INFO - 192.168.96.1 - - [05/Jan/2025 01:56:48] "GET /api/health HTTP/1.1" 200 -
2025-01-05 01:57:18,814 - INFO - 192.168.96.1 - - [05/Jan/2025 01:57:18] "GET /api/health HTTP/1.1" 200 -
2025-01-05 01:57:48,816 - INFO - 192.168.96.1 - - [05/Jan/2025 01:57:48] "GET /api/health HTTP/1.1" 200 -
2025-01-05 01:58:18,811 - INFO - 192.168.96.1 - - [05/Jan/2025 01:58:18] "GET /api/health HTTP/1.1" 200 -
2025-01-05 01:59:32,657 - INFO - Loading model from /home/martinson/Lhydra_rs/data_engineered_v3/rs_main_v2_refactored/checkpoints/best_model.pth
2025-01-05 01:59:34,819 - INFO - Model loaded successfully
2025-01-05 01:59:34,851 - INFO - Encoder class counts:
2025-01-05 01:59:34,851 - INFO - user_encoder: 9717
2025-01-05 01:59:34,851 - INFO - music_encoder: 9373
2025-01-05 01:59:34,851 - INFO - artist_encoder: 5059
2025-01-05 01:59:34,852 - INFO - genre_encoder: 12
2025-01-05 01:59:34,852 - INFO - Model dimensions from state dict:
2025-01-05 01:59:34,852 - INFO - num_users: 7773
2025-01-05 01:59:34,853 - INFO - num_music: 9324
2025-01-05 01:59:34,853 - INFO - num_artists: 4482
2025-01-05 01:59:34,853 - INFO - num_genres: 12
2025-01-05 01:59:34,853 - INFO - num_numerical: 12
2025-01-05 01:59:35,052 - INFO - [31m[1mWARNING: This is a development server. Do not use it in a production deployment. Use a production WSGI server instead.[0m
 * Running on all addresses (0.0.0.0)
 * Running on http://127.0.0.1:5000
 * Running on http://192.168.100.216:5000
2025-01-05 01:59:35,052 - INFO - [33mPress CTRL+C to quit[0m
2025-01-05 01:59:35,085 - INFO -  * Restarting with watchdog (inotify)
2025-01-05 01:59:42,677 - INFO - Loading model from /home/martinson/Lhydra_rs/data_engineered_v3/rs_main_v2_refactored/checkpoints/best_model.pth
2025-01-05 01:59:43,977 - INFO - Model loaded successfully
2025-01-05 01:59:44,023 - INFO - Encoder class counts:
2025-01-05 01:59:44,023 - INFO - user_encoder: 9717
2025-01-05 01:59:44,024 - INFO - music_encoder: 9373
2025-01-05 01:59:44,024 - INFO - artist_encoder: 5059
2025-01-05 01:59:44,024 - INFO - genre_encoder: 12
2025-01-05 01:59:44,024 - INFO - Model dimensions from state dict:
2025-01-05 01:59:44,025 - INFO - num_users: 7773
2025-01-05 01:59:44,025 - INFO - num_music: 9324
2025-01-05 01:59:44,025 - INFO - num_artists: 4482
2025-01-05 01:59:44,026 - INFO - num_genres: 12
2025-01-05 01:59:44,026 - INFO - num_numerical: 12
2025-01-05 01:59:44,180 - WARNING -  * Debugger is active!
2025-01-05 01:59:44,188 - INFO -  * Debugger PIN: 110-953-194
2025-01-05 02:00:09,417 - INFO - 192.168.96.1 - - [05/Jan/2025 02:00:09] "GET /api/health HTTP/1.1" 200 -
2025-01-05 02:00:19,385 - INFO - 192.168.96.1 - - [05/Jan/2025 02:00:19] "GET /api/health HTTP/1.1" 200 -
2025-01-05 02:01:45,737 - INFO - 192.168.96.1 - - [05/Jan/2025 02:01:45] "GET /api/health HTTP/1.1" 200 -
2025-01-05 02:01:49,366 - INFO - 192.168.96.1 - - [05/Jan/2025 02:01:49] "GET /api/health HTTP/1.1" 200 -
2025-01-05 02:02:19,368 - INFO - 192.168.96.1 - - [05/Jan/2025 02:02:19] "GET /api/health HTTP/1.1" 200 -
2025-01-05 02:03:17,644 - INFO - 192.168.96.1 - - [05/Jan/2025 02:03:17] "GET /api/health HTTP/1.1" 200 -
2025-01-05 02:03:44,594 - INFO - 192.168.96.1 - - [05/Jan/2025 02:03:44] "GET /api/health HTTP/1.1" 200 -
2025-01-05 02:03:44,603 - INFO - 192.168.96.1 - - [05/Jan/2025 02:03:44] "GET /api/health HTTP/1.1" 200 -
2025-01-05 02:03:45,355 - INFO - 192.168.96.1 - - [05/Jan/2025 02:03:45] "GET /api/health HTTP/1.1" 200 -
2025-01-05 02:04:07,076 - INFO - 192.168.96.1 - - [05/Jan/2025 02:04:07] "GET /api/health HTTP/1.1" 200 -
2025-01-05 02:04:07,094 - INFO - 192.168.96.1 - - [05/Jan/2025 02:04:07] "GET /api/health HTTP/1.1" 200 -
2025-01-05 02:04:20,778 - INFO - 192.168.96.1 - - [05/Jan/2025 02:04:20] "GET /api/health HTTP/1.1" 200 -
2025-01-05 02:04:37,106 - INFO - 192.168.96.1 - - [05/Jan/2025 02:04:37] "GET /api/health HTTP/1.1" 200 -
2025-01-05 02:05:11,789 - INFO - 192.168.96.1 - - [05/Jan/2025 02:05:11] "GET /api/health HTTP/1.1" 200 -
2025-01-05 02:05:37,785 - INFO - 192.168.96.1 - - [05/Jan/2025 02:05:37] "GET /api/health HTTP/1.1" 200 -
2025-01-05 02:06:07,102 - INFO - 192.168.96.1 - - [05/Jan/2025 02:06:07] "GET /api/health HTTP/1.1" 200 -
2025-01-05 02:06:37,083 - INFO - 192.168.96.1 - - [05/Jan/2025 02:06:37] "GET /api/health HTTP/1.1" 200 -
2025-01-05 02:07:07,104 - INFO - 192.168.96.1 - - [05/Jan/2025 02:07:07] "GET /api/health HTTP/1.1" 200 -
2025-01-05 02:07:37,089 - INFO - 192.168.96.1 - - [05/Jan/2025 02:07:37] "GET /api/health HTTP/1.1" 200 -
2025-01-05 02:08:07,093 - INFO - 192.168.96.1 - - [05/Jan/2025 02:08:07] "GET /api/health HTTP/1.1" 200 -
2025-01-05 02:08:37,104 - INFO - 192.168.96.1 - - [05/Jan/2025 02:08:37] "GET /api/health HTTP/1.1" 200 -
2025-01-05 02:09:07,091 - INFO - 192.168.96.1 - - [05/Jan/2025 02:09:07] "GET /api/health HTTP/1.1" 200 -
2025-01-05 02:09:37,098 - INFO - 192.168.96.1 - - [05/Jan/2025 02:09:37] "GET /api/health HTTP/1.1" 200 -
2025-01-05 02:09:37,936 - INFO - 192.168.96.1 - - [05/Jan/2025 02:09:37] "GET /api/health HTTP/1.1" 200 -
2025-01-05 02:09:37,956 - INFO - 192.168.96.1 - - [05/Jan/2025 02:09:37] "GET /api/health HTTP/1.1" 200 -
2025-01-05 02:09:45,576 - INFO - 192.168.96.1 - - [05/Jan/2025 02:09:45] "GET /api/health HTTP/1.1" 200 -
2025-01-05 02:09:45,755 - INFO - 192.168.96.1 - - [05/Jan/2025 02:09:45] "GET /api/health HTTP/1.1" 200 -
2025-01-05 02:10:03,112 - INFO - 192.168.96.1 - - [05/Jan/2025 02:10:03] "GET /api/health HTTP/1.1" 200 -
2025-01-05 02:10:03,121 - INFO - 192.168.96.1 - - [05/Jan/2025 02:10:03] "GET /api/health HTTP/1.1" 200 -
2025-01-05 02:10:03,434 - INFO - 192.168.96.1 - - [05/Jan/2025 02:10:03] "GET /api/health HTTP/1.1" 200 -
2025-01-05 02:10:54,806 - INFO - 192.168.96.1 - - [05/Jan/2025 02:10:54] "GET /api/health HTTP/1.1" 200 -
2025-01-05 02:10:54,838 - INFO - 192.168.96.1 - - [05/Jan/2025 02:10:54] "GET /api/health HTTP/1.1" 200 -
2025-01-05 02:11:00,204 - INFO - 192.168.96.1 - - [05/Jan/2025 02:11:00] "OPTIONS /api/recommendations HTTP/1.1" 200 -
2025-01-05 02:11:00,896 - WARNING - Error encoding user ID: y contains previously unseen labels: '1@1.com'
2025-01-05 02:11:00,898 - WARNING - Using default encoding (0)
2025-01-05 02:11:00,976 - WARNING - Error in transform: y contains previously unseen labels: '0'
2025-01-05 02:11:00,977 - WARNING - Using default value 0 for 13421 items
2025-01-05 02:11:09,203 - INFO - 192.168.96.1 - - [05/Jan/2025 02:11:09] "POST /api/recommendations HTTP/1.1" 200 -
2025-01-05 02:11:21,579 - INFO - 192.168.96.1 - - [05/Jan/2025 02:11:21] "OPTIONS /api/recommendations HTTP/1.1" 200 -
2025-01-05 02:11:21,597 - WARNING - Error encoding user ID: y contains previously unseen labels: '1@1.com'
2025-01-05 02:11:21,598 - WARNING - Using default encoding (0)
2025-01-05 02:11:21,616 - WARNING - Error in transform: y contains previously unseen labels: '0'
2025-01-05 02:11:21,616 - WARNING - Using default value 0 for 13421 items
2025-01-05 02:11:24,464 - INFO - 192.168.96.1 - - [05/Jan/2025 02:11:24] "POST /api/recommendations HTTP/1.1" 200 -
2025-01-05 02:11:24,841 - INFO - 192.168.96.1 - - [05/Jan/2025 02:11:24] "GET /api/health HTTP/1.1" 200 -
2025-01-05 02:11:45,391 - INFO - 192.168.96.1 - - [05/Jan/2025 02:11:45] "GET /api/health HTTP/1.1" 200 -
2025-01-05 02:11:45,397 - INFO - 192.168.96.1 - - [05/Jan/2025 02:11:45] "GET /api/health HTTP/1.1" 200 -
2025-01-05 02:13:31,931 - INFO - 192.168.96.1 - - [05/Jan/2025 02:13:31] "GET /api/health HTTP/1.1" 200 -
2025-01-05 02:13:45,403 - INFO - 192.168.96.1 - - [05/Jan/2025 02:13:45] "GET /api/health HTTP/1.1" 200 -
2025-01-05 02:13:53,569 - INFO - 192.168.96.1 - - [05/Jan/2025 02:13:53] "GET /api/health HTTP/1.1" 200 -
2025-01-05 02:13:53,591 - INFO - 192.168.96.1 - - [05/Jan/2025 02:13:53] "GET /api/health HTTP/1.1" 200 -
2025-01-05 02:14:01,202 - INFO - 192.168.96.1 - - [05/Jan/2025 02:14:01] "GET /api/health HTTP/1.1" 200 -
2025-01-05 02:14:01,222 - INFO - 192.168.96.1 - - [05/Jan/2025 02:14:01] "GET /api/health HTTP/1.1" 200 -
2025-01-05 02:14:19,201 - INFO - 192.168.96.1 - - [05/Jan/2025 02:14:19] "GET /api/health HTTP/1.1" 200 -
2025-01-05 02:14:19,213 - INFO - 192.168.96.1 - - [05/Jan/2025 02:14:19] "GET /api/health HTTP/1.1" 200 -
2025-01-05 02:14:19,610 - INFO - 192.168.96.1 - - [05/Jan/2025 02:14:19] "GET /api/health HTTP/1.1" 200 -
2025-01-05 02:14:44,035 - INFO - 192.168.96.1 - - [05/Jan/2025 02:14:44] "GET /api/health HTTP/1.1" 200 -
2025-01-05 02:14:47,712 - INFO - 192.168.96.1 - - [05/Jan/2025 02:14:47] "GET /api/health HTTP/1.1" 200 -
2025-01-05 02:14:47,734 - INFO - 192.168.96.1 - - [05/Jan/2025 02:14:47] "GET /api/health HTTP/1.1" 200 -
2025-01-05 02:15:17,748 - INFO - 192.168.96.1 - - [05/Jan/2025 02:15:17] "GET /api/health HTTP/1.1" 200 -
2025-01-05 02:15:30,625 - INFO - 192.168.96.1 - - [05/Jan/2025 02:15:30] "GET /api/health HTTP/1.1" 200 -
2025-01-05 02:15:30,634 - INFO - 192.168.96.1 - - [05/Jan/2025 02:15:30] "GET /api/health HTTP/1.1" 200 -
2025-01-05 02:15:30,924 - INFO - 192.168.96.1 - - [05/Jan/2025 02:15:30] "GET /api/health HTTP/1.1" 200 -
2025-01-05 02:15:35,576 - INFO - 192.168.96.1 - - [05/Jan/2025 02:15:35] "GET /api/health HTTP/1.1" 200 -
2025-01-05 02:15:35,588 - INFO - 192.168.96.1 - - [05/Jan/2025 02:15:35] "GET /api/health HTTP/1.1" 200 -
2025-01-05 02:16:06,392 - INFO - 192.168.96.1 - - [05/Jan/2025 02:16:06] "GET /api/health HTTP/1.1" 200 -
2025-01-05 02:16:42,561 - INFO - 192.168.96.1 - - [05/Jan/2025 02:16:42] "GET /api/health HTTP/1.1" 200 -
2025-01-05 02:17:06,382 - INFO - 192.168.96.1 - - [05/Jan/2025 02:17:06] "GET /api/health HTTP/1.1" 200 -
2025-01-05 02:19:41,312 - INFO - 192.168.96.1 - - [05/Jan/2025 02:19:41] "GET /api/health HTTP/1.1" 200 -
2025-01-05 02:20:19,705 - INFO - 192.168.96.1 - - [05/Jan/2025 02:20:19] "GET /api/health HTTP/1.1" 200 -
2025-01-05 02:20:35,605 - INFO - 192.168.96.1 - - [05/Jan/2025 02:20:35] "GET /api/health HTTP/1.1" 200 -
2025-01-05 02:21:06,367 - INFO - 192.168.96.1 - - [05/Jan/2025 02:21:06] "GET /api/health HTTP/1.1" 200 -
2025-01-05 02:21:35,657 - INFO - 192.168.96.1 - - [05/Jan/2025 02:21:35] "GET /api/health HTTP/1.1" 200 -
2025-01-05 02:22:05,603 - INFO - 192.168.96.1 - - [05/Jan/2025 02:22:05] "GET /api/health HTTP/1.1" 200 -
2025-01-05 02:22:22,173 - INFO - 192.168.96.1 - - [05/Jan/2025 02:22:22] "GET /api/health HTTP/1.1" 200 -
2025-01-05 02:22:22,184 - INFO - 192.168.96.1 - - [05/Jan/2025 02:22:22] "GET /api/health HTTP/1.1" 200 -
2025-01-05 02:22:22,620 - INFO - 192.168.96.1 - - [05/Jan/2025 02:22:22] "GET /api/health HTTP/1.1" 200 -
2025-01-05 02:22:29,067 - INFO - 192.168.96.1 - - [05/Jan/2025 02:22:29] "GET /api/health HTTP/1.1" 200 -
2025-01-05 02:22:29,104 - INFO - 192.168.96.1 - - [05/Jan/2025 02:22:29] "GET /api/health HTTP/1.1" 200 -
2025-01-05 02:22:40,705 - INFO - 192.168.96.1 - - [05/Jan/2025 02:22:40] "OPTIONS /api/recommendations HTTP/1.1" 200 -
2025-01-05 02:22:40,788 - WARNING - Error encoding user ID: y contains previously unseen labels: '1@1.com'
2025-01-05 02:22:40,789 - WARNING - Using default encoding (0)
2025-01-05 02:22:40,925 - WARNING - Error in transform: y contains previously unseen labels: '0'
2025-01-05 02:22:40,938 - WARNING - Using default value 0 for 13421 items
2025-01-05 02:22:44,495 - INFO - 192.168.96.1 - - [05/Jan/2025 02:22:44] "POST /api/recommendations HTTP/1.1" 200 -
2025-01-05 02:22:59,103 - INFO - 192.168.96.1 - - [05/Jan/2025 02:22:59] "GET /api/health HTTP/1.1" 200 -
2025-01-05 02:23:29,371 - INFO - 192.168.96.1 - - [05/Jan/2025 02:23:29] "GET /api/health HTTP/1.1" 200 -
2025-01-05 02:23:59,110 - INFO - 192.168.96.1 - - [05/Jan/2025 02:23:59] "GET /api/health HTTP/1.1" 200 -
2025-01-05 02:24:29,363 - INFO - 192.168.96.1 - - [05/Jan/2025 02:24:29] "GET /api/health HTTP/1.1" 200 -
2025-01-05 02:24:43,862 - INFO - 192.168.96.1 - - [05/Jan/2025 02:24:43] "GET /api/health HTTP/1.1" 200 -
2025-01-05 02:24:44,012 - INFO - 192.168.96.1 - - [05/Jan/2025 02:24:44] "GET /api/health HTTP/1.1" 200 -
2025-01-05 02:24:48,049 - INFO - 192.168.96.1 - - [05/Jan/2025 02:24:48] "GET /api/health HTTP/1.1" 200 -
2025-01-05 02:24:48,076 - INFO - 192.168.96.1 - - [05/Jan/2025 02:24:48] "GET /api/health HTTP/1.1" 200 -
2025-01-05 02:24:58,393 - INFO - 192.168.96.1 - - [05/Jan/2025 02:24:58] "OPTIONS /api/recommendations HTTP/1.1" 200 -
2025-01-05 02:24:58,428 - WARNING - Error encoding user ID: y contains previously unseen labels: '1@1.com'
2025-01-05 02:24:58,429 - WARNING - Using default encoding (0)
2025-01-05 02:24:58,497 - WARNING - Error in transform: y contains previously unseen labels: '0'
2025-01-05 02:24:58,498 - WARNING - Using default value 0 for 13421 items
2025-01-05 02:25:02,852 - INFO - 192.168.96.1 - - [05/Jan/2025 02:25:02] "POST /api/recommendations HTTP/1.1" 200 -
2025-01-05 02:25:18,077 - INFO - 192.168.96.1 - - [05/Jan/2025 02:25:18] "GET /api/health HTTP/1.1" 200 -
2025-01-05 02:28:20,512 - INFO - 192.168.96.1 - - [05/Jan/2025 02:28:20] "GET /api/health HTTP/1.1" 200 -
2025-01-05 02:28:20,522 - INFO - 192.168.96.1 - - [05/Jan/2025 02:28:20] "GET /api/health HTTP/1.1" 200 -
2025-01-05 02:31:08,273 - INFO - 192.168.96.1 - - [05/Jan/2025 02:31:08] "GET /api/health HTTP/1.1" 200 -
2025-01-05 02:31:21,376 - INFO - 192.168.96.1 - - [05/Jan/2025 02:31:21] "GET /api/health HTTP/1.1" 200 -
2025-01-05 02:33:25,671 - INFO - 192.168.96.1 - - [05/Jan/2025 02:33:25] "GET /api/health HTTP/1.1" 200 -
2025-01-05 02:33:51,369 - INFO - 192.168.96.1 - - [05/Jan/2025 02:33:51] "GET /api/health HTTP/1.1" 200 -
2025-01-05 02:35:00,400 - INFO - 192.168.96.1 - - [05/Jan/2025 02:35:00] "GET /api/health HTTP/1.1" 200 -
2025-01-05 02:35:00,410 - INFO - 192.168.96.1 - - [05/Jan/2025 02:35:00] "GET /api/health HTTP/1.1" 200 -
2025-01-05 02:35:00,942 - INFO - 192.168.96.1 - - [05/Jan/2025 02:35:00] "GET /api/health HTTP/1.1" 200 -
2025-01-05 02:37:28,631 - INFO - 192.168.96.1 - - [05/Jan/2025 02:37:28] "GET /api/health HTTP/1.1" 200 -
2025-01-05 02:37:28,636 - INFO - 192.168.96.1 - - [05/Jan/2025 02:37:28] "GET /api/health HTTP/1.1" 200 -
2025-01-05 02:37:28,924 - INFO - 192.168.96.1 - - [05/Jan/2025 02:37:28] "GET /api/health HTTP/1.1" 200 -
2025-01-05 02:40:30,286 - INFO - 192.168.96.1 - - [05/Jan/2025 02:40:30] "GET /api/health HTTP/1.1" 200 -
2025-01-05 02:40:52,652 - INFO - 192.168.96.1 - - [05/Jan/2025 02:40:52] "GET /api/health HTTP/1.1" 200 -
2025-01-05 02:41:06,896 - INFO - 192.168.96.1 - - [05/Jan/2025 02:41:06] "GET /api/health HTTP/1.1" 200 -
2025-01-05 02:41:06,905 - INFO - 192.168.96.1 - - [05/Jan/2025 02:41:06] "GET /api/health HTTP/1.1" 200 -
2025-01-05 02:41:07,335 - INFO - 192.168.96.1 - - [05/Jan/2025 02:41:07] "GET /api/health HTTP/1.1" 200 -
2025-01-05 02:41:18,077 - INFO - 192.168.96.1 - - [05/Jan/2025 02:41:18] "GET /api/health HTTP/1.1" 200 -
2025-01-05 02:41:18,097 - INFO - 192.168.96.1 - - [05/Jan/2025 02:41:18] "GET /api/health HTTP/1.1" 200 -
2025-01-05 02:41:48,112 - INFO - 192.168.96.1 - - [05/Jan/2025 02:41:48] "GET /api/health HTTP/1.1" 200 -
2025-01-05 02:42:18,363 - INFO - 192.168.96.1 - - [05/Jan/2025 02:42:18] "GET /api/health HTTP/1.1" 200 -
2025-01-05 02:43:14,846 - INFO - 192.168.96.1 - - [05/Jan/2025 02:43:14] "GET /api/health HTTP/1.1" 200 -
2025-01-05 02:43:14,871 - INFO - 192.168.96.1 - - [05/Jan/2025 02:43:14] "GET /api/health HTTP/1.1" 200 -
2025-01-05 02:43:15,320 - INFO - 192.168.96.1 - - [05/Jan/2025 02:43:15] "GET /api/health HTTP/1.1" 200 -
2025-01-05 02:43:37,737 - INFO - 192.168.96.1 - - [05/Jan/2025 02:43:37] "GET /api/health HTTP/1.1" 200 -
2025-01-05 02:44:20,797 - INFO - 192.168.96.1 - - [05/Jan/2025 02:44:20] "GET /api/health HTTP/1.1" 200 -
2025-01-05 02:44:21,303 - INFO - 192.168.96.1 - - [05/Jan/2025 02:44:21] "GET /api/health HTTP/1.1" 200 -
2025-01-05 02:44:42,148 - INFO - 192.168.96.1 - - [05/Jan/2025 02:44:42] "GET /api/health HTTP/1.1" 200 -
2025-01-05 02:44:45,307 - INFO - 192.168.96.1 - - [05/Jan/2025 02:44:45] "GET /api/health HTTP/1.1" 200 -
                                                                 2025-01-05 03:38:38,814 - INFO - Loading model from /home/martinson/Lhydra_rs/data_engineered_v3/rs_main_v2_refactored/checkpoints/best_model.pth
2025-01-05 03:38:42,300 - INFO - Model loaded successfully
2025-01-05 03:38:42,349 - INFO - Encoder class counts:
2025-01-05 03:38:42,350 - INFO - user_encoder: 9717
2025-01-05 03:38:42,350 - INFO - music_encoder: 9373
2025-01-05 03:38:42,350 - INFO - artist_encoder: 5059
2025-01-05 03:38:42,351 - INFO - genre_encoder: 12
2025-01-05 03:38:42,351 - INFO - Model dimensions from state dict:
2025-01-05 03:38:42,351 - INFO - num_users: 7773
2025-01-05 03:38:42,352 - INFO - num_music: 9324
2025-01-05 03:38:42,352 - INFO - num_artists: 4482
2025-01-05 03:38:42,352 - INFO - num_genres: 12
2025-01-05 03:38:42,353 - INFO - num_numerical: 12
2025-01-05 03:38:42,523 - INFO - [31m[1mWARNING: This is a development server. Do not use it in a production deployment. Use a production WSGI server instead.[0m
 * Running on all addresses (0.0.0.0)
 * Running on http://127.0.0.1:5000
 * Running on http://192.168.100.216:5000
2025-01-05 03:38:42,523 - INFO - [33mPress CTRL+C to quit[0m
2025-01-05 03:38:42,551 - INFO -  * Restarting with watchdog (inotify)
2025-01-05 03:38:49,920 - INFO - Loading model from /home/martinson/Lhydra_rs/data_engineered_v3/rs_main_v2_refactored/checkpoints/best_model.pth
2025-01-05 03:38:50,386 - INFO - Model loaded successfully
2025-01-05 03:38:50,425 - INFO - Encoder class counts:
2025-01-05 03:38:50,426 - INFO - user_encoder: 9717
2025-01-05 03:38:50,427 - INFO - music_encoder: 9373
2025-01-05 03:38:50,427 - INFO - artist_encoder: 5059
2025-01-05 03:38:50,428 - INFO - genre_encoder: 12
2025-01-05 03:38:50,428 - INFO - Model dimensions from state dict:
2025-01-05 03:38:50,428 - INFO - num_users: 7773
2025-01-05 03:38:50,429 - INFO - num_music: 9324
2025-01-05 03:38:50,429 - INFO - num_artists: 4482
2025-01-05 03:38:50,429 - INFO - num_genres: 12
2025-01-05 03:38:50,429 - INFO - num_numerical: 12
2025-01-05 03:38:50,633 - WARNING -  * Debugger is active!
2025-01-05 03:38:50,638 - INFO -  * Debugger PIN: 140-338-902
2025-01-05 03:42:55,819 - INFO - 192.168.96.1 - - [05/Jan/2025 03:42:55] "GET /api/health HTTP/1.1" 200 -
2025-01-05 03:42:55,884 - INFO - 192.168.96.1 - - [05/Jan/2025 03:42:55] "GET /api/health HTTP/1.1" 200 -
2025-01-05 03:43:23,079 - INFO - 192.168.96.1 - - [05/Jan/2025 03:43:23] "GET /api/health HTTP/1.1" 200 -
2025-01-05 03:43:23,297 - INFO - 192.168.96.1 - - [05/Jan/2025 03:43:23] "GET /api/health HTTP/1.1" 200 -
2025-01-05 03:43:23,727 - INFO - 192.168.96.1 - - [05/Jan/2025 03:43:23] "GET /api/health HTTP/1.1" 200 -
2025-01-05 03:43:24,539 - INFO - 192.168.96.1 - - [05/Jan/2025 03:43:24] "GET /api/health HTTP/1.1" 200 -
2025-01-05 03:44:25,919 - INFO - 192.168.96.1 - - [05/Jan/2025 03:44:25] "GET /api/health HTTP/1.1" 200 -
2025-01-05 03:44:25,937 - INFO - 192.168.96.1 - - [05/Jan/2025 03:44:25] "GET /api/health HTTP/1.1" 200 -
2025-01-05 03:44:26,433 - INFO - 192.168.96.1 - - [05/Jan/2025 03:44:26] "GET /api/health HTTP/1.1" 200 -
2025-01-05 03:58:04,257 - INFO - 192.168.96.1 - - [05/Jan/2025 03:58:04] "GET /api/health HTTP/1.1" 200 -
2025-01-05 03:58:04,263 - INFO - 192.168.96.1 - - [05/Jan/2025 03:58:04] "GET /api/health HTTP/1.1" 200 -
2025-01-05 03:58:33,258 - INFO - 192.168.96.1 - - [05/Jan/2025 03:58:33] "GET /api/health HTTP/1.1" 200 -
2025-01-05 03:59:03,260 - INFO - 192.168.96.1 - - [05/Jan/2025 03:59:03] "GET /api/health HTTP/1.1" 200 -
2025-01-05 03:59:35,297 - INFO - 192.168.96.1 - - [05/Jan/2025 03:59:35] "GET /api/health HTTP/1.1" 200 -
2025-01-05 04:00:03,245 - INFO - 192.168.96.1 - - [05/Jan/2025 04:00:03] "GET /api/health HTTP/1.1" 200 -
2025-01-05 04:00:34,260 - INFO - 192.168.96.1 - - [05/Jan/2025 04:00:34] "GET /api/health HTTP/1.1" 200 -
2025-01-05 04:01:03,249 - INFO - 192.168.96.1 - - [05/Jan/2025 04:01:03] "GET /api/health HTTP/1.1" 200 -
2025-01-05 04:01:33,250 - INFO - 192.168.96.1 - - [05/Jan/2025 04:01:33] "GET /api/health HTTP/1.1" 200 -
2025-01-05 04:02:05,302 - INFO - 192.168.96.1 - - [05/Jan/2025 04:02:05] "GET /api/health HTTP/1.1" 200 -
2025-01-05 04:02:33,241 - INFO - 192.168.96.1 - - [05/Jan/2025 04:02:33] "GET /api/health HTTP/1.1" 200 -
2025-01-05 04:03:03,257 - INFO - 192.168.96.1 - - [05/Jan/2025 04:03:03] "GET /api/health HTTP/1.1" 200 -
2025-01-05 04:03:33,252 - INFO - 192.168.96.1 - - [05/Jan/2025 04:03:33] "GET /api/health HTTP/1.1" 200 -
2025-01-05 04:04:03,255 - INFO - 192.168.96.1 - - [05/Jan/2025 04:04:03] "GET /api/health HTTP/1.1" 200 -
2025-01-05 04:04:35,299 - INFO - 192.168.96.1 - - [05/Jan/2025 04:04:35] "GET /api/health HTTP/1.1" 200 -
2025-01-05 04:05:03,251 - INFO - 192.168.96.1 - - [05/Jan/2025 04:05:03] "GET /api/health HTTP/1.1" 200 -
2025-01-05 04:05:33,242 - INFO - 192.168.96.1 - - [05/Jan/2025 04:05:33] "GET /api/health HTTP/1.1" 200 -
2025-01-05 04:06:03,240 - INFO - 192.168.96.1 - - [05/Jan/2025 04:06:03] "GET /api/health HTTP/1.1" 200 -
2025-01-05 04:06:36,516 - INFO - 192.168.96.1 - - [05/Jan/2025 04:06:36] "GET /api/health HTTP/1.1" 200 -
2025-01-05 04:07:03,248 - INFO - 192.168.96.1 - - [05/Jan/2025 04:07:03] "GET /api/health HTTP/1.1" 200 -
2025-01-05 04:07:34,340 - INFO - 192.168.96.1 - - [05/Jan/2025 04:07:34] "GET /api/health HTTP/1.1" 200 -
2025-01-05 04:08:03,243 - INFO - 192.168.96.1 - - [05/Jan/2025 04:08:03] "GET /api/health HTTP/1.1" 200 -
2025-01-05 04:08:33,257 - INFO - 192.168.96.1 - - [05/Jan/2025 04:08:33] "GET /api/health HTTP/1.1" 200 -
2025-01-05 04:09:05,300 - INFO - 192.168.96.1 - - [05/Jan/2025 04:09:05] "GET /api/health HTTP/1.1" 200 -
2025-01-05 04:09:33,237 - INFO - 192.168.96.1 - - [05/Jan/2025 04:09:33] "GET /api/health HTTP/1.1" 200 -
2025-01-05 04:10:04,257 - INFO - 192.168.96.1 - - [05/Jan/2025 04:10:04] "GET /api/health HTTP/1.1" 200 -
2025-01-05 04:10:33,238 - INFO - 192.168.96.1 - - [05/Jan/2025 04:10:33] "GET /api/health HTTP/1.1" 200 -
2025-01-05 04:11:03,251 - INFO - 192.168.96.1 - - [05/Jan/2025 04:11:03] "GET /api/health HTTP/1.1" 200 -
2025-01-05 04:11:35,311 - INFO - 192.168.96.1 - - [05/Jan/2025 04:11:35] "GET /api/health HTTP/1.1" 200 -
2025-01-05 04:12:03,238 - INFO - 192.168.96.1 - - [05/Jan/2025 04:12:03] "GET /api/health HTTP/1.1" 200 -
2025-01-05 04:12:33,247 - INFO - 192.168.96.1 - - [05/Jan/2025 04:12:33] "GET /api/health HTTP/1.1" 200 -
2025-01-05 04:13:03,382 - INFO - 192.168.96.1 - - [05/Jan/2025 04:13:03] "GET /api/health HTTP/1.1" 200 -
2025-01-05 04:16:40,973 - INFO - 192.168.96.1 - - [05/Jan/2025 04:16:40] "GET /api/health HTTP/1.1" 200 -
2025-01-05 04:16:51,745 - INFO - 192.168.96.1 - - [05/Jan/2025 04:16:51] "OPTIONS /api/recommendations HTTP/1.1" 200 -
2025-01-05 04:16:54,061 - WARNING - Error encoding user ID: y contains previously unseen labels: '1@1.com'
2025-01-05 04:16:54,063 - WARNING - Using default encoding (0)
2025-01-05 04:16:54,174 - WARNING - Error in transform: y contains previously unseen labels: '0'
2025-01-05 04:16:54,184 - WARNING - Using default value 0 for 13421 items
2025-01-05 04:17:01,826 - INFO - 192.168.96.1 - - [05/Jan/2025 04:17:01] "POST /api/recommendations HTTP/1.1" 200 -
2025-01-05 04:18:04,561 - INFO - 192.168.96.1 - - [05/Jan/2025 04:18:04] "GET /api/health HTTP/1.1" 200 -
2025-01-05 04:18:04,574 - INFO - 192.168.96.1 - - [05/Jan/2025 04:18:04] "GET /api/health HTTP/1.1" 200 -
2025-01-05 04:18:04,596 - INFO - 192.168.96.1 - - [05/Jan/2025 04:18:04] "GET /api/health HTTP/1.1" 200 -
2025-01-05 04:18:46,372 - INFO - 192.168.96.1 - - [05/Jan/2025 04:18:46] "GET /api/health HTTP/1.1" 200 -
2025-01-05 04:18:46,382 - INFO - 192.168.96.1 - - [05/Jan/2025 04:18:46] "GET /api/health HTTP/1.1" 200 -
2025-01-05 04:19:16,880 - INFO - 192.168.96.1 - - [05/Jan/2025 04:19:16] "GET /api/health HTTP/1.1" 200 -
2025-01-05 04:19:48,406 - INFO - 192.168.96.1 - - [05/Jan/2025 04:19:48] "GET /api/health HTTP/1.1" 200 -
2025-01-05 04:20:16,394 - INFO - 192.168.96.1 - - [05/Jan/2025 04:20:16] "GET /api/health HTTP/1.1" 200 -
2025-01-05 04:20:30,261 - INFO - 192.168.96.1 - - [05/Jan/2025 04:20:30] "OPTIONS /api/recommendations HTTP/1.1" 200 -
2025-01-05 04:20:30,289 - WARNING - Error encoding user ID: y contains previously unseen labels: '1@1.com'
2025-01-05 04:20:30,290 - WARNING - Using default encoding (0)
2025-01-05 04:20:30,383 - WARNING - Error in transform: y contains previously unseen labels: '0'
2025-01-05 04:20:30,384 - WARNING - Using default value 0 for 13421 items
2025-01-05 04:20:33,798 - INFO - 192.168.96.1 - - [05/Jan/2025 04:20:33] "POST /api/recommendations HTTP/1.1" 200 -
2025-01-05 04:25:48,067 - INFO - 192.168.96.1 - - [05/Jan/2025 04:25:48] "GET /api/health HTTP/1.1" 200 -
2025-01-05 04:25:48,084 - INFO - 192.168.96.1 - - [05/Jan/2025 04:25:48] "GET /api/health HTTP/1.1" 200 -
2025-01-05 04:25:48,100 - INFO - 192.168.96.1 - - [05/Jan/2025 04:25:48] "GET /api/health HTTP/1.1" 200 -
2025-01-05 04:25:48,129 - INFO - 192.168.96.1 - - [05/Jan/2025 04:25:48] "GET /api/health HTTP/1.1" 200 -
2025-01-05 04:25:51,424 - INFO - 192.168.96.1 - - [05/Jan/2025 04:25:51] "GET /api/health HTTP/1.1" 200 -
2025-01-05 04:25:51,439 - INFO - 192.168.96.1 - - [05/Jan/2025 04:25:51] "GET /api/health HTTP/1.1" 200 -
2025-01-05 04:26:05,534 - INFO - 192.168.96.1 - - [05/Jan/2025 04:26:05] "OPTIONS /api/recommendations HTTP/1.1" 200 -
2025-01-05 04:26:05,581 - WARNING - Error encoding user ID: y contains previously unseen labels: '1@1.com'
2025-01-05 04:26:05,582 - WARNING - Using default encoding (0)
2025-01-05 04:26:05,616 - WARNING - Error in transform: y contains previously unseen labels: '0'
2025-01-05 04:26:05,618 - WARNING - Using default value 0 for 13421 items
2025-01-05 04:26:08,909 - INFO - 192.168.96.1 - - [05/Jan/2025 04:26:08] "POST /api/recommendations HTTP/1.1" 200 -
2025-01-05 04:28:20,626 - INFO - 192.168.96.1 - - [05/Jan/2025 04:28:20] "GET /api/health HTTP/1.1" 200 -
2025-01-05 04:28:20,835 - INFO - 192.168.96.1 - - [05/Jan/2025 04:28:20] "GET /api/health HTTP/1.1" 200 -
2025-01-05 04:28:52,290 - INFO - 192.168.96.1 - - [05/Jan/2025 04:28:52] "GET /api/health HTTP/1.1" 200 -
2025-01-05 04:30:52,926 - INFO - 192.168.96.1 - - [05/Jan/2025 04:30:52] "GET /api/health HTTP/1.1" 200 -
2025-01-05 04:30:52,929 - INFO - 192.168.96.1 - - [05/Jan/2025 04:30:52] "GET /api/health HTTP/1.1" 200 -
2025-01-05 04:31:06,167 - INFO - 192.168.96.1 - - [05/Jan/2025 04:31:06] "GET /api/health HTTP/1.1" 200 -
2025-01-05 04:31:06,185 - INFO - 192.168.96.1 - - [05/Jan/2025 04:31:06] "GET /api/health HTTP/1.1" 200 -
2025-01-05 04:31:06,474 - INFO - 192.168.96.1 - - [05/Jan/2025 04:31:06] "GET /api/health HTTP/1.1" 200 -
2025-01-05 04:31:23,686 - INFO - 192.168.96.1 - - [05/Jan/2025 04:31:23] "GET /api/health HTTP/1.1" 200 -
2025-01-05 04:31:23,691 - INFO - 192.168.96.1 - - [05/Jan/2025 04:31:23] "GET /api/health HTTP/1.1" 200 -
2025-01-05 04:31:39,116 - INFO - 192.168.96.1 - - [05/Jan/2025 04:31:39] "OPTIONS /api/recommendations HTTP/1.1" 200 -
2025-01-05 04:31:39,220 - WARNING - Error encoding user ID: y contains previously unseen labels: '1@1.com'
2025-01-05 04:31:39,221 - WARNING - Using default encoding (0)
2025-01-05 04:31:39,293 - WARNING - Error in transform: y contains previously unseen labels: '0'
2025-01-05 04:31:39,295 - WARNING - Using default value 0 for 13421 items
2025-01-05 04:31:43,855 - INFO - 192.168.96.1 - - [05/Jan/2025 04:31:43] "POST /api/recommendations HTTP/1.1" 200 -
2025-01-05 04:31:55,830 - INFO - 192.168.96.1 - - [05/Jan/2025 04:31:55] "GET /api/health HTTP/1.1" 200 -
2025-01-05 04:32:23,708 - INFO - 192.168.96.1 - - [05/Jan/2025 04:32:23] "GET /api/health HTTP/1.1" 200 -
2025-01-05 04:33:30,948 - INFO - 192.168.96.1 - - [05/Jan/2025 04:33:30] "GET /api/health HTTP/1.1" 200 -
2025-01-05 04:33:30,958 - INFO - 192.168.96.1 - - [05/Jan/2025 04:33:30] "GET /api/health HTTP/1.1" 200 -
2025-01-05 04:33:31,317 - INFO - 192.168.96.1 - - [05/Jan/2025 04:33:31] "GET /api/health HTTP/1.1" 200 -
2025-01-05 04:33:35,921 - INFO - 192.168.96.1 - - [05/Jan/2025 04:33:35] "GET /api/health HTTP/1.1" 200 -
2025-01-05 04:33:35,941 - INFO - 192.168.96.1 - - [05/Jan/2025 04:33:35] "GET /api/health HTTP/1.1" 200 -
2025-01-05 04:33:56,288 - INFO - 192.168.96.1 - - [05/Jan/2025 04:33:56] "OPTIONS /api/recommendations HTTP/1.1" 200 -
2025-01-05 04:33:56,332 - WARNING - Error encoding user ID: y contains previously unseen labels: '1@1.com'
2025-01-05 04:33:56,333 - WARNING - Using default encoding (0)
2025-01-05 04:33:56,374 - WARNING - Error in transform: y contains previously unseen labels: '0'
2025-01-05 04:33:56,376 - WARNING - Using default value 0 for 13421 items
2025-01-05 04:34:00,242 - INFO - 192.168.96.1 - - [05/Jan/2025 04:34:00] "POST /api/recommendations HTTP/1.1" 200 -
2025-01-05 04:34:05,933 - INFO - 192.168.96.1 - - [05/Jan/2025 04:34:05] "GET /api/health HTTP/1.1" 200 -
2025-01-05 04:34:38,126 - INFO - 192.168.96.1 - - [05/Jan/2025 04:34:38] "GET /api/health HTTP/1.1" 200 -
2025-01-05 04:35:05,940 - INFO - 192.168.96.1 - - [05/Jan/2025 04:35:05] "GET /api/health HTTP/1.1" 200 -
2025-01-05 04:35:36,934 - INFO - 192.168.96.1 - - [05/Jan/2025 04:35:36] "GET /api/health HTTP/1.1" 200 -
2025-01-05 04:36:06,495 - INFO - 192.168.96.1 - - [05/Jan/2025 04:36:06] "GET /api/health HTTP/1.1" 200 -
2025-01-05 04:36:06,738 - INFO - 192.168.96.1 - - [05/Jan/2025 04:36:06] "OPTIONS /api/recommendations HTTP/1.1" 200 -
2025-01-05 04:36:06,777 - WARNING - Error encoding user ID: y contains previously unseen labels: '1@1.com'
2025-01-05 04:36:06,777 - WARNING - Using default encoding (0)
2025-01-05 04:36:06,808 - WARNING - Error in transform: y contains previously unseen labels: '0'
2025-01-05 04:36:06,809 - WARNING - Using default value 0 for 13421 items
2025-01-05 04:36:10,547 - INFO - 192.168.96.1 - - [05/Jan/2025 04:36:10] "POST /api/recommendations HTTP/1.1" 200 -
2025-01-05 04:36:14,612 - INFO - 192.168.96.1 - - [05/Jan/2025 04:36:14] "OPTIONS /api/recommendations HTTP/1.1" 200 -
2025-01-05 04:36:14,696 - WARNING - Error encoding user ID: y contains previously unseen labels: '1@1.com'
2025-01-05 04:36:14,696 - WARNING - Using default encoding (0)
2025-01-05 04:36:14,740 - WARNING - Error in transform: y contains previously unseen labels: '0'
2025-01-05 04:36:14,741 - WARNING - Using default value 0 for 13421 items
2025-01-05 04:36:17,381 - INFO - 192.168.96.1 - - [05/Jan/2025 04:36:17] "POST /api/recommendations HTTP/1.1" 200 -
2025-01-05 04:36:35,740 - INFO - 192.168.96.1 - - [05/Jan/2025 04:36:35] "GET /api/health HTTP/1.1" 200 -
2025-01-05 04:37:05,947 - INFO - 192.168.96.1 - - [05/Jan/2025 04:37:05] "GET /api/health HTTP/1.1" 200 -
2025-01-05 04:37:38,052 - INFO - 192.168.96.1 - - [05/Jan/2025 04:37:38] "GET /api/health HTTP/1.1" 200 -
2025-01-05 04:38:06,212 - INFO - 192.168.96.1 - - [05/Jan/2025 04:38:06] "GET /api/health HTTP/1.1" 200 -
2025-01-05 04:38:37,472 - INFO - 192.168.96.1 - - [05/Jan/2025 04:38:37] "GET /api/health HTTP/1.1" 200 -
2025-01-05 04:39:06,447 - INFO - 192.168.96.1 - - [05/Jan/2025 04:39:06] "GET /api/health HTTP/1.1" 200 -
2025-01-05 04:39:27,868 - INFO - 192.168.96.1 - - [05/Jan/2025 04:39:27] "GET /api/health HTTP/1.1" 200 -
2025-01-05 04:39:27,873 - INFO - 192.168.96.1 - - [05/Jan/2025 04:39:27] "GET /api/health HTTP/1.1" 200 -
2025-01-05 04:39:28,500 - INFO - 192.168.96.1 - - [05/Jan/2025 04:39:28] "GET /api/health HTTP/1.1" 200 -
2025-01-05 04:39:32,037 - INFO - 192.168.96.1 - - [05/Jan/2025 04:39:32] "GET /api/health HTTP/1.1" 200 -
2025-01-05 04:39:32,044 - INFO - 192.168.96.1 - - [05/Jan/2025 04:39:32] "GET /api/health HTTP/1.1" 200 -
2025-01-05 04:39:41,374 - INFO - 192.168.96.1 - - [05/Jan/2025 04:39:41] "OPTIONS /api/recommendations HTTP/1.1" 200 -
2025-01-05 04:39:41,442 - WARNING - Error encoding user ID: y contains previously unseen labels: '1@1.com'
2025-01-05 04:39:41,443 - WARNING - Using default encoding (0)
2025-01-05 04:39:41,533 - WARNING - Error in transform: y contains previously unseen labels: '0'
2025-01-05 04:39:41,535 - WARNING - Using default value 0 for 13421 items
2025-01-05 04:39:44,502 - INFO - 192.168.96.1 - - [05/Jan/2025 04:39:44] "POST /api/recommendations HTTP/1.1" 200 -
2025-01-05 04:40:01,787 - INFO - 192.168.96.1 - - [05/Jan/2025 04:40:01] "GET /api/health HTTP/1.1" 200 -
2025-01-05 04:40:31,976 - INFO - 192.168.96.1 - - [05/Jan/2025 04:40:31] "GET /api/health HTTP/1.1" 200 -
2025-01-05 04:40:39,072 - INFO - 192.168.96.1 - - [05/Jan/2025 04:40:39] "OPTIONS /api/recommendations HTTP/1.1" 200 -
2025-01-05 04:40:39,095 - WARNING - Error encoding user ID: y contains previously unseen labels: '1@1.com'
2025-01-05 04:40:39,096 - WARNING - Using default encoding (0)
2025-01-05 04:40:39,114 - WARNING - Error in transform: y contains previously unseen labels: '0'
2025-01-05 04:40:39,115 - WARNING - Using default value 0 for 13421 items
2025-01-05 04:40:42,733 - INFO - 192.168.96.1 - - [05/Jan/2025 04:40:42] "POST /api/recommendations HTTP/1.1" 200 -
2025-01-05 04:41:02,008 - INFO - 192.168.96.1 - - [05/Jan/2025 04:41:02] "GET /api/health HTTP/1.1" 200 -
2025-01-05 04:41:33,933 - INFO - 192.168.96.1 - - [05/Jan/2025 04:41:33] "GET /api/health HTTP/1.1" 200 -
2025-01-05 04:42:02,199 - INFO - 192.168.96.1 - - [05/Jan/2025 04:42:02] "GET /api/health HTTP/1.1" 200 -
2025-01-05 04:42:12,595 - INFO - 192.168.96.1 - - [05/Jan/2025 04:42:12] "GET /api/health HTTP/1.1" 200 -
2025-01-05 04:42:12,675 - INFO - 192.168.96.1 - - [05/Jan/2025 04:42:12] "GET /api/health HTTP/1.1" 200 -
2025-01-05 04:42:13,010 - INFO - 192.168.96.1 - - [05/Jan/2025 04:42:13] "GET /api/health HTTP/1.1" 200 -
2025-01-05 04:42:20,405 - INFO - 192.168.96.1 - - [05/Jan/2025 04:42:20] "GET /api/health HTTP/1.1" 200 -
2025-01-05 04:42:20,414 - INFO - 192.168.96.1 - - [05/Jan/2025 04:42:20] "GET /api/health HTTP/1.1" 200 -
2025-01-05 04:42:29,427 - INFO - 192.168.96.1 - - [05/Jan/2025 04:42:29] "OPTIONS /api/recommendations HTTP/1.1" 200 -
2025-01-05 04:42:29,485 - WARNING - Error encoding user ID: y contains previously unseen labels: '1@1.com'
2025-01-05 04:42:29,487 - WARNING - Using default encoding (0)
2025-01-05 04:42:29,534 - WARNING - Error in transform: y contains previously unseen labels: '0'
2025-01-05 04:42:29,537 - WARNING - Using default value 0 for 13421 items
2025-01-05 04:42:32,884 - INFO - 192.168.96.1 - - [05/Jan/2025 04:42:32] "POST /api/recommendations HTTP/1.1" 200 -
2025-01-05 04:42:50,414 - INFO - 192.168.96.1 - - [05/Jan/2025 04:42:50] "GET /api/health HTTP/1.1" 200 -
2025-01-05 04:43:19,421 - INFO - 192.168.96.1 - - [05/Jan/2025 04:43:19] "GET /api/health HTTP/1.1" 200 -
2025-01-05 04:43:50,136 - INFO - 192.168.96.1 - - [05/Jan/2025 04:43:50] "GET /api/health HTTP/1.1" 200 -
2025-01-05 04:43:50,141 - INFO - 192.168.96.1 - - [05/Jan/2025 04:43:50] "GET /api/health HTTP/1.1" 200 -
2025-01-05 04:43:50,516 - INFO - 192.168.96.1 - - [05/Jan/2025 04:43:50] "GET /api/health HTTP/1.1" 200 -
2025-01-05 04:43:54,544 - INFO - 192.168.96.1 - - [05/Jan/2025 04:43:54] "GET /api/health HTTP/1.1" 200 -
2025-01-05 04:43:54,553 - INFO - 192.168.96.1 - - [05/Jan/2025 04:43:54] "GET /api/health HTTP/1.1" 200 -
2025-01-05 04:44:03,216 - INFO - 192.168.96.1 - - [05/Jan/2025 04:44:03] "OPTIONS /api/recommendations HTTP/1.1" 200 -
2025-01-05 04:44:03,253 - WARNING - Error encoding user ID: y contains previously unseen labels: '1@1.com'
2025-01-05 04:44:03,253 - WARNING - Using default encoding (0)
2025-01-05 04:44:03,300 - WARNING - Error in transform: y contains previously unseen labels: '0'
2025-01-05 04:44:03,301 - WARNING - Using default value 0 for 13421 items
2025-01-05 04:44:06,675 - INFO - 192.168.96.1 - - [05/Jan/2025 04:44:06] "POST /api/recommendations HTTP/1.1" 200 -
2025-01-05 04:44:23,579 - INFO - 192.168.96.1 - - [05/Jan/2025 04:44:23] "GET /api/health HTTP/1.1" 200 -
2025-01-05 04:44:48,679 - INFO - 192.168.96.1 - - [05/Jan/2025 04:44:48] "GET /api/health HTTP/1.1" 200 -
2025-01-05 04:44:49,763 - INFO - 192.168.96.1 - - [05/Jan/2025 04:44:49] "GET /api/health HTTP/1.1" 200 -
2025-01-05 04:44:49,785 - INFO - 192.168.96.1 - - [05/Jan/2025 04:44:49] "GET /api/health HTTP/1.1" 200 -
2025-01-05 04:45:01,684 - INFO - 192.168.96.1 - - [05/Jan/2025 04:45:01] "GET /api/health HTTP/1.1" 200 -
2025-01-05 04:45:01,697 - INFO - 192.168.96.1 - - [05/Jan/2025 04:45:01] "GET /api/health HTTP/1.1" 200 -
2025-01-05 04:45:09,843 - INFO - 192.168.96.1 - - [05/Jan/2025 04:45:09] "OPTIONS /api/recommendations HTTP/1.1" 200 -
2025-01-05 04:45:09,876 - WARNING - Error encoding user ID: y contains previously unseen labels: '1@1.com'
2025-01-05 04:45:09,877 - WARNING - Using default encoding (0)
2025-01-05 04:45:09,888 - WARNING - Error in transform: y contains previously unseen labels: '0'
2025-01-05 04:45:09,889 - WARNING - Using default value 0 for 13421 items
2025-01-05 04:45:12,246 - INFO - 192.168.96.1 - - [05/Jan/2025 04:45:12] "POST /api/recommendations HTTP/1.1" 200 -
2025-01-05 04:45:31,846 - INFO - 192.168.96.1 - - [05/Jan/2025 04:45:31] "GET /api/health HTTP/1.1" 200 -
2025-01-05 04:46:00,303 - INFO - 192.168.96.1 - - [05/Jan/2025 04:46:00] "GET /api/health HTTP/1.1" 200 -
2025-01-05 04:46:31,473 - INFO - 192.168.96.1 - - [05/Jan/2025 04:46:31] "GET /api/health HTTP/1.1" 200 -
2025-01-05 04:46:59,675 - INFO - 192.168.96.1 - - [05/Jan/2025 04:46:59] "GET /api/health HTTP/1.1" 200 -
2025-01-05 04:47:29,782 - INFO - 192.168.96.1 - - [05/Jan/2025 04:47:29] "GET /api/health HTTP/1.1" 200 -
2025-01-05 04:47:59,236 - INFO - 192.168.96.1 - - [05/Jan/2025 04:47:59] "GET /api/health HTTP/1.1" 200 -
2025-01-05 04:48:29,440 - INFO - 192.168.96.1 - - [05/Jan/2025 04:48:29] "GET /api/health HTTP/1.1" 200 -
2025-01-05 04:48:59,507 - INFO - 192.168.96.1 - - [05/Jan/2025 04:48:59] "GET /api/health HTTP/1.1" 200 -
2025-01-05 04:49:29,586 - INFO - 192.168.96.1 - - [05/Jan/2025 04:49:29] "GET /api/health HTTP/1.1" 200 -
2025-01-05 04:49:59,589 - INFO - 192.168.96.1 - - [05/Jan/2025 04:49:59] "GET /api/health HTTP/1.1" 200 -
2025-01-05 04:50:29,699 - INFO - 192.168.96.1 - - [05/Jan/2025 04:50:29] "GET /api/health HTTP/1.1" 200 -
2025-01-05 04:50:59,835 - INFO - 192.168.96.1 - - [05/Jan/2025 04:50:59] "GET /api/health HTTP/1.1" 200 -
2025-01-05 04:52:14,485 - INFO - 192.168.96.1 - - [05/Jan/2025 04:52:14] "GET /api/health HTTP/1.1" 200 -
2025-01-05 04:52:14,499 - INFO - 192.168.96.1 - - [05/Jan/2025 04:52:14] "GET /api/health HTTP/1.1" 200 -
2025-01-05 04:52:14,521 - INFO - 192.168.96.1 - - [05/Jan/2025 04:52:14] "GET /api/health HTTP/1.1" 200 -
2025-01-05 04:52:16,167 - INFO - 192.168.96.1 - - [05/Jan/2025 04:52:16] "GET /api/health HTTP/1.1" 200 -
2025-01-05 04:52:16,173 - INFO - 192.168.96.1 - - [05/Jan/2025 04:52:16] "GET /api/health HTTP/1.1" 200 -
2025-01-05 04:52:48,353 - INFO - 192.168.96.1 - - [05/Jan/2025 04:52:48] "GET /api/health HTTP/1.1" 200 -
2025-01-05 04:52:54,604 - INFO - 192.168.96.1 - - [05/Jan/2025 04:52:54] "OPTIONS /api/recommendations HTTP/1.1" 200 -
2025-01-05 04:52:56,760 - WARNING - Error encoding user ID: y contains previously unseen labels: '1@1.com'
2025-01-05 04:52:56,761 - WARNING - Using default encoding (0)
2025-01-05 04:52:56,805 - WARNING - Error in transform: y contains previously unseen labels: '0'
2025-01-05 04:52:56,806 - WARNING - Using default value 0 for 13421 items
2025-01-05 04:52:59,555 - INFO - 192.168.96.1 - - [05/Jan/2025 04:52:59] "POST /api/recommendations HTTP/1.1" 200 -
2025-01-05 04:53:18,375 - INFO - 192.168.96.1 - - [05/Jan/2025 04:53:18] "GET /api/health HTTP/1.1" 200 -
2025-01-05 04:53:46,428 - INFO - 192.168.96.1 - - [05/Jan/2025 04:53:46] "GET /api/health HTTP/1.1" 200 -
2025-01-05 04:54:17,756 - INFO - 192.168.96.1 - - [05/Jan/2025 04:54:17] "GET /api/health HTTP/1.1" 200 -
2025-01-05 04:54:46,035 - INFO - 192.168.96.1 - - [05/Jan/2025 04:54:46] "GET /api/health HTTP/1.1" 200 -
2025-01-05 04:55:16,493 - INFO - 192.168.96.1 - - [05/Jan/2025 04:55:16] "GET /api/health HTTP/1.1" 200 -
2025-01-05 04:55:45,045 - INFO - 192.168.96.1 - - [05/Jan/2025 04:55:45] "GET /api/health HTTP/1.1" 200 -
2025-01-05 04:56:16,196 - INFO - 192.168.96.1 - - [05/Jan/2025 04:56:16] "GET /api/health HTTP/1.1" 200 -
2025-01-05 04:56:45,964 - INFO - 192.168.96.1 - - [05/Jan/2025 04:56:45] "GET /api/health HTTP/1.1" 200 -
2025-01-05 04:56:53,149 - INFO - 192.168.96.1 - - [05/Jan/2025 04:56:53] "GET /api/health HTTP/1.1" 200 -
2025-01-05 04:56:53,161 - INFO - 192.168.96.1 - - [05/Jan/2025 04:56:53] "GET /api/health HTTP/1.1" 200 -
2025-01-05 04:57:23,150 - INFO - 192.168.96.1 - - [05/Jan/2025 04:57:23] "GET /api/health HTTP/1.1" 200 -
2025-01-05 04:57:55,260 - INFO - 192.168.96.1 - - [05/Jan/2025 04:57:55] "GET /api/health HTTP/1.1" 200 -
2025-01-05 04:58:31,689 - INFO - 192.168.96.1 - - [05/Jan/2025 04:58:31] "GET /api/health HTTP/1.1" 200 -
2025-01-05 04:58:32,726 - INFO - 192.168.96.1 - - [05/Jan/2025 04:58:32] "GET /api/health HTTP/1.1" 200 -
2025-01-05 04:58:32,754 - INFO - 192.168.96.1 - - [05/Jan/2025 04:58:32] "GET /api/health HTTP/1.1" 200 -
2025-01-05 04:58:37,100 - INFO - 192.168.96.1 - - [05/Jan/2025 04:58:37] "GET /api/health HTTP/1.1" 200 -
2025-01-05 04:58:37,104 - INFO - 192.168.96.1 - - [05/Jan/2025 04:58:37] "GET /api/health HTTP/1.1" 200 -
2025-01-05 04:58:53,661 - INFO - 192.168.96.1 - - [05/Jan/2025 04:58:53] "OPTIONS /api/recommendations HTTP/1.1" 200 -
2025-01-05 04:58:53,714 - WARNING - Error encoding user ID: y contains previously unseen labels: '1@1.com'
2025-01-05 04:58:53,714 - WARNING - Using default encoding (0)
2025-01-05 04:58:53,745 - WARNING - Error in transform: y contains previously unseen labels: '0'
2025-01-05 04:58:53,746 - WARNING - Using default value 0 for 13421 items
2025-01-05 04:58:56,825 - INFO - 192.168.96.1 - - [05/Jan/2025 04:58:56] "POST /api/recommendations HTTP/1.1" 200 -
2025-01-05 04:59:06,118 - INFO - 192.168.96.1 - - [05/Jan/2025 04:59:06] "GET /api/health HTTP/1.1" 200 -
2025-01-05 04:59:36,114 - INFO - 192.168.96.1 - - [05/Jan/2025 04:59:36] "GET /api/health HTTP/1.1" 200 -
2025-01-05 05:00:08,221 - INFO - 192.168.96.1 - - [05/Jan/2025 05:00:08] "GET /api/health HTTP/1.1" 200 -
2025-01-05 05:00:36,124 - INFO - 192.168.96.1 - - [05/Jan/2025 05:00:36] "GET /api/health HTTP/1.1" 200 -
2025-01-05 05:01:06,146 - INFO - 192.168.96.1 - - [05/Jan/2025 05:01:06] "GET /api/health HTTP/1.1" 200 -
2025-01-05 05:01:16,176 - INFO - 192.168.96.1 - - [05/Jan/2025 05:01:16] "GET /api/health HTTP/1.1" 200 -
2025-01-05 05:01:16,294 - INFO - 192.168.96.1 - - [05/Jan/2025 05:01:16] "GET /api/health HTTP/1.1" 200 -
2025-01-05 05:01:48,064 - INFO - 192.168.96.1 - - [05/Jan/2025 05:01:48] "GET /api/health HTTP/1.1" 200 -
2025-01-05 05:02:16,008 - INFO - 192.168.96.1 - - [05/Jan/2025 05:02:16] "GET /api/health HTTP/1.1" 200 -
2025-01-05 05:02:46,023 - INFO - 192.168.96.1 - - [05/Jan/2025 05:02:46] "GET /api/health HTTP/1.1" 200 -
2025-01-05 05:03:16,017 - INFO - 192.168.96.1 - - [05/Jan/2025 05:03:16] "GET /api/health HTTP/1.1" 200 -
2025-01-05 05:03:46,013 - INFO - 192.168.96.1 - - [05/Jan/2025 05:03:46] "GET /api/health HTTP/1.1" 200 -
2025-01-05 05:04:18,092 - INFO - 192.168.96.1 - - [05/Jan/2025 05:04:18] "GET /api/health HTTP/1.1" 200 -
2025-01-05 05:04:46,021 - INFO - 192.168.96.1 - - [05/Jan/2025 05:04:46] "GET /api/health HTTP/1.1" 200 -
2025-01-05 05:05:16,015 - INFO - 192.168.96.1 - - [05/Jan/2025 05:05:16] "GET /api/health HTTP/1.1" 200 -
2025-01-05 05:05:46,012 - INFO - 192.168.96.1 - - [05/Jan/2025 05:05:46] "GET /api/health HTTP/1.1" 200 -
2025-01-05 05:06:18,226 - INFO - 192.168.96.1 - - [05/Jan/2025 05:06:18] "GET /api/health HTTP/1.1" 200 -
2025-01-05 05:06:46,020 - INFO - 192.168.96.1 - - [05/Jan/2025 05:06:46] "GET /api/health HTTP/1.1" 200 -
2025-01-05 05:07:17,026 - INFO - 192.168.96.1 - - [05/Jan/2025 05:07:17] "GET /api/health HTTP/1.1" 200 -
2025-01-05 05:08:45,027 - INFO - 192.168.96.1 - - [05/Jan/2025 05:08:45] "GET /api/health HTTP/1.1" 200 -
2025-01-05 05:09:17,025 - INFO - 192.168.96.1 - - [05/Jan/2025 05:09:17] "GET /api/health HTTP/1.1" 200 -
2025-01-05 05:09:46,011 - INFO - 192.168.96.1 - - [05/Jan/2025 05:09:46] "GET /api/health HTTP/1.1" 200 -
2025-01-05 05:10:16,037 - INFO - 192.168.96.1 - - [05/Jan/2025 05:10:16] "GET /api/health HTTP/1.1" 200 -
2025-01-05 05:10:46,013 - INFO - 192.168.96.1 - - [05/Jan/2025 05:10:46] "GET /api/health HTTP/1.1" 200 -
2025-01-05 05:11:18,063 - INFO - 192.168.96.1 - - [05/Jan/2025 05:11:18] "GET /api/health HTTP/1.1" 200 -
2025-01-05 05:12:45,038 - INFO - 192.168.96.1 - - [05/Jan/2025 05:12:45] "GET /api/health HTTP/1.1" 200 -
2025-01-05 05:13:45,017 - INFO - 192.168.96.1 - - [05/Jan/2025 05:13:45] "GET /api/health HTTP/1.1" 200 -
2025-01-05 05:14:46,062 - INFO - 192.168.96.1 - - [05/Jan/2025 05:14:46] "GET /api/health HTTP/1.1" 200 -
2025-01-05 05:15:45,025 - INFO - 192.168.96.1 - - [05/Jan/2025 05:15:45] "GET /api/health HTTP/1.1" 200 -
2025-01-05 05:16:46,220 - INFO - 192.168.96.1 - - [05/Jan/2025 05:16:46] "GET /api/health HTTP/1.1" 200 -
2025-01-05 05:17:45,015 - INFO - 192.168.96.1 - - [05/Jan/2025 05:17:45] "GET /api/health HTTP/1.1" 200 -
2025-01-05 05:18:47,107 - INFO - 192.168.96.1 - - [05/Jan/2025 05:18:47] "GET /api/health HTTP/1.1" 200 -
2025-01-05 05:19:45,016 - INFO - 192.168.96.1 - - [05/Jan/2025 05:19:45] "GET /api/health HTTP/1.1" 200 -
2025-01-05 05:20:45,028 - INFO - 192.168.96.1 - - [05/Jan/2025 05:20:45] "GET /api/health HTTP/1.1" 200 -
2025-01-05 05:21:46,064 - INFO - 192.168.96.1 - - [05/Jan/2025 05:21:46] "GET /api/health HTTP/1.1" 200 -
2025-01-05 05:22:45,002 - INFO - 192.168.96.1 - - [05/Jan/2025 05:22:45] "GET /api/health HTTP/1.1" 200 -
2025-01-05 05:23:47,108 - INFO - 192.168.96.1 - - [05/Jan/2025 05:23:47] "GET /api/health HTTP/1.1" 200 -
2025-01-05 05:24:45,024 - INFO - 192.168.96.1 - - [05/Jan/2025 05:24:45] "GET /api/health HTTP/1.1" 200 -
2025-01-05 05:25:47,100 - INFO - 192.168.96.1 - - [05/Jan/2025 05:25:47] "GET /api/health HTTP/1.1" 200 -
2025-01-05 05:28:04,972 - INFO - 192.168.96.1 - - [05/Jan/2025 05:28:04] "GET /api/health HTTP/1.1" 200 -
2025-01-05 05:28:45,005 - INFO - 192.168.96.1 - - [05/Jan/2025 05:28:45] "GET /api/health HTTP/1.1" 200 -
2025-01-05 05:29:45,001 - INFO - 192.168.96.1 - - [05/Jan/2025 05:29:45] "GET /api/health HTTP/1.1" 200 -
2025-01-05 05:30:18,171 - INFO - 192.168.96.1 - - [05/Jan/2025 05:30:18] "GET /api/health HTTP/1.1" 200 -
2025-01-05 05:30:46,015 - INFO - 192.168.96.1 - - [05/Jan/2025 05:30:46] "GET /api/health HTTP/1.1" 200 -
2025-01-05 05:31:17,057 - INFO - 192.168.96.1 - - [05/Jan/2025 05:31:17] "GET /api/health HTTP/1.1" 200 -
2025-01-05 05:31:48,012 - INFO - 192.168.96.1 - - [05/Jan/2025 05:31:48] "GET /api/health HTTP/1.1" 200 -
2025-01-05 05:32:40,023 - INFO - 192.168.96.1 - - [05/Jan/2025 05:32:40] "GET /api/health HTTP/1.1" 200 -
2025-01-05 05:32:46,013 - INFO - 192.168.96.1 - - [05/Jan/2025 05:32:46] "GET /api/health HTTP/1.1" 200 -
2025-01-05 05:33:22,654 - INFO - 192.168.96.1 - - [05/Jan/2025 05:33:22] "GET /api/health HTTP/1.1" 200 -
2025-01-05 05:33:22,660 - INFO - 192.168.96.1 - - [05/Jan/2025 05:33:22] "GET /api/health HTTP/1.1" 200 -
2025-01-05 05:33:25,214 - INFO - 192.168.96.1 - - [05/Jan/2025 05:33:25] "GET /api/health HTTP/1.1" 200 -
2025-01-05 05:35:26,414 - INFO - 192.168.96.1 - - [05/Jan/2025 05:35:26] "GET /api/health HTTP/1.1" 200 -
2025-01-05 05:35:26,421 - INFO - 192.168.96.1 - - [05/Jan/2025 05:35:26] "GET /api/health HTTP/1.1" 200 -
2025-01-05 05:35:26,441 - INFO - 192.168.96.1 - - [05/Jan/2025 05:35:26] "GET /api/health HTTP/1.1" 200 -
2025-01-05 05:36:49,294 - INFO - 192.168.96.1 - - [05/Jan/2025 05:36:49] "GET /api/health HTTP/1.1" 200 -
2025-01-05 05:36:49,303 - INFO - 192.168.96.1 - - [05/Jan/2025 05:36:49] "GET /api/health HTTP/1.1" 200 -
2025-01-05 05:36:49,318 - INFO - 192.168.96.1 - - [05/Jan/2025 05:36:49] "GET /api/health HTTP/1.1" 200 -
2025-01-05 05:42:05,379 - INFO - 192.168.96.1 - - [05/Jan/2025 05:42:05] "GET /api/health HTTP/1.1" 200 -
2025-01-05 05:42:05,389 - INFO - 192.168.96.1 - - [05/Jan/2025 05:42:05] "GET /api/health HTTP/1.1" 200 -
2025-01-05 05:42:05,402 - INFO - 192.168.96.1 - - [05/Jan/2025 05:42:05] "GET /api/health HTTP/1.1" 200 -
2025-01-05 05:43:59,509 - INFO - 192.168.96.1 - - [05/Jan/2025 05:43:59] "GET /api/health HTTP/1.1" 200 -
2025-01-05 05:44:06,938 - INFO - 192.168.96.1 - - [05/Jan/2025 05:44:06] "GET /api/health HTTP/1.1" 200 -
2025-01-05 05:44:13,666 - INFO - 192.168.96.1 - - [05/Jan/2025 05:44:13] "GET /api/health HTTP/1.1" 200 -
2025-01-05 05:44:15,333 - INFO - 192.168.96.1 - - [05/Jan/2025 05:44:15] "GET /api/health HTTP/1.1" 200 -
2025-01-05 05:45:59,371 - INFO - 192.168.96.1 - - [05/Jan/2025 05:45:59] "GET /api/health HTTP/1.1" 200 -
2025-01-05 05:45:59,397 - INFO - 192.168.96.1 - - [05/Jan/2025 05:45:59] "GET /api/health HTTP/1.1" 200 -
2025-01-05 05:45:59,426 - INFO - 192.168.96.1 - - [05/Jan/2025 05:45:59] "GET /api/health HTTP/1.1" 200 -
2025-01-05 05:47:36,011 - INFO - 192.168.96.1 - - [05/Jan/2025 05:47:36] "GET /api/health HTTP/1.1" 200 -
2025-01-05 05:47:36,020 - INFO - 192.168.96.1 - - [05/Jan/2025 05:47:36] "GET /api/health HTTP/1.1" 200 -
2025-01-05 05:47:36,261 - INFO - 192.168.96.1 - - [05/Jan/2025 05:47:36] "GET /api/health HTTP/1.1" 200 -
2025-01-05 06:02:12,057 - INFO - 192.168.96.1 - - [05/Jan/2025 06:02:12] "GET /api/health HTTP/1.1" 200 -
2025-01-05 06:02:12,127 - INFO - 192.168.96.1 - - [05/Jan/2025 06:02:12] "GET /api/health HTTP/1.1" 200 -
2025-01-05 06:02:16,804 - INFO - 192.168.96.1 - - [05/Jan/2025 06:02:16] "GET /api/health HTTP/1.1" 200 -
2025-01-05 06:02:16,818 - INFO - 192.168.96.1 - - [05/Jan/2025 06:02:16] "GET /api/health HTTP/1.1" 200 -
2025-01-05 06:02:20,563 - INFO - 192.168.96.1 - - [05/Jan/2025 06:02:20] "GET /api/health HTTP/1.1" 200 -
2025-01-05 06:10:28,100 - INFO - 192.168.96.1 - - [05/Jan/2025 06:10:28] "GET /api/health HTTP/1.1" 200 -
2025-01-05 06:10:28,130 - INFO - 192.168.96.1 - - [05/Jan/2025 06:10:28] "GET /api/health HTTP/1.1" 200 -
2025-01-05 06:10:58,465 - INFO - 192.168.96.1 - - [05/Jan/2025 06:10:58] "GET /api/health HTTP/1.1" 200 -
2025-01-05 06:11:28,490 - INFO - 192.168.96.1 - - [05/Jan/2025 06:11:28] "GET /api/health HTTP/1.1" 200 -
2025-01-05 06:11:58,587 - INFO - 192.168.96.1 - - [05/Jan/2025 06:11:58] "GET /api/health HTTP/1.1" 200 -
2025-01-05 06:12:30,741 - INFO - 192.168.96.1 - - [05/Jan/2025 06:12:30] "GET /api/health HTTP/1.1" 200 -
2025-01-05 07:14:19,067 - INFO - Loading model from /home/martinson/Lhydra_rs/data_engineered_v3/rs_main_v2_refactored/checkpoints/best_model.pth
2025-01-05 07:14:20,325 - INFO - Model loaded successfully
2025-01-05 07:14:20,341 - INFO - Encoder class counts:
2025-01-05 07:14:20,342 - INFO - user_encoder: 9717
2025-01-05 07:14:20,342 - INFO - music_encoder: 9373
2025-01-05 07:14:20,342 - INFO - artist_encoder: 5059
2025-01-05 07:14:20,342 - INFO - genre_encoder: 12
2025-01-05 07:14:20,342 - INFO - Model dimensions from state dict:
2025-01-05 07:14:20,342 - INFO - num_users: 7773
2025-01-05 07:14:20,342 - INFO - num_music: 9324
2025-01-05 07:14:20,343 - INFO - num_artists: 4482
2025-01-05 07:14:20,343 - INFO - num_genres: 12
2025-01-05 07:14:20,343 - INFO - num_numerical: 12
2025-01-05 07:14:20,467 - INFO - [31m[1mWARNING: This is a development server. Do not use it in a production deployment. Use a production WSGI server instead.[0m
 * Running on all addresses (0.0.0.0)
 * Running on http://127.0.0.1:5000
 * Running on http://192.168.100.216:5000
2025-01-05 07:14:20,468 - INFO - [33mPress CTRL+C to quit[0m
2025-01-05 07:14:20,501 - INFO -  * Restarting with watchdog (inotify)
2025-01-05 07:14:28,761 - INFO - Loading model from /home/martinson/Lhydra_rs/data_engineered_v3/rs_main_v2_refactored/checkpoints/best_model.pth
2025-01-05 07:14:29,426 - INFO - Model loaded successfully
2025-01-05 07:14:29,440 - INFO - Encoder class counts:
2025-01-05 07:14:29,440 - INFO - user_encoder: 9717
2025-01-05 07:14:29,440 - INFO - music_encoder: 9373
2025-01-05 07:14:29,440 - INFO - artist_encoder: 5059
2025-01-05 07:14:29,440 - INFO - genre_encoder: 12
2025-01-05 07:14:29,441 - INFO - Model dimensions from state dict:
2025-01-05 07:14:29,441 - INFO - num_users: 7773
2025-01-05 07:14:29,441 - INFO - num_music: 9324
2025-01-05 07:14:29,441 - INFO - num_artists: 4482
2025-01-05 07:14:29,441 - INFO - num_genres: 12
2025-01-05 07:14:29,441 - INFO - num_numerical: 12
2025-01-05 07:14:29,678 - WARNING -  * Debugger is active!
2025-01-05 07:14:29,685 - INFO -  * Debugger PIN: 140-338-902
2025-01-05 07:14:45,040 - INFO - 192.168.96.1 - - [05/Jan/2025 07:14:45] "GET /api/health HTTP/1.1" 200 -
2025-01-05 07:14:45,723 - INFO - 192.168.96.1 - - [05/Jan/2025 07:14:45] "GET /api/health HTTP/1.1" 200 -
2025-01-05 07:14:51,539 - INFO - 192.168.96.1 - - [05/Jan/2025 07:14:51] "GET /api/health HTTP/1.1" 200 -
2025-01-05 07:14:53,597 - INFO - 192.168.96.1 - - [05/Jan/2025 07:14:53] "GET /api/health HTTP/1.1" 200 -
2025-01-05 07:14:53,621 - INFO - 192.168.96.1 - - [05/Jan/2025 07:14:53] "GET /api/health HTTP/1.1" 200 -
2025-01-05 07:15:27,188 - INFO - 192.168.96.1 - - [05/Jan/2025 07:15:27] "GET /api/health HTTP/1.1" 200 -
2025-01-05 07:26:16,240 - INFO - 192.168.96.1 - - [05/Jan/2025 07:26:16] "GET /api/health HTTP/1.1" 200 -
2025-01-05 07:36:48,086 - INFO - 192.168.96.1 - - [05/Jan/2025 07:36:48] "GET /api/health HTTP/1.1" 200 -
2025-01-05 07:37:51,276 - INFO - 192.168.96.1 - - [05/Jan/2025 07:37:51] "GET /api/health HTTP/1.1" 200 -
2025-01-05 07:47:46,032 - INFO - 192.168.96.1 - - [05/Jan/2025 07:47:46] "GET /api/health HTTP/1.1" 200 -
2025-01-05 07:48:52,159 - INFO - 192.168.96.1 - - [05/Jan/2025 07:48:52] "GET /api/health HTTP/1.1" 200 -
2025-01-05 08:12:39,959 - INFO - 192.168.96.1 - - [05/Jan/2025 08:12:39] "GET /api/health HTTP/1.1" 200 -
2025-01-05 08:12:39,969 - INFO - 192.168.96.1 - - [05/Jan/2025 08:12:39] "GET /api/health HTTP/1.1" 200 -
2025-01-05 08:12:40,489 - INFO - 192.168.96.1 - - [05/Jan/2025 08:12:40] "GET /api/health HTTP/1.1" 200 -
2025-01-05 08:12:47,396 - INFO - 192.168.96.1 - - [05/Jan/2025 08:12:47] "OPTIONS /api/recommendations HTTP/1.1" 200 -
2025-01-05 08:12:47,518 - WARNING - Error encoding user ID: y contains previously unseen labels: '1@1.com'
2025-01-05 08:12:47,519 - WARNING - Using default encoding (0)
2025-01-05 08:12:47,569 - WARNING - Error in transform: y contains previously unseen labels: '0'
2025-01-05 08:12:47,570 - WARNING - Using default value 0 for 13421 items
2025-01-05 08:12:55,880 - INFO - 192.168.96.1 - - [05/Jan/2025 08:12:55] "GET /api/health HTTP/1.1" 200 -
2025-01-05 08:12:59,020 - INFO - 192.168.96.1 - - [05/Jan/2025 08:12:59] "POST /api/recommendations HTTP/1.1" 200 -
2025-01-05 08:14:07,117 - INFO - 192.168.96.1 - - [05/Jan/2025 08:14:07] "GET /api/health HTTP/1.1" 200 -
2025-01-05 08:14:07,133 - INFO - 192.168.96.1 - - [05/Jan/2025 08:14:07] "GET /api/health HTTP/1.1" 200 -
2025-01-05 08:14:07,156 - INFO - 192.168.96.1 - - [05/Jan/2025 08:14:07] "GET /api/health HTTP/1.1" 200 -
2025-01-05 08:14:23,155 - INFO - 192.168.96.1 - - [05/Jan/2025 08:14:23] "OPTIONS /api/recommendations HTTP/1.1" 200 -
2025-01-05 08:14:23,198 - WARNING - Error encoding user ID: y contains previously unseen labels: '1@1.com'
2025-01-05 08:14:23,198 - WARNING - Using default encoding (0)
2025-01-05 08:14:23,230 - WARNING - Error in transform: y contains previously unseen labels: '0'
2025-01-05 08:14:23,254 - WARNING - Using default value 0 for 13421 items
2025-01-05 08:14:28,041 - INFO - 192.168.96.1 - - [05/Jan/2025 08:14:28] "POST /api/recommendations HTTP/1.1" 200 -
2025-01-05 08:18:24,447 - INFO - 192.168.96.1 - - [05/Jan/2025 08:18:24] "GET /api/health HTTP/1.1" 200 -
2025-01-05 08:19:34,735 - INFO - 192.168.96.1 - - [05/Jan/2025 08:19:34] "GET /api/health HTTP/1.1" 200 -
2025-01-05 08:19:34,757 - INFO - 192.168.96.1 - - [05/Jan/2025 08:19:34] "GET /api/health HTTP/1.1" 200 -
2025-01-05 08:19:35,537 - INFO - 192.168.96.1 - - [05/Jan/2025 08:19:35] "GET /api/health HTTP/1.1" 200 -
2025-01-05 08:19:43,116 - INFO - 192.168.96.1 - - [05/Jan/2025 08:19:43] "OPTIONS /api/recommendations HTTP/1.1" 200 -
2025-01-05 08:19:43,220 - WARNING - Error encoding user ID: y contains previously unseen labels: '1@1.com'
2025-01-05 08:19:43,221 - WARNING - Using default encoding (0)
2025-01-05 08:19:43,273 - WARNING - Error in transform: y contains previously unseen labels: '0'
2025-01-05 08:19:43,275 - WARNING - Using default value 0 for 13421 items
2025-01-05 08:19:47,574 - INFO - 192.168.96.1 - - [05/Jan/2025 08:19:47] "POST /api/recommendations HTTP/1.1" 200 -
2025-01-05 08:19:56,311 - INFO - 192.168.96.1 - - [05/Jan/2025 08:19:56] "OPTIONS /api/recommendations HTTP/1.1" 200 -
2025-01-05 08:19:56,365 - WARNING - Error encoding user ID: y contains previously unseen labels: '1@1.com'
2025-01-05 08:19:56,367 - WARNING - Using default encoding (0)
2025-01-05 08:19:56,382 - WARNING - Error in transform: y contains previously unseen labels: '0'
2025-01-05 08:19:56,383 - WARNING - Using default value 0 for 13421 items
2025-01-05 08:19:59,455 - INFO - 192.168.96.1 - - [05/Jan/2025 08:19:59] "POST /api/recommendations HTTP/1.1" 200 -
2025-01-05 08:25:57,591 - INFO - 192.168.96.1 - - [05/Jan/2025 08:25:57] "GET /api/health HTTP/1.1" 200 -
2025-01-05 08:26:06,516 - INFO - 192.168.96.1 - - [05/Jan/2025 08:26:06] "GET /api/health HTTP/1.1" 200 -
2025-01-05 08:26:06,555 - INFO - 192.168.96.1 - - [05/Jan/2025 08:26:06] "GET /api/health HTTP/1.1" 200 -
2025-01-05 08:26:06,916 - INFO - 192.168.96.1 - - [05/Jan/2025 08:26:06] "GET /api/health HTTP/1.1" 200 -
2025-01-05 08:26:14,130 - INFO - 192.168.96.1 - - [05/Jan/2025 08:26:14] "OPTIONS /api/recommendations HTTP/1.1" 200 -
2025-01-05 08:26:14,218 - WARNING - Error encoding user ID: y contains previously unseen labels: '1@1.com'
2025-01-05 08:26:14,220 - WARNING - Using default encoding (0)
2025-01-05 08:26:14,242 - WARNING - Error in transform: y contains previously unseen labels: '0'
2025-01-05 08:26:14,243 - WARNING - Using default value 0 for 13421 items
2025-01-05 08:26:17,531 - INFO - 192.168.96.1 - - [05/Jan/2025 08:26:17] "POST /api/recommendations HTTP/1.1" 200 -
2025-01-05 08:27:37,588 - INFO - 192.168.96.1 - - [05/Jan/2025 08:27:37] "OPTIONS /api/recommendations HTTP/1.1" 200 -
2025-01-05 08:27:37,645 - WARNING - Error encoding user ID: y contains previously unseen labels: '1@1.com'
2025-01-05 08:27:37,647 - WARNING - Using default encoding (0)
2025-01-05 08:27:37,698 - WARNING - Error in transform: y contains previously unseen labels: '0'
2025-01-05 08:27:37,700 - WARNING - Using default value 0 for 13421 items
2025-01-05 08:27:43,367 - INFO - 192.168.96.1 - - [05/Jan/2025 08:27:43] "POST /api/recommendations HTTP/1.1" 200 -
2025-01-05 08:28:16,524 - INFO - 192.168.96.1 - - [05/Jan/2025 08:28:16] "GET /api/health HTTP/1.1" 200 -
2025-01-05 08:28:16,564 - INFO - 192.168.96.1 - - [05/Jan/2025 08:28:16] "GET /api/health HTTP/1.1" 200 -
2025-01-05 08:28:20,711 - INFO - 192.168.96.1 - - [05/Jan/2025 08:28:20] "GET /api/health HTTP/1.1" 200 -
2025-01-05 08:28:20,724 - INFO - 192.168.96.1 - - [05/Jan/2025 08:28:20] "GET /api/health HTTP/1.1" 200 -
2025-01-05 08:28:28,069 - INFO - 192.168.96.1 - - [05/Jan/2025 08:28:28] "GET /api/health HTTP/1.1" 200 -
2025-01-05 08:28:28,078 - INFO - 192.168.96.1 - - [05/Jan/2025 08:28:28] "GET /api/health HTTP/1.1" 200 -
2025-01-05 08:28:56,551 - INFO - 192.168.96.1 - - [05/Jan/2025 08:28:56] "GET /api/health HTTP/1.1" 200 -
2025-01-05 08:28:56,558 - INFO - 192.168.96.1 - - [05/Jan/2025 08:28:56] "OPTIONS /api/recommendations HTTP/1.1" 200 -
2025-01-05 08:28:56,572 - INFO - 192.168.96.1 - - [05/Jan/2025 08:28:56] "[35m[1mPOST /api/recommendations HTTP/1.1[0m" 500 -
2025-01-05 08:29:25,957 - INFO - 192.168.96.1 - - [05/Jan/2025 08:29:25] "GET /api/health HTTP/1.1" 200 -
2025-01-05 08:37:34,137 - INFO - 192.168.96.1 - - [05/Jan/2025 08:37:34] "GET /api/health HTTP/1.1" 200 -
2025-01-05 08:37:34,148 - INFO - 192.168.96.1 - - [05/Jan/2025 08:37:34] "GET /api/health HTTP/1.1" 200 -
2025-01-05 08:37:41,112 - INFO - 192.168.96.1 - - [05/Jan/2025 08:37:41] "OPTIONS /api/recommendations HTTP/1.1" 200 -
2025-01-05 08:37:41,160 - WARNING - Error encoding user ID: y contains previously unseen labels: '1@1.com'
2025-01-05 08:37:41,161 - WARNING - Using default encoding (0)
2025-01-05 08:37:41,179 - WARNING - Error in transform: y contains previously unseen labels: '0'
2025-01-05 08:37:41,180 - WARNING - Using default value 0 for 13421 items
2025-01-05 08:37:44,513 - INFO - 192.168.96.1 - - [05/Jan/2025 08:37:44] "POST /api/recommendations HTTP/1.1" 200 -
2025-01-05 08:38:10,353 - INFO - 192.168.96.1 - - [05/Jan/2025 08:38:10] "GET /api/health HTTP/1.1" 200 -
2025-01-05 08:38:10,360 - INFO - 192.168.96.1 - - [05/Jan/2025 08:38:10] "GET /api/health HTTP/1.1" 200 -
2025-01-05 08:38:11,520 - INFO - 192.168.96.1 - - [05/Jan/2025 08:38:11] "GET /api/health HTTP/1.1" 200 -
2025-01-05 08:38:19,443 - INFO - 192.168.96.1 - - [05/Jan/2025 08:38:19] "OPTIONS /api/recommendations HTTP/1.1" 200 -
2025-01-05 08:38:19,565 - WARNING - Error encoding user ID: y contains previously unseen labels: '1@1.com'
2025-01-05 08:38:19,568 - WARNING - Using default encoding (0)
2025-01-05 08:38:19,623 - WARNING - Error in transform: y contains previously unseen labels: '0'
2025-01-05 08:38:19,625 - WARNING - Using default value 0 for 13421 items
2025-01-05 08:38:27,058 - INFO - 192.168.96.1 - - [05/Jan/2025 08:38:27] "POST /api/recommendations HTTP/1.1" 200 -
2025-01-05 08:42:59,225 - INFO - 192.168.96.1 - - [05/Jan/2025 08:42:59] "GET /api/health HTTP/1.1" 200 -
2025-01-05 08:43:02,387 - INFO - 192.168.96.1 - - [05/Jan/2025 08:43:02] "GET /api/health HTTP/1.1" 200 -
2025-01-05 08:43:59,877 - INFO - 192.168.96.1 - - [05/Jan/2025 08:43:59] "GET /api/health HTTP/1.1" 200 -
2025-01-05 08:43:59,904 - INFO - 192.168.96.1 - - [05/Jan/2025 08:43:59] "GET /api/health HTTP/1.1" 200 -
2025-01-05 08:44:00,414 - INFO - 192.168.96.1 - - [05/Jan/2025 08:44:00] "GET /api/health HTTP/1.1" 200 -
2025-01-05 08:44:40,347 - INFO - 192.168.96.1 - - [05/Jan/2025 08:44:40] "GET /api/health HTTP/1.1" 200 -
2025-01-05 08:44:40,384 - INFO - 192.168.96.1 - - [05/Jan/2025 08:44:40] "GET /api/health HTTP/1.1" 200 -
2025-01-05 08:45:29,614 - INFO - 192.168.96.1 - - [05/Jan/2025 08:45:29] "GET /api/health HTTP/1.1" 200 -
2025-01-05 08:45:29,619 - INFO - 192.168.96.1 - - [05/Jan/2025 08:45:29] "GET /api/health HTTP/1.1" 200 -
2025-01-05 08:45:29,918 - INFO - 192.168.96.1 - - [05/Jan/2025 08:45:29] "GET /api/health HTTP/1.1" 200 -
2025-01-05 08:45:34,170 - INFO - 192.168.96.1 - - [05/Jan/2025 08:45:34] "OPTIONS /api/recommendations HTTP/1.1" 200 -
2025-01-05 08:45:34,203 - WARNING - Error encoding user ID: y contains previously unseen labels: '1@1.com'
2025-01-05 08:45:34,206 - WARNING - Using default encoding (0)
2025-01-05 08:45:34,249 - WARNING - Error in transform: y contains previously unseen labels: '0'
2025-01-05 08:45:34,262 - WARNING - Using default value 0 for 13421 items
2025-01-05 08:45:40,149 - INFO - 192.168.96.1 - - [05/Jan/2025 08:45:40] "POST /api/recommendations HTTP/1.1" 200 -
2025-01-05 08:47:39,225 - INFO - 192.168.96.1 - - [05/Jan/2025 08:47:39] "GET /api/health HTTP/1.1" 200 -
2025-01-05 08:47:50,434 - INFO - 192.168.96.1 - - [05/Jan/2025 08:47:50] "GET /api/health HTTP/1.1" 200 -
2025-01-05 08:47:50,456 - INFO - 192.168.96.1 - - [05/Jan/2025 08:47:50] "GET /api/health HTTP/1.1" 200 -
2025-01-05 08:47:50,767 - INFO - 192.168.96.1 - - [05/Jan/2025 08:47:50] "GET /api/health HTTP/1.1" 200 -
2025-01-05 08:47:56,573 - INFO - 192.168.96.1 - - [05/Jan/2025 08:47:56] "OPTIONS /api/recommendations HTTP/1.1" 200 -
2025-01-05 08:47:56,643 - WARNING - Error encoding user ID: y contains previously unseen labels: '1@1.com'
2025-01-05 08:47:56,644 - WARNING - Using default encoding (0)
2025-01-05 08:47:56,686 - WARNING - Error in transform: y contains previously unseen labels: '0'
2025-01-05 08:47:56,687 - WARNING - Using default value 0 for 13421 items
2025-01-05 08:48:01,673 - INFO - 192.168.96.1 - - [05/Jan/2025 08:48:01] "POST /api/recommendations HTTP/1.1" 200 -
2025-01-05 09:33:41,548 - INFO - 192.168.96.1 - - [05/Jan/2025 09:33:41] "GET /api/health HTTP/1.1" 200 -
2025-01-05 09:35:21,826 - INFO - 192.168.96.1 - - [05/Jan/2025 09:35:21] "GET /api/health HTTP/1.1" 200 -
2025-01-05 09:35:21,867 - INFO - 192.168.96.1 - - [05/Jan/2025 09:35:21] "GET /api/health HTTP/1.1" 200 -
2025-01-05 09:35:22,412 - INFO - 192.168.96.1 - - [05/Jan/2025 09:35:22] "GET /api/health HTTP/1.1" 200 -
2025-01-05 09:35:30,168 - INFO - 192.168.96.1 - - [05/Jan/2025 09:35:30] "OPTIONS /api/recommendations HTTP/1.1" 200 -
2025-01-05 09:35:30,243 - WARNING - Error encoding user ID: y contains previously unseen labels: '1@1.com'
2025-01-05 09:35:30,245 - WARNING - Using default encoding (0)
2025-01-05 09:35:30,315 - WARNING - Error in transform: y contains previously unseen labels: '0'
2025-01-05 09:35:30,317 - WARNING - Using default value 0 for 13421 items
2025-01-05 09:35:36,225 - INFO - 192.168.96.1 - - [05/Jan/2025 09:35:36] "POST /api/recommendations HTTP/1.1" 200 -
2025-01-05 09:43:08,275 - INFO - 192.168.96.1 - - [05/Jan/2025 09:43:08] "GET /api/health HTTP/1.1" 200 -
2025-01-05 09:43:22,363 - INFO - 192.168.96.1 - - [05/Jan/2025 09:43:22] "GET /api/health HTTP/1.1" 200 -
2025-01-05 09:43:22,394 - INFO - 192.168.96.1 - - [05/Jan/2025 09:43:22] "GET /api/health HTTP/1.1" 200 -
2025-01-05 09:43:22,791 - INFO - 192.168.96.1 - - [05/Jan/2025 09:43:22] "GET /api/health HTTP/1.1" 200 -
2025-01-05 09:43:29,947 - INFO - 192.168.96.1 - - [05/Jan/2025 09:43:29] "OPTIONS /api/recommendations HTTP/1.1" 200 -
2025-01-05 09:43:30,012 - WARNING - Error encoding user ID: y contains previously unseen labels: '1@1.com'
2025-01-05 09:43:30,014 - WARNING - Using default encoding (0)
2025-01-05 09:43:30,100 - WARNING - Error in transform: y contains previously unseen labels: '0'
2025-01-05 09:43:30,101 - WARNING - Using default value 0 for 13421 items
2025-01-05 09:43:33,554 - INFO - 192.168.96.1 - - [05/Jan/2025 09:43:33] "POST /api/recommendations HTTP/1.1" 200 -
2025-01-05 09:44:39,772 - INFO - 192.168.96.1 - - [05/Jan/2025 09:44:39] "OPTIONS /api/recommendations HTTP/1.1" 200 -
2025-01-05 09:44:39,834 - WARNING - Error encoding user ID: y contains previously unseen labels: '1@1.com'
2025-01-05 09:44:39,835 - WARNING - Using default encoding (0)
2025-01-05 09:44:39,869 - WARNING - Error in transform: y contains previously unseen labels: '0'
2025-01-05 09:44:39,870 - WARNING - Using default value 0 for 13421 items
2025-01-05 09:44:44,493 - INFO - 192.168.96.1 - - [05/Jan/2025 09:44:44] "POST /api/recommendations HTTP/1.1" 200 -
2025-01-05 09:45:35,659 - INFO - 192.168.96.1 - - [05/Jan/2025 09:45:35] "OPTIONS /api/recommendations HTTP/1.1" 200 -
2025-01-05 09:45:35,727 - WARNING - Error encoding user ID: y contains previously unseen labels: '1@1.com'
2025-01-05 09:45:35,728 - WARNING - Using default encoding (0)
2025-01-05 09:45:35,782 - WARNING - Error in transform: y contains previously unseen labels: '0'
2025-01-05 09:45:35,784 - WARNING - Using default value 0 for 13421 items
2025-01-05 09:45:40,631 - INFO - 192.168.96.1 - - [05/Jan/2025 09:45:40] "POST /api/recommendations HTTP/1.1" 200 -
2025-01-05 09:45:55,757 - INFO - 192.168.96.1 - - [05/Jan/2025 09:45:55] "OPTIONS /api/recommendations HTTP/1.1" 200 -
2025-01-05 09:45:55,824 - WARNING - Error encoding user ID: y contains previously unseen labels: '1@1.com'
2025-01-05 09:45:55,825 - WARNING - Using default encoding (0)
2025-01-05 09:45:55,852 - WARNING - Error in transform: y contains previously unseen labels: '0'
2025-01-05 09:45:55,853 - WARNING - Using default value 0 for 13421 items
2025-01-05 09:45:59,675 - INFO - 192.168.96.1 - - [05/Jan/2025 09:45:59] "POST /api/recommendations HTTP/1.1" 200 -
2025-01-05 09:52:44,177 - INFO - 192.168.96.1 - - [05/Jan/2025 09:52:44] "GET /api/health HTTP/1.1" 200 -
2025-01-05 09:53:46,294 - INFO - 192.168.96.1 - - [05/Jan/2025 09:53:46] "GET /api/health HTTP/1.1" 200 -
2025-01-05 09:53:47,064 - INFO - 192.168.96.1 - - [05/Jan/2025 09:53:47] "GET /api/health HTTP/1.1" 200 -
2025-01-05 09:53:47,560 - INFO - 192.168.96.1 - - [05/Jan/2025 09:53:47] "GET /api/health HTTP/1.1" 200 -
2025-01-05 09:54:12,756 - INFO - 192.168.96.1 - - [05/Jan/2025 09:54:12] "GET /api/health HTTP/1.1" 200 -
2025-01-05 09:54:12,776 - INFO - 192.168.96.1 - - [05/Jan/2025 09:54:12] "GET /api/health HTTP/1.1" 200 -
2025-01-05 09:54:13,305 - INFO - 192.168.96.1 - - [05/Jan/2025 09:54:13] "GET /api/health HTTP/1.1" 200 -
2025-01-05 09:54:16,673 - INFO - 192.168.96.1 - - [05/Jan/2025 09:54:16] "GET /api/health HTTP/1.1" 200 -
2025-01-05 09:54:16,703 - INFO - 192.168.96.1 - - [05/Jan/2025 09:54:16] "GET /api/health HTTP/1.1" 200 -
2025-01-05 09:54:35,811 - INFO - 192.168.96.1 - - [05/Jan/2025 09:54:35] "OPTIONS /api/recommendations HTTP/1.1" 200 -
2025-01-05 09:54:35,823 - INFO - 192.168.96.1 - - [05/Jan/2025 09:54:35] "[35m[1mPOST /api/recommendations HTTP/1.1[0m" 500 -
2025-01-05 09:54:46,712 - INFO - 192.168.96.1 - - [05/Jan/2025 09:54:46] "GET /api/health HTTP/1.1" 200 -
2025-01-05 09:54:47,017 - INFO - 192.168.96.1 - - [05/Jan/2025 09:54:47] "OPTIONS /api/recommendations HTTP/1.1" 200 -
2025-01-05 09:54:47,029 - INFO - 192.168.96.1 - - [05/Jan/2025 09:54:47] "[35m[1mPOST /api/recommendations HTTP/1.1[0m" 500 -
2025-01-05 09:55:16,710 - INFO - 192.168.96.1 - - [05/Jan/2025 09:55:16] "GET /api/health HTTP/1.1" 200 -
2025-01-05 09:55:46,715 - INFO - 192.168.96.1 - - [05/Jan/2025 09:55:46] "GET /api/health HTTP/1.1" 200 -
2025-01-05 09:56:16,721 - INFO - 192.168.96.1 - - [05/Jan/2025 09:56:16] "GET /api/health HTTP/1.1" 200 -
2025-01-05 09:56:46,714 - INFO - 192.168.96.1 - - [05/Jan/2025 09:56:46] "GET /api/health HTTP/1.1" 200 -
2025-01-05 09:57:16,742 - INFO - 192.168.96.1 - - [05/Jan/2025 09:57:16] "GET /api/health HTTP/1.1" 200 -
2025-01-05 09:57:46,727 - INFO - 192.168.96.1 - - [05/Jan/2025 09:57:46] "GET /api/health HTTP/1.1" 200 -
2025-01-05 09:58:16,719 - INFO - 192.168.96.1 - - [05/Jan/2025 09:58:16] "GET /api/health HTTP/1.1" 200 -
2025-01-05 09:58:46,715 - INFO - 192.168.96.1 - - [05/Jan/2025 09:58:46] "GET /api/health HTTP/1.1" 200 -
2025-01-05 09:59:16,720 - INFO - 192.168.96.1 - - [05/Jan/2025 09:59:16] "GET /api/health HTTP/1.1" 200 -
2025-01-05 09:59:46,712 - INFO - 192.168.96.1 - - [05/Jan/2025 09:59:46] "GET /api/health HTTP/1.1" 200 -
2025-01-05 10:00:16,713 - INFO - 192.168.96.1 - - [05/Jan/2025 10:00:16] "GET /api/health HTTP/1.1" 200 -
2025-01-05 10:00:46,711 - INFO - 192.168.96.1 - - [05/Jan/2025 10:00:46] "GET /api/health HTTP/1.1" 200 -
2025-01-05 10:01:16,735 - INFO - 192.168.96.1 - - [05/Jan/2025 10:01:16] "GET /api/health HTTP/1.1" 200 -
2025-01-05 10:01:46,710 - INFO - 192.168.96.1 - - [05/Jan/2025 10:01:46] "GET /api/health HTTP/1.1" 200 -
2025-01-05 10:02:16,719 - INFO - 192.168.96.1 - - [05/Jan/2025 10:02:16] "GET /api/health HTTP/1.1" 200 -
2025-01-05 10:02:46,702 - INFO - 192.168.96.1 - - [05/Jan/2025 10:02:46] "GET /api/health HTTP/1.1" 200 -
2025-01-05 10:03:16,711 - INFO - 192.168.96.1 - - [05/Jan/2025 10:03:16] "GET /api/health HTTP/1.1" 200 -
2025-01-05 10:03:46,718 - INFO - 192.168.96.1 - - [05/Jan/2025 10:03:46] "GET /api/health HTTP/1.1" 200 -
2025-01-05 10:04:16,708 - INFO - 192.168.96.1 - - [05/Jan/2025 10:04:16] "GET /api/health HTTP/1.1" 200 -
2025-01-05 10:04:29,160 - INFO - 192.168.96.1 - - [05/Jan/2025 10:04:29] "OPTIONS /api/recommendations HTTP/1.1" 200 -
2025-01-05 10:04:29,169 - INFO - 192.168.96.1 - - [05/Jan/2025 10:04:29] "[35m[1mPOST /api/recommendations HTTP/1.1[0m" 500 -
2025-01-05 10:04:46,722 - INFO - 192.168.96.1 - - [05/Jan/2025 10:04:46] "GET /api/health HTTP/1.1" 200 -
2025-01-05 10:05:16,713 - INFO - 192.168.96.1 - - [05/Jan/2025 10:05:16] "GET /api/health HTTP/1.1" 200 -
2025-01-05 10:05:47,030 - INFO - 192.168.96.1 - - [05/Jan/2025 10:05:47] "GET /api/health HTTP/1.1" 200 -
2025-01-05 10:06:17,017 - INFO - 192.168.96.1 - - [05/Jan/2025 10:06:17] "GET /api/health HTTP/1.1" 200 -
2025-01-05 10:06:47,013 - INFO - 192.168.96.1 - - [05/Jan/2025 10:06:47] "GET /api/health HTTP/1.1" 200 -
2025-01-05 10:07:17,021 - INFO - 192.168.96.1 - - [05/Jan/2025 10:07:17] "GET /api/health HTTP/1.1" 200 -
2025-01-05 10:07:47,027 - INFO - 192.168.96.1 - - [05/Jan/2025 10:07:47] "GET /api/health HTTP/1.1" 200 -
2025-01-05 10:08:45,036 - INFO - 192.168.96.1 - - [05/Jan/2025 10:08:45] "GET /api/health HTTP/1.1" 200 -
2025-01-05 10:09:45,040 - INFO - 192.168.96.1 - - [05/Jan/2025 10:09:45] "GET /api/health HTTP/1.1" 200 -
2025-01-05 10:09:56,617 - INFO - 192.168.96.1 - - [05/Jan/2025 10:09:56] "GET /api/health HTTP/1.1" 200 -
2025-01-05 10:10:20,811 - INFO - 192.168.96.1 - - [05/Jan/2025 10:10:20] "GET /api/health HTTP/1.1" 200 -
2025-01-05 10:10:20,849 - INFO - 192.168.96.1 - - [05/Jan/2025 10:10:20] "GET /api/health HTTP/1.1" 200 -
2025-01-05 10:10:21,308 - INFO - 192.168.96.1 - - [05/Jan/2025 10:10:21] "GET /api/health HTTP/1.1" 200 -
2025-01-05 10:10:32,307 - INFO - 192.168.96.1 - - [05/Jan/2025 10:10:32] "GET /api/health HTTP/1.1" 200 -
2025-01-05 10:10:32,349 - INFO - 192.168.96.1 - - [05/Jan/2025 10:10:32] "GET /api/health HTTP/1.1" 200 -
2025-01-05 10:11:02,382 - INFO - 192.168.96.1 - - [05/Jan/2025 10:11:02] "GET /api/health HTTP/1.1" 200 -
2025-01-05 10:11:12,920 - INFO - 192.168.96.1 - - [05/Jan/2025 10:11:12] "OPTIONS /api/recommendations HTTP/1.1" 200 -
2025-01-05 10:11:12,972 - WARNING - Error encoding user ID: y contains previously unseen labels: '1@1.com'
2025-01-05 10:11:12,972 - WARNING - Using default encoding (0)
2025-01-05 10:11:13,058 - WARNING - Error in transform: y contains previously unseen labels: '0'
2025-01-05 10:11:13,061 - WARNING - Using default value 0 for 13421 items
2025-01-05 10:11:16,885 - INFO - 192.168.96.1 - - [05/Jan/2025 10:11:16] "POST /api/recommendations HTTP/1.1" 200 -
2025-01-05 10:11:32,360 - INFO - 192.168.96.1 - - [05/Jan/2025 10:11:32] "GET /api/health HTTP/1.1" 200 -
2025-01-05 10:12:02,362 - INFO - 192.168.96.1 - - [05/Jan/2025 10:12:02] "GET /api/health HTTP/1.1" 200 -
2025-01-05 10:12:32,352 - INFO - 192.168.96.1 - - [05/Jan/2025 10:12:32] "GET /api/health HTTP/1.1" 200 -
2025-01-05 10:13:02,378 - INFO - 192.168.96.1 - - [05/Jan/2025 10:13:02] "GET /api/health HTTP/1.1" 200 -
2025-01-05 10:13:32,361 - INFO - 192.168.96.1 - - [05/Jan/2025 10:13:32] "GET /api/health HTTP/1.1" 200 -
2025-01-05 10:14:02,364 - INFO - 192.168.96.1 - - [05/Jan/2025 10:14:02] "GET /api/health HTTP/1.1" 200 -
2025-01-05 10:14:33,019 - INFO - 192.168.96.1 - - [05/Jan/2025 10:14:33] "GET /api/health HTTP/1.1" 200 -
2025-01-05 10:15:03,023 - INFO - 192.168.96.1 - - [05/Jan/2025 10:15:03] "GET /api/health HTTP/1.1" 200 -
2025-01-05 10:15:45,024 - INFO - 192.168.96.1 - - [05/Jan/2025 10:15:45] "GET /api/health HTTP/1.1" 200 -
2025-01-05 10:16:45,024 - INFO - 192.168.96.1 - - [05/Jan/2025 10:16:45] "GET /api/health HTTP/1.1" 200 -
2025-01-05 10:17:45,031 - INFO - 192.168.96.1 - - [05/Jan/2025 10:17:45] "GET /api/health HTTP/1.1" 200 -
2025-01-05 10:18:45,036 - INFO - 192.168.96.1 - - [05/Jan/2025 10:18:45] "GET /api/health HTTP/1.1" 200 -
2025-01-05 10:19:45,028 - INFO - 192.168.96.1 - - [05/Jan/2025 10:19:45] "GET /api/health HTTP/1.1" 200 -
2025-01-05 10:20:45,030 - INFO - 192.168.96.1 - - [05/Jan/2025 10:20:45] "GET /api/health HTTP/1.1" 200 -
2025-01-05 10:21:45,025 - INFO - 192.168.96.1 - - [05/Jan/2025 10:21:45] "GET /api/health HTTP/1.1" 200 -
2025-01-05 10:22:45,033 - INFO - 192.168.96.1 - - [05/Jan/2025 10:22:45] "GET /api/health HTTP/1.1" 200 -
2025-01-05 10:23:45,033 - INFO - 192.168.96.1 - - [05/Jan/2025 10:23:45] "GET /api/health HTTP/1.1" 200 -
2025-01-05 10:24:45,029 - INFO - 192.168.96.1 - - [05/Jan/2025 10:24:45] "GET /api/health HTTP/1.1" 200 -
2025-01-05 10:25:45,035 - INFO - 192.168.96.1 - - [05/Jan/2025 10:25:45] "GET /api/health HTTP/1.1" 200 -
2025-01-05 10:26:45,090 - INFO - 192.168.96.1 - - [05/Jan/2025 10:26:45] "GET /api/health HTTP/1.1" 200 -
2025-01-05 10:27:45,049 - INFO - 192.168.96.1 - - [05/Jan/2025 10:27:45] "GET /api/health HTTP/1.1" 200 -
2025-01-05 10:28:45,031 - INFO - 192.168.96.1 - - [05/Jan/2025 10:28:45] "GET /api/health HTTP/1.1" 200 -
2025-01-05 10:29:45,022 - INFO - 192.168.96.1 - - [05/Jan/2025 10:29:45] "GET /api/health HTTP/1.1" 200 -
2025-01-05 10:30:45,028 - INFO - 192.168.96.1 - - [05/Jan/2025 10:30:45] "GET /api/health HTTP/1.1" 200 -
2025-01-05 10:31:45,041 - INFO - 192.168.96.1 - - [05/Jan/2025 10:31:45] "GET /api/health HTTP/1.1" 200 -
2025-01-05 10:32:07,920 - INFO - 192.168.96.1 - - [05/Jan/2025 10:32:07] "GET /api/health HTTP/1.1" 200 -
2025-01-05 10:32:33,029 - INFO - 192.168.96.1 - - [05/Jan/2025 10:32:33] "GET /api/health HTTP/1.1" 200 -
2025-01-05 10:33:03,015 - INFO - 192.168.96.1 - - [05/Jan/2025 10:33:03] "GET /api/health HTTP/1.1" 200 -
2025-01-05 10:33:45,141 - INFO - 192.168.96.1 - - [05/Jan/2025 10:33:45] "GET /api/health HTTP/1.1" 200 -
2025-01-05 10:34:04,830 - INFO - 192.168.96.1 - - [05/Jan/2025 10:34:04] "GET /api/health HTTP/1.1" 200 -
2025-01-05 10:34:33,029 - INFO - 192.168.96.1 - - [05/Jan/2025 10:34:33] "GET /api/health HTTP/1.1" 200 -
2025-01-05 10:35:03,030 - INFO - 192.168.96.1 - - [05/Jan/2025 10:35:03] "GET /api/health HTTP/1.1" 200 -
2025-01-05 10:35:33,013 - INFO - 192.168.96.1 - - [05/Jan/2025 10:35:33] "GET /api/health HTTP/1.1" 200 -
2025-01-05 10:36:45,016 - INFO - 192.168.96.1 - - [05/Jan/2025 10:36:45] "GET /api/health HTTP/1.1" 200 -
2025-01-05 10:37:02,353 - INFO - 192.168.96.1 - - [05/Jan/2025 10:37:02] "GET /api/health HTTP/1.1" 200 -
2025-01-05 10:37:32,357 - INFO - 192.168.96.1 - - [05/Jan/2025 10:37:32] "GET /api/health HTTP/1.1" 200 -
2025-01-05 10:38:02,368 - INFO - 192.168.96.1 - - [05/Jan/2025 10:38:02] "GET /api/health HTTP/1.1" 200 -
2025-01-05 10:38:32,345 - INFO - 192.168.96.1 - - [05/Jan/2025 10:38:32] "GET /api/health HTTP/1.1" 200 -
2025-01-05 10:39:02,366 - INFO - 192.168.96.1 - - [05/Jan/2025 10:39:02] "GET /api/health HTTP/1.1" 200 -
2025-01-05 10:39:32,360 - INFO - 192.168.96.1 - - [05/Jan/2025 10:39:32] "GET /api/health HTTP/1.1" 200 -
2025-01-05 10:40:02,361 - INFO - 192.168.96.1 - - [05/Jan/2025 10:40:02] "GET /api/health HTTP/1.1" 200 -
2025-01-05 11:08:40,467 - INFO - 192.168.96.1 - - [05/Jan/2025 11:08:40] "GET /api/health HTTP/1.1" 200 -
2025-01-05 11:08:40,481 - INFO - 192.168.96.1 - - [05/Jan/2025 11:08:40] "GET /api/health HTTP/1.1" 200 -
2025-01-05 11:09:00,475 - INFO - 192.168.96.1 - - [05/Jan/2025 11:09:00] "OPTIONS /api/recommendations HTTP/1.1" 200 -
2025-01-05 11:09:00,833 - WARNING - Error encoding user ID: y contains previously unseen labels: '1@1.com'
2025-01-05 11:09:00,834 - WARNING - Using default encoding (0)
2025-01-05 11:09:00,936 - WARNING - Error in transform: y contains previously unseen labels: '0'
2025-01-05 11:09:00,939 - WARNING - Using default value 0 for 13421 items
2025-01-05 11:09:04,174 - INFO - 192.168.96.1 - - [05/Jan/2025 11:09:04] "POST /api/recommendations HTTP/1.1" 200 -
2025-01-05 11:09:10,487 - INFO - 192.168.96.1 - - [05/Jan/2025 11:09:10] "GET /api/health HTTP/1.1" 200 -
2025-01-05 11:09:40,486 - INFO - 192.168.96.1 - - [05/Jan/2025 11:09:40] "GET /api/health HTTP/1.1" 200 -
2025-01-05 11:10:10,486 - INFO - 192.168.96.1 - - [05/Jan/2025 11:10:10] "GET /api/health HTTP/1.1" 200 -
2025-01-05 11:10:13,418 - INFO - 192.168.96.1 - - [05/Jan/2025 11:10:13] "GET /api/health HTTP/1.1" 200 -
2025-01-05 11:10:13,426 - INFO - 192.168.96.1 - - [05/Jan/2025 11:10:13] "GET /api/health HTTP/1.1" 200 -
2025-01-05 11:10:28,591 - INFO - 192.168.96.1 - - [05/Jan/2025 11:10:28] "OPTIONS /api/recommendations HTTP/1.1" 200 -
2025-01-05 11:10:28,722 - WARNING - Error encoding user ID: y contains previously unseen labels: '1@1.com'
2025-01-05 11:10:28,723 - WARNING - Using default encoding (0)
2025-01-05 11:10:28,775 - WARNING - Error in transform: y contains previously unseen labels: '0'
2025-01-05 11:10:28,776 - WARNING - Using default value 0 for 13421 items
2025-01-05 11:10:32,835 - INFO - 192.168.96.1 - - [05/Jan/2025 11:10:32] "POST /api/recommendations HTTP/1.1" 200 -
2025-01-05 11:11:14,542 - INFO - 192.168.96.1 - - [05/Jan/2025 11:11:14] "GET /api/health HTTP/1.1" 200 -
2025-01-05 11:11:14,553 - INFO - 192.168.96.1 - - [05/Jan/2025 11:11:14] "GET /api/health HTTP/1.1" 200 -
2025-01-05 11:11:45,022 - INFO - 192.168.96.1 - - [05/Jan/2025 11:11:45] "GET /api/health HTTP/1.1" 200 -
2025-01-05 11:12:15,014 - INFO - 192.168.96.1 - - [05/Jan/2025 11:12:15] "GET /api/health HTTP/1.1" 200 -
2025-01-05 11:12:45,032 - INFO - 192.168.96.1 - - [05/Jan/2025 11:12:45] "GET /api/health HTTP/1.1" 200 -
2025-01-05 11:13:15,013 - INFO - 192.168.96.1 - - [05/Jan/2025 11:13:15] "GET /api/health HTTP/1.1" 200 -
2025-01-05 11:13:45,031 - INFO - 192.168.96.1 - - [05/Jan/2025 11:13:45] "GET /api/health HTTP/1.1" 200 -
2025-01-05 11:14:45,028 - INFO - 192.168.96.1 - - [05/Jan/2025 11:14:45] "GET /api/health HTTP/1.1" 200 -
2025-01-05 11:15:45,023 - INFO - 192.168.96.1 - - [05/Jan/2025 11:15:45] "GET /api/health HTTP/1.1" 200 -
2025-01-05 11:16:45,010 - INFO - 192.168.96.1 - - [05/Jan/2025 11:16:45] "GET /api/health HTTP/1.1" 200 -
2025-01-05 11:17:45,027 - INFO - 192.168.96.1 - - [05/Jan/2025 11:17:45] "GET /api/health HTTP/1.1" 200 -
2025-01-05 11:18:45,020 - INFO - 192.168.96.1 - - [05/Jan/2025 11:18:45] "GET /api/health HTTP/1.1" 200 -
2025-01-05 11:19:45,097 - INFO - 192.168.96.1 - - [05/Jan/2025 11:19:45] "GET /api/health HTTP/1.1" 200 -
2025-01-05 11:20:45,064 - INFO - 192.168.96.1 - - [05/Jan/2025 11:20:45] "GET /api/health HTTP/1.1" 200 -
2025-01-05 11:21:45,035 - INFO - 192.168.96.1 - - [05/Jan/2025 11:21:45] "GET /api/health HTTP/1.1" 200 -
2025-01-05 11:22:45,032 - INFO - 192.168.96.1 - - [05/Jan/2025 11:22:45] "GET /api/health HTTP/1.1" 200 -
2025-01-05 11:23:45,167 - INFO - 192.168.96.1 - - [05/Jan/2025 11:23:45] "GET /api/health HTTP/1.1" 200 -
2025-01-05 11:24:45,032 - INFO - 192.168.96.1 - - [05/Jan/2025 11:24:45] "GET /api/health HTTP/1.1" 200 -
2025-01-05 12:17:22,439 - INFO - Loading model from /home/martinson/Lhydra_rs/data_engineered_v3/rs_main_v2_refactored/checkpoints/best_model.pth
2025-01-05 12:17:23,837 - INFO - Model loaded successfully
2025-01-05 12:17:23,878 - INFO - Encoder class counts:
2025-01-05 12:17:23,878 - INFO - user_encoder: 9717
2025-01-05 12:17:23,879 - INFO - music_encoder: 9373
2025-01-05 12:17:23,879 - INFO - artist_encoder: 5059
2025-01-05 12:17:23,879 - INFO - genre_encoder: 12
2025-01-05 12:17:23,879 - INFO - Model dimensions from state dict:
2025-01-05 12:17:23,880 - INFO - num_users: 7773
2025-01-05 12:17:23,880 - INFO - num_music: 9324
2025-01-05 12:17:23,880 - INFO - num_artists: 4482
2025-01-05 12:17:23,880 - INFO - num_genres: 12
2025-01-05 12:17:23,881 - INFO - num_numerical: 12
2025-01-05 12:17:24,073 - INFO - [31m[1mWARNING: This is a development server. Do not use it in a production deployment. Use a production WSGI server instead.[0m
 * Running on all addresses (0.0.0.0)
 * Running on http://127.0.0.1:5000
 * Running on http://192.168.100.216:5000
2025-01-05 12:17:24,074 - INFO - [33mPress CTRL+C to quit[0m
2025-01-05 12:17:24,105 - INFO -  * Restarting with watchdog (inotify)
2025-01-05 12:17:39,514 - INFO - Loading model from /home/martinson/Lhydra_rs/data_engineered_v3/rs_main_v2_refactored/checkpoints/best_model.pth
2025-01-05 12:17:40,053 - INFO - Model loaded successfully
2025-01-05 12:17:40,133 - INFO - Encoder class counts:
2025-01-05 12:17:40,134 - INFO - user_encoder: 9717
2025-01-05 12:17:40,135 - INFO - music_encoder: 9373
2025-01-05 12:17:40,135 - INFO - artist_encoder: 5059
2025-01-05 12:17:40,135 - INFO - genre_encoder: 12
2025-01-05 12:17:40,136 - INFO - Model dimensions from state dict:
2025-01-05 12:17:40,136 - INFO - num_users: 7773
2025-01-05 12:17:40,136 - INFO - num_music: 9324
2025-01-05 12:17:40,137 - INFO - num_artists: 4482
2025-01-05 12:17:40,137 - INFO - num_genres: 12
2025-01-05 12:17:40,137 - INFO - num_numerical: 12
2025-01-05 12:17:40,310 - WARNING -  * Debugger is active!
2025-01-05 12:17:40,311 - INFO -  * Debugger PIN: 111-415-838
2025-01-05 12:34:02,034 - INFO - 192.168.96.1 - - [05/Jan/2025 12:34:02] "GET /api/health HTTP/1.1" 200 -
2025-01-05 12:34:02,259 - INFO - 192.168.96.1 - - [05/Jan/2025 12:34:02] "GET /api/health HTTP/1.1" 200 -
2025-01-05 12:34:02,315 - INFO - 192.168.96.1 - - [05/Jan/2025 12:34:02] "GET /api/health HTTP/1.1" 200 -
2025-01-05 12:34:14,912 - INFO - 192.168.96.1 - - [05/Jan/2025 12:34:14] "OPTIONS /api/recommendations HTTP/1.1" 200 -
2025-01-05 12:34:15,003 - WARNING - Error encoding user ID: y contains previously unseen labels: '1@1.com'
2025-01-05 12:34:15,004 - WARNING - Using default encoding (0)
2025-01-05 12:34:15,066 - WARNING - Error in transform: y contains previously unseen labels: '0'
2025-01-05 12:34:15,069 - WARNING - Using default value 0 for 13421 items
2025-01-05 12:34:27,871 - INFO - 192.168.96.1 - - [05/Jan/2025 12:34:27] "POST /api/recommendations HTTP/1.1" 200 -
2025-01-05 12:35:04,978 - INFO - 192.168.96.1 - - [05/Jan/2025 12:35:04] "OPTIONS /api/recommendations HTTP/1.1" 200 -
2025-01-05 12:35:05,003 - WARNING - Error encoding user ID: y contains previously unseen labels: '1@1.com'
2025-01-05 12:35:05,003 - WARNING - Using default encoding (0)
2025-01-05 12:35:05,044 - WARNING - Error in transform: y contains previously unseen labels: '0'
2025-01-05 12:35:05,045 - WARNING - Using default value 0 for 13421 items
2025-01-05 12:35:09,098 - INFO - 192.168.96.1 - - [05/Jan/2025 12:35:09] "POST /api/recommendations HTTP/1.1" 200 -
2025-01-05 12:35:30,713 - INFO - 192.168.96.1 - - [05/Jan/2025 12:35:30] "OPTIONS /api/recommendations HTTP/1.1" 200 -
2025-01-05 12:35:30,760 - WARNING - Error encoding user ID: y contains previously unseen labels: '1@1.com'
2025-01-05 12:35:30,767 - WARNING - Using default encoding (0)
2025-01-05 12:35:30,800 - WARNING - Error in transform: y contains previously unseen labels: '0'
2025-01-05 12:35:30,800 - WARNING - Using default value 0 for 13421 items
2025-01-05 12:35:35,122 - INFO - 192.168.96.1 - - [05/Jan/2025 12:35:35] "POST /api/recommendations HTTP/1.1" 200 -
2025-01-05 12:35:41,350 - INFO - 192.168.96.1 - - [05/Jan/2025 12:35:41] "OPTIONS /api/recommendations HTTP/1.1" 200 -
2025-01-05 12:35:41,391 - WARNING - Error encoding user ID: y contains previously unseen labels: '1@1.com'
2025-01-05 12:35:41,392 - WARNING - Using default encoding (0)
2025-01-05 12:35:41,428 - WARNING - Error in transform: y contains previously unseen labels: '0'
2025-01-05 12:35:41,429 - WARNING - Using default value 0 for 13421 items
2025-01-05 12:35:44,120 - INFO - 192.168.96.1 - - [05/Jan/2025 12:35:44] "POST /api/recommendations HTTP/1.1" 200 -
2025-01-05 12:38:04,715 - INFO - 192.168.96.1 - - [05/Jan/2025 12:38:04] "GET /api/health HTTP/1.1" 200 -
2025-01-05 12:38:04,833 - INFO - 192.168.96.1 - - [05/Jan/2025 12:38:04] "GET /api/health HTTP/1.1" 200 -
2025-01-05 12:38:04,982 - INFO - 192.168.96.1 - - [05/Jan/2025 12:38:04] "GET /api/health HTTP/1.1" 200 -
2025-01-05 12:39:47,329 - INFO - 192.168.96.1 - - [05/Jan/2025 12:39:47] "GET /api/health HTTP/1.1" 200 -
2025-01-05 12:39:47,450 - INFO - 192.168.96.1 - - [05/Jan/2025 12:39:47] "GET /api/health HTTP/1.1" 200 -
2025-01-05 12:39:47,521 - INFO - 192.168.96.1 - - [05/Jan/2025 12:39:47] "GET /api/health HTTP/1.1" 200 -
2025-01-05 13:00:08,540 - INFO - 192.168.96.1 - - [05/Jan/2025 13:00:08] "GET /api/health HTTP/1.1" 200 -
2025-01-05 13:37:34,780 - INFO - 192.168.96.1 - - [05/Jan/2025 13:37:34] "GET /api/health HTTP/1.1" 200 -
2025-01-05 13:37:34,887 - INFO - 192.168.96.1 - - [05/Jan/2025 13:37:34] "GET /api/health HTTP/1.1" 200 -
2025-01-05 13:38:09,376 - INFO - 192.168.96.1 - - [05/Jan/2025 13:38:09] "GET /api/health HTTP/1.1" 200 -
2025-01-05 13:38:09,383 - INFO - 192.168.96.1 - - [05/Jan/2025 13:38:09] "GET /api/health HTTP/1.1" 200 -
2025-01-05 13:38:10,497 - INFO - 192.168.96.1 - - [05/Jan/2025 13:38:10] "GET /api/health HTTP/1.1" 200 -
2025-01-05 13:38:29,364 - INFO - 192.168.96.1 - - [05/Jan/2025 13:38:29] "GET /api/health HTTP/1.1" 200 -
2025-01-05 13:38:44,743 - INFO - 192.168.96.1 - - [05/Jan/2025 13:38:44] "GET /api/health HTTP/1.1" 200 -
2025-01-05 13:38:44,769 - INFO - 192.168.96.1 - - [05/Jan/2025 13:38:44] "GET /api/health HTTP/1.1" 200 -
2025-01-05 13:38:45,569 - INFO - 192.168.96.1 - - [05/Jan/2025 13:38:45] "GET /api/health HTTP/1.1" 200 -
2025-01-05 13:38:48,528 - INFO - 192.168.96.1 - - [05/Jan/2025 13:38:48] "GET /api/health HTTP/1.1" 200 -
2025-01-05 13:38:48,570 - INFO - 192.168.96.1 - - [05/Jan/2025 13:38:48] "GET /api/health HTTP/1.1" 200 -
2025-01-05 13:42:10,053 - INFO - 192.168.96.1 - - [05/Jan/2025 13:42:10] "GET /api/health HTTP/1.1" 200 -
2025-01-05 13:42:10,134 - INFO - 192.168.96.1 - - [05/Jan/2025 13:42:10] "GET /api/health HTTP/1.1" 200 -
2025-01-05 13:42:11,071 - INFO - 192.168.96.1 - - [05/Jan/2025 13:42:11] "GET /api/health HTTP/1.1" 200 -
2025-01-05 13:44:41,053 - INFO - 192.168.96.1 - - [05/Jan/2025 13:44:41] "GET /api/health HTTP/1.1" 200 -
2025-01-05 13:44:41,083 - INFO - 192.168.96.1 - - [05/Jan/2025 13:44:41] "GET /api/health HTTP/1.1" 200 -
2025-01-05 13:44:41,406 - INFO - 192.168.96.1 - - [05/Jan/2025 13:44:41] "GET /api/health HTTP/1.1" 200 -
2025-01-05 13:44:48,292 - INFO - 192.168.96.1 - - [05/Jan/2025 13:44:48] "GET /api/health HTTP/1.1" 200 -
2025-01-05 13:44:48,311 - INFO - 192.168.96.1 - - [05/Jan/2025 13:44:48] "GET /api/health HTTP/1.1" 200 -
2025-01-05 13:45:19,233 - INFO - 192.168.96.1 - - [05/Jan/2025 13:45:19] "GET /api/health HTTP/1.1" 200 -
2025-01-05 13:45:19,393 - INFO - 192.168.96.1 - - [05/Jan/2025 13:45:19] "GET /api/health HTTP/1.1" 200 -
2025-01-05 13:45:19,885 - INFO - 192.168.96.1 - - [05/Jan/2025 13:45:19] "GET /api/health HTTP/1.1" 200 -
2025-01-05 13:45:34,530 - INFO - 192.168.96.1 - - [05/Jan/2025 13:45:34] "GET /api/health HTTP/1.1" 200 -
2025-01-05 13:45:46,283 - INFO - 192.168.96.1 - - [05/Jan/2025 13:45:46] "GET /api/health HTTP/1.1" 200 -
2025-01-05 13:45:56,691 - INFO - 192.168.96.1 - - [05/Jan/2025 13:45:56] "GET /api/health HTTP/1.1" 200 -
2025-01-05 13:45:56,702 - INFO - 192.168.96.1 - - [05/Jan/2025 13:45:56] "GET /api/health HTTP/1.1" 200 -
2025-01-05 13:46:16,156 - INFO - 192.168.96.1 - - [05/Jan/2025 13:46:16] "OPTIONS /api/recommendations HTTP/1.1" 200 -
2025-01-05 13:46:16,866 - WARNING - Error encoding user ID: y contains previously unseen labels: '3@3.com'
2025-01-05 13:46:16,868 - WARNING - Using default encoding (0)
2025-01-05 13:46:16,925 - WARNING - Error in transform: y contains previously unseen labels: '0'
2025-01-05 13:46:16,926 - WARNING - Using default value 0 for 13421 items
2025-01-05 13:46:22,205 - INFO - 192.168.96.1 - - [05/Jan/2025 13:46:22] "POST /api/recommendations HTTP/1.1" 200 -
2025-01-05 13:46:26,112 - INFO - 192.168.96.1 - - [05/Jan/2025 13:46:26] "GET /api/health HTTP/1.1" 200 -
2025-01-05 13:46:26,135 - INFO - 192.168.96.1 - - [05/Jan/2025 13:46:26] "GET /api/health HTTP/1.1" 200 -
2025-01-05 13:46:41,417 - INFO - 192.168.96.1 - - [05/Jan/2025 13:46:41] "GET /api/health HTTP/1.1" 200 -
2025-01-05 13:46:41,427 - INFO - 192.168.96.1 - - [05/Jan/2025 13:46:41] "GET /api/health HTTP/1.1" 200 -
2025-01-05 13:46:45,324 - INFO - 192.168.96.1 - - [05/Jan/2025 13:46:45] "GET /api/health HTTP/1.1" 200 -
2025-01-05 13:46:45,332 - INFO - 192.168.96.1 - - [05/Jan/2025 13:46:45] "GET /api/health HTTP/1.1" 200 -
2025-01-05 13:47:10,226 - INFO - 192.168.96.1 - - [05/Jan/2025 13:47:10] "GET /api/health HTTP/1.1" 200 -
2025-01-05 13:47:10,235 - INFO - 192.168.96.1 - - [05/Jan/2025 13:47:10] "GET /api/health HTTP/1.1" 200 -
2025-01-05 13:47:41,767 - INFO - 192.168.96.1 - - [05/Jan/2025 13:47:41] "GET /api/health HTTP/1.1" 200 -
2025-01-05 13:47:41,774 - INFO - 192.168.96.1 - - [05/Jan/2025 13:47:41] "GET /api/health HTTP/1.1" 200 -
2025-01-05 13:51:32,963 - INFO - 192.168.96.1 - - [05/Jan/2025 13:51:32] "GET /api/health HTTP/1.1" 200 -
2025-01-05 13:51:57,630 - INFO - 192.168.96.1 - - [05/Jan/2025 13:51:57] "GET /api/health HTTP/1.1" 200 -
2025-01-05 13:51:57,855 - INFO - 192.168.96.1 - - [05/Jan/2025 13:51:57] "GET /api/health HTTP/1.1" 200 -
2025-01-05 13:52:17,315 - INFO - 192.168.96.1 - - [05/Jan/2025 13:52:17] "GET /api/health HTTP/1.1" 200 -
2025-01-05 13:52:17,344 - INFO - 192.168.96.1 - - [05/Jan/2025 13:52:17] "GET /api/health HTTP/1.1" 200 -
2025-01-05 13:52:37,138 - INFO - 192.168.96.1 - - [05/Jan/2025 13:52:37] "GET /api/health HTTP/1.1" 200 -
2025-01-05 13:52:38,906 - INFO - 192.168.96.1 - - [05/Jan/2025 13:52:38] "GET /api/health HTTP/1.1" 200 -
2025-01-05 13:53:02,910 - INFO - 192.168.96.1 - - [05/Jan/2025 13:53:02] "GET /api/health HTTP/1.1" 200 -
2025-01-05 13:53:02,917 - INFO - 192.168.96.1 - - [05/Jan/2025 13:53:02] "GET /api/health HTTP/1.1" 200 -
2025-01-05 13:53:21,420 - INFO - 192.168.96.1 - - [05/Jan/2025 13:53:21] "OPTIONS /api/recommendations HTTP/1.1" 200 -
2025-01-05 13:53:22,236 - WARNING - Error encoding user ID: y contains previously unseen labels: '3@3.com'
2025-01-05 13:53:22,240 - WARNING - Using default encoding (0)
2025-01-05 13:53:22,404 - WARNING - Error in transform: y contains previously unseen labels: '0'
2025-01-05 13:53:22,406 - WARNING - Using default value 0 for 13421 items
2025-01-05 13:53:26,941 - INFO - 192.168.96.1 - - [05/Jan/2025 13:53:26] "POST /api/recommendations HTTP/1.1" 200 -
2025-01-05 13:53:33,398 - INFO - 192.168.96.1 - - [05/Jan/2025 13:53:33] "GET /api/health HTTP/1.1" 200 -
2025-01-05 13:53:56,898 - INFO - 192.168.96.1 - - [05/Jan/2025 13:53:56] "GET /api/health HTTP/1.1" 200 -
2025-01-05 13:53:56,909 - INFO - 192.168.96.1 - - [05/Jan/2025 13:53:56] "GET /api/health HTTP/1.1" 200 -
2025-01-05 14:00:42,913 - INFO - 192.168.96.1 - - [05/Jan/2025 14:00:42] "GET /api/health HTTP/1.1" 200 -
2025-01-05 15:21:38,538 - INFO - 192.168.96.1 - - [05/Jan/2025 15:21:38] "GET /api/health HTTP/1.1" 200 -
2025-01-05 15:21:38,591 - INFO - 192.168.96.1 - - [05/Jan/2025 15:21:38] "GET /api/health HTTP/1.1" 200 -
2025-01-05 15:21:39,081 - INFO - 192.168.96.1 - - [05/Jan/2025 15:21:39] "GET /api/health HTTP/1.1" 200 -
2025-01-05 15:22:47,797 - INFO - Loading model from /home/martinson/Lhydra_rs/data_engineered_v3/rs_main_v2_refactored/checkpoints/best_model.pth
2025-01-05 15:22:48,999 - INFO - Model loaded successfully
2025-01-05 15:22:49,015 - INFO - Encoder class counts:
2025-01-05 15:22:49,016 - INFO - user_encoder: 9717
2025-01-05 15:22:49,016 - INFO - music_encoder: 9373
2025-01-05 15:22:49,016 - INFO - artist_encoder: 5059
2025-01-05 15:22:49,016 - INFO - genre_encoder: 12
2025-01-05 15:22:49,016 - INFO - Model dimensions from state dict:
2025-01-05 15:22:49,016 - INFO - num_users: 7773
2025-01-05 15:22:49,017 - INFO - num_music: 9324
2025-01-05 15:22:49,017 - INFO - num_artists: 4482
2025-01-05 15:22:49,017 - INFO - num_genres: 12
2025-01-05 15:22:49,017 - INFO - num_numerical: 12
2025-01-05 15:22:49,216 - INFO - [31m[1mWARNING: This is a development server. Do not use it in a production deployment. Use a production WSGI server instead.[0m
 * Running on all addresses (0.0.0.0)
 * Running on http://127.0.0.1:5000
 * Running on http://192.168.100.216:5000
2025-01-05 15:22:49,217 - INFO - [33mPress CTRL+C to quit[0m
2025-01-05 15:22:49,232 - INFO -  * Restarting with watchdog (inotify)
2025-01-05 15:22:53,035 - INFO - Loading model from /home/martinson/Lhydra_rs/data_engineered_v3/rs_main_v2_refactored/checkpoints/best_model.pth
2025-01-05 15:22:53,536 - INFO - Model loaded successfully
2025-01-05 15:22:53,608 - INFO - Encoder class counts:
2025-01-05 15:22:53,609 - INFO - user_encoder: 9717
2025-01-05 15:22:53,609 - INFO - music_encoder: 9373
2025-01-05 15:22:53,610 - INFO - artist_encoder: 5059
2025-01-05 15:22:53,610 - INFO - genre_encoder: 12
2025-01-05 15:22:53,610 - INFO - Model dimensions from state dict:
2025-01-05 15:22:53,610 - INFO - num_users: 7773
2025-01-05 15:22:53,611 - INFO - num_music: 9324
2025-01-05 15:22:53,611 - INFO - num_artists: 4482
2025-01-05 15:22:53,611 - INFO - num_genres: 12
2025-01-05 15:22:53,611 - INFO - num_numerical: 12
2025-01-05 15:22:53,726 - WARNING -  * Debugger is active!
2025-01-05 15:22:53,729 - INFO -  * Debugger PIN: 111-415-838
2025-01-05 15:24:48,872 - INFO - 192.168.96.1 - - [05/Jan/2025 15:24:48] "GET /api/health HTTP/1.1" 200 -
2025-01-05 15:27:15,452 - INFO - 192.168.96.1 - - [05/Jan/2025 15:27:15] "GET /api/health HTTP/1.1" 200 -
2025-01-05 15:27:15,479 - INFO - 192.168.96.1 - - [05/Jan/2025 15:27:15] "GET /api/health HTTP/1.1" 200 -
2025-01-05 15:27:26,730 - INFO - 192.168.96.1 - - [05/Jan/2025 15:27:26] "OPTIONS /api/recommendations HTTP/1.1" 200 -
2025-01-05 15:27:26,805 - WARNING - Error encoding user ID: y contains previously unseen labels: '3@3.com'
2025-01-05 15:27:26,806 - WARNING - Using default encoding (0)
2025-01-05 15:27:26,848 - WARNING - Error in transform: y contains previously unseen labels: '0'
2025-01-05 15:27:26,849 - WARNING - Using default value 0 for 13421 items
2025-01-05 15:27:33,484 - INFO - 192.168.96.1 - - [05/Jan/2025 15:27:33] "POST /api/recommendations HTTP/1.1" 200 -
2025-01-05 15:27:46,071 - INFO - 192.168.96.1 - - [05/Jan/2025 15:27:46] "GET /api/health HTTP/1.1" 200 -
2025-01-05 15:28:16,652 - INFO - 192.168.96.1 - - [05/Jan/2025 15:28:16] "GET /api/health HTTP/1.1" 200 -
2025-01-05 15:28:32,064 - INFO - 192.168.96.1 - - [05/Jan/2025 15:28:32] "GET /api/health HTTP/1.1" 200 -
2025-01-05 15:28:32,069 - INFO - 192.168.96.1 - - [05/Jan/2025 15:28:32] "GET /api/health HTTP/1.1" 200 -
2025-01-05 15:29:22,432 - INFO - 192.168.96.1 - - [05/Jan/2025 15:29:22] "GET /api/health HTTP/1.1" 200 -
2025-01-05 15:33:26,354 - INFO - 192.168.96.1 - - [05/Jan/2025 15:33:26] "GET /api/health HTTP/1.1" 200 -
2025-01-05 15:33:48,810 - INFO - 192.168.96.1 - - [05/Jan/2025 15:33:48] "GET /api/health HTTP/1.1" 200 -
2025-01-05 15:35:25,486 - INFO - 192.168.96.1 - - [05/Jan/2025 15:35:25] "GET /api/health HTTP/1.1" 200 -
2025-01-05 15:36:00,937 - INFO - 192.168.96.1 - - [05/Jan/2025 15:36:00] "GET /api/health HTTP/1.1" 200 -
2025-01-05 15:36:00,976 - INFO - 192.168.96.1 - - [05/Jan/2025 15:36:00] "GET /api/health HTTP/1.1" 200 -
2025-01-05 15:36:01,473 - INFO - 192.168.96.1 - - [05/Jan/2025 15:36:01] "GET /api/health HTTP/1.1" 200 -
2025-01-05 15:37:10,981 - INFO - 192.168.96.1 - - [05/Jan/2025 15:37:10] "GET /api/health HTTP/1.1" 200 -
2025-01-05 15:37:11,002 - INFO - 192.168.96.1 - - [05/Jan/2025 15:37:11] "GET /api/health HTTP/1.1" 200 -
2025-01-05 15:37:11,310 - INFO - 192.168.96.1 - - [05/Jan/2025 15:37:11] "GET /api/health HTTP/1.1" 200 -
2025-01-05 15:37:19,995 - INFO - 192.168.96.1 - - [05/Jan/2025 15:37:19] "OPTIONS /api/recommendations HTTP/1.1" 200 -
2025-01-05 15:37:20,025 - WARNING - Error encoding user ID: y contains previously unseen labels: '2@2.com'
2025-01-05 15:37:20,026 - WARNING - Using default encoding (0)
2025-01-05 15:37:20,047 - WARNING - Error in transform: y contains previously unseen labels: '0'
2025-01-05 15:37:20,047 - WARNING - Using default value 0 for 13421 items
2025-01-05 15:37:23,814 - INFO - 192.168.96.1 - - [05/Jan/2025 15:37:23] "POST /api/recommendations HTTP/1.1" 200 -
2025-01-05 15:37:31,566 - INFO - 192.168.96.1 - - [05/Jan/2025 15:37:31] "OPTIONS /api/recommendations HTTP/1.1" 200 -
2025-01-05 15:37:31,619 - WARNING - Error encoding user ID: y contains previously unseen labels: '2@2.com'
2025-01-05 15:37:31,620 - WARNING - Using default encoding (0)
2025-01-05 15:37:31,664 - WARNING - Error in transform: y contains previously unseen labels: '0'
2025-01-05 15:37:31,664 - WARNING - Using default value 0 for 13421 items
2025-01-05 15:37:34,439 - INFO - 192.168.96.1 - - [05/Jan/2025 15:37:34] "POST /api/recommendations HTTP/1.1" 200 -
2025-01-05 15:37:47,315 - INFO - 192.168.96.1 - - [05/Jan/2025 15:37:47] "OPTIONS /api/recommendations HTTP/1.1" 200 -
2025-01-05 15:37:47,363 - WARNING - Error encoding user ID: y contains previously unseen labels: '2@2.com'
2025-01-05 15:37:47,363 - WARNING - Using default encoding (0)
2025-01-05 15:37:47,384 - WARNING - Error in transform: y contains previously unseen labels: '0'
2025-01-05 15:37:47,385 - WARNING - Using default value 0 for 13421 items
2025-01-05 15:37:50,457 - INFO - 192.168.96.1 - - [05/Jan/2025 15:37:50] "POST /api/recommendations HTTP/1.1" 200 -
2025-01-05 15:39:13,367 - INFO - 192.168.96.1 - - [05/Jan/2025 15:39:13] "GET /api/health HTTP/1.1" 200 -
2025-01-05 15:39:13,425 - INFO - 192.168.96.1 - - [05/Jan/2025 15:39:13] "GET /api/health HTTP/1.1" 200 -
2025-01-05 15:39:44,679 - INFO - 192.168.96.1 - - [05/Jan/2025 15:39:44] "GET /api/health HTTP/1.1" 200 -
2025-01-05 15:40:15,157 - INFO - 192.168.96.1 - - [05/Jan/2025 15:40:15] "GET /api/health HTTP/1.1" 200 -
2025-01-05 15:40:45,746 - INFO - 192.168.96.1 - - [05/Jan/2025 15:40:45] "GET /api/health HTTP/1.1" 200 -
2025-01-05 15:41:16,330 - INFO - 192.168.96.1 - - [05/Jan/2025 15:41:16] "GET /api/health HTTP/1.1" 200 -
2025-01-05 15:41:43,751 - INFO - 192.168.96.1 - - [05/Jan/2025 15:41:43] "GET /api/health HTTP/1.1" 200 -
2025-01-05 15:42:13,931 - INFO - 192.168.96.1 - - [05/Jan/2025 15:42:13] "GET /api/health HTTP/1.1" 200 -
2025-01-05 15:42:44,484 - INFO - 192.168.96.1 - - [05/Jan/2025 15:42:44] "GET /api/health HTTP/1.1" 200 -
2025-01-05 15:43:51,103 - INFO - 192.168.96.1 - - [05/Jan/2025 15:43:51] "GET /api/health HTTP/1.1" 200 -
2025-01-05 15:44:52,243 - INFO - 192.168.96.1 - - [05/Jan/2025 15:44:52] "GET /api/health HTTP/1.1" 200 -
2025-01-05 15:45:49,908 - INFO - 192.168.96.1 - - [05/Jan/2025 15:45:49] "GET /api/health HTTP/1.1" 200 -
2025-01-05 15:46:51,066 - INFO - 192.168.96.1 - - [05/Jan/2025 15:46:51] "GET /api/health HTTP/1.1" 200 -
2025-01-05 15:47:52,169 - INFO - 192.168.96.1 - - [05/Jan/2025 15:47:52] "GET /api/health HTTP/1.1" 200 -
2025-01-05 15:48:49,797 - INFO - 192.168.96.1 - - [05/Jan/2025 15:48:49] "GET /api/health HTTP/1.1" 200 -
2025-01-05 15:49:50,903 - INFO - 192.168.96.1 - - [05/Jan/2025 15:49:50] "GET /api/health HTTP/1.1" 200 -
2025-01-05 15:50:52,064 - INFO - 192.168.96.1 - - [05/Jan/2025 15:50:52] "GET /api/health HTTP/1.1" 200 -
2025-01-05 15:51:49,641 - INFO - 192.168.96.1 - - [05/Jan/2025 15:51:49] "GET /api/health HTTP/1.1" 200 -
2025-01-05 15:52:50,822 - INFO - 192.168.96.1 - - [05/Jan/2025 15:52:50] "GET /api/health HTTP/1.1" 200 -
2025-01-05 15:53:51,996 - INFO - 192.168.96.1 - - [05/Jan/2025 15:53:51] "GET /api/health HTTP/1.1" 200 -
2025-01-05 15:54:12,994 - INFO - 192.168.96.1 - - [05/Jan/2025 15:54:12] "GET /api/health HTTP/1.1" 200 -
2025-01-05 15:54:37,278 - INFO - 192.168.96.1 - - [05/Jan/2025 15:54:37] "GET /api/health HTTP/1.1" 200 -
2025-01-05 15:54:37,289 - INFO - 192.168.96.1 - - [05/Jan/2025 15:54:37] "GET /api/health HTTP/1.1" 200 -
2025-01-05 15:54:41,871 - INFO - 192.168.96.1 - - [05/Jan/2025 15:54:41] "OPTIONS /api/recommendations HTTP/1.1" 200 -
2025-01-05 15:54:41,924 - WARNING - Error encoding user ID: y contains previously unseen labels: '2@2.com'
2025-01-05 15:54:41,925 - WARNING - Using default encoding (0)
2025-01-05 15:54:41,965 - WARNING - Error in transform: y contains previously unseen labels: '0'
2025-01-05 15:54:41,970 - WARNING - Using default value 0 for 13421 items
2025-01-05 15:54:46,581 - INFO - 192.168.96.1 - - [05/Jan/2025 15:54:46] "POST /api/recommendations HTTP/1.1" 200 -
2025-01-05 15:56:07,893 - INFO - 192.168.96.1 - - [05/Jan/2025 15:56:07] "GET /api/health HTTP/1.1" 200 -
2025-01-05 15:57:01,637 - INFO - 192.168.96.1 - - [05/Jan/2025 15:57:01] "GET /api/health HTTP/1.1" 200 -
2025-01-05 15:57:01,906 - INFO - 192.168.96.1 - - [05/Jan/2025 15:57:01] "GET /api/health HTTP/1.1" 200 -
2025-01-05 15:57:01,979 - INFO - 192.168.96.1 - - [05/Jan/2025 15:57:01] "GET /api/health HTTP/1.1" 200 -
2025-01-05 15:57:32,774 - INFO - 192.168.96.1 - - [05/Jan/2025 15:57:32] "OPTIONS /api/recommendations HTTP/1.1" 200 -
2025-01-05 15:57:32,846 - WARNING - Error encoding user ID: y contains previously unseen labels: '1@1.com'
2025-01-05 15:57:32,850 - WARNING - Using default encoding (0)
2025-01-05 15:57:32,908 - WARNING - Error in transform: y contains previously unseen labels: '0'
2025-01-05 15:57:32,910 - WARNING - Using default value 0 for 13421 items
2025-01-05 15:57:38,449 - INFO - 192.168.96.1 - - [05/Jan/2025 15:57:38] "POST /api/recommendations HTTP/1.1" 200 -
2025-01-05 15:57:53,329 - INFO - 192.168.96.1 - - [05/Jan/2025 15:57:53] "OPTIONS /api/recommendations HTTP/1.1" 200 -
2025-01-05 15:57:53,418 - WARNING - Error encoding user ID: y contains previously unseen labels: '1@1.com'
2025-01-05 15:57:53,421 - WARNING - Using default encoding (0)
2025-01-05 15:57:53,472 - WARNING - Error in transform: y contains previously unseen labels: '0'
2025-01-05 15:57:53,475 - WARNING - Using default value 0 for 13421 items
2025-01-05 15:58:01,954 - INFO - 192.168.96.1 - - [05/Jan/2025 15:58:01] "POST /api/recommendations HTTP/1.1" 200 -
2025-01-05 15:58:05,979 - INFO - 192.168.96.1 - - [05/Jan/2025 15:58:05] "GET /api/health HTTP/1.1" 200 -
2025-01-05 15:58:05,984 - INFO - 192.168.96.1 - - [05/Jan/2025 15:58:05] "GET /api/health HTTP/1.1" 200 -
2025-01-05 15:58:12,390 - INFO - 192.168.96.1 - - [05/Jan/2025 15:58:12] "GET /api/health HTTP/1.1" 200 -
2025-01-05 15:58:12,400 - INFO - 192.168.96.1 - - [05/Jan/2025 15:58:12] "GET /api/health HTTP/1.1" 200 -
2025-01-05 15:58:16,377 - INFO - 192.168.96.1 - - [05/Jan/2025 15:58:16] "GET /api/health HTTP/1.1" 200 -
2025-01-05 15:58:16,389 - INFO - 192.168.96.1 - - [05/Jan/2025 15:58:16] "GET /api/health HTTP/1.1" 200 -
2025-01-05 15:58:37,366 - INFO - 192.168.96.1 - - [05/Jan/2025 15:58:37] "GET /api/health HTTP/1.1" 200 -
2025-01-05 15:58:40,002 - INFO - 192.168.96.1 - - [05/Jan/2025 15:58:40] "GET /api/health HTTP/1.1" 200 -
2025-01-05 16:00:51,653 - INFO - 192.168.96.1 - - [05/Jan/2025 16:00:51] "GET /api/health HTTP/1.1" 200 -
2025-01-05 16:00:51,687 - INFO - 192.168.96.1 - - [05/Jan/2025 16:00:51] "GET /api/health HTTP/1.1" 200 -
2025-01-05 16:01:04,760 - INFO - 192.168.96.1 - - [05/Jan/2025 16:01:04] "GET /api/health HTTP/1.1" 200 -
2025-01-05 16:01:04,774 - INFO - 192.168.96.1 - - [05/Jan/2025 16:01:04] "GET /api/health HTTP/1.1" 200 -
2025-01-05 16:01:05,253 - INFO - 192.168.96.1 - - [05/Jan/2025 16:01:05] "GET /api/health HTTP/1.1" 200 -
2025-01-05 16:01:11,198 - INFO - 192.168.96.1 - - [05/Jan/2025 16:01:11] "OPTIONS /api/recommendations HTTP/1.1" 200 -
2025-01-05 16:01:11,222 - WARNING - Error encoding user ID: y contains previously unseen labels: '2@2.com'
2025-01-05 16:01:11,223 - WARNING - Using default encoding (0)
2025-01-05 16:01:11,247 - WARNING - Error in transform: y contains previously unseen labels: '0'
2025-01-05 16:01:11,248 - WARNING - Using default value 0 for 13421 items
2025-01-05 16:01:15,384 - INFO - 192.168.96.1 - - [05/Jan/2025 16:01:15] "POST /api/recommendations HTTP/1.1" 200 -
2025-01-05 16:01:21,569 - INFO - 192.168.96.1 - - [05/Jan/2025 16:01:21] "GET /api/health HTTP/1.1" 200 -
2025-01-05 16:01:21,602 - INFO - 192.168.96.1 - - [05/Jan/2025 16:01:21] "GET /api/health HTTP/1.1" 200 -
2025-01-05 16:01:49,044 - INFO - 192.168.96.1 - - [05/Jan/2025 16:01:49] "GET /api/health HTTP/1.1" 200 -
2025-01-05 16:01:49,050 - INFO - 192.168.96.1 - - [05/Jan/2025 16:01:49] "GET /api/health HTTP/1.1" 200 -
2025-01-05 16:02:11,485 - INFO - 192.168.96.1 - - [05/Jan/2025 16:02:11] "GET /api/health HTTP/1.1" 200 -
2025-01-05 16:02:11,518 - INFO - 192.168.96.1 - - [05/Jan/2025 16:02:11] "GET /api/health HTTP/1.1" 200 -
2025-01-05 16:02:22,291 - INFO - 192.168.96.1 - - [05/Jan/2025 16:02:22] "OPTIONS /api/recommendations HTTP/1.1" 200 -
2025-01-05 16:02:22,362 - WARNING - Error encoding user ID: y contains previously unseen labels: '2@2.com'
2025-01-05 16:02:22,363 - WARNING - Using default encoding (0)
2025-01-05 16:02:22,593 - WARNING - Error in transform: y contains previously unseen labels: '0'
2025-01-05 16:02:22,598 - WARNING - Using default value 0 for 13421 items
2025-01-05 16:02:25,163 - INFO - 192.168.96.1 - - [05/Jan/2025 16:02:25] "POST /api/recommendations HTTP/1.1" 200 -
2025-01-05 16:02:37,781 - INFO - 192.168.96.1 - - [05/Jan/2025 16:02:37] "GET /api/health HTTP/1.1" 200 -
2025-01-05 16:02:37,787 - INFO - 192.168.96.1 - - [05/Jan/2025 16:02:37] "GET /api/health HTTP/1.1" 200 -
2025-01-05 16:02:52,540 - INFO - 192.168.96.1 - - [05/Jan/2025 16:02:52] "OPTIONS /api/recommendations HTTP/1.1" 200 -
2025-01-05 16:02:52,559 - WARNING - Error encoding user ID: y contains previously unseen labels: '2@2.com'
2025-01-05 16:02:52,559 - WARNING - Using default encoding (0)
2025-01-05 16:02:52,585 - WARNING - Error in transform: y contains previously unseen labels: '0'
2025-01-05 16:02:52,585 - WARNING - Using default value 0 for 13421 items
2025-01-05 16:02:56,478 - INFO - 192.168.96.1 - - [05/Jan/2025 16:02:56] "POST /api/recommendations HTTP/1.1" 200 -
2025-01-05 16:03:12,782 - INFO - 192.168.96.1 - - [05/Jan/2025 16:03:12] "GET /api/health HTTP/1.1" 200 -
2025-01-05 16:03:12,798 - INFO - 192.168.96.1 - - [05/Jan/2025 16:03:12] "GET /api/health HTTP/1.1" 200 -
2025-01-05 16:03:13,060 - INFO - 192.168.96.1 - - [05/Jan/2025 16:03:13] "GET /api/health HTTP/1.1" 200 -
2025-01-05 16:03:27,671 - INFO - 192.168.96.1 - - [05/Jan/2025 16:03:27] "GET /api/health HTTP/1.1" 200 -
2025-01-05 16:03:27,699 - INFO - 192.168.96.1 - - [05/Jan/2025 16:03:27] "GET /api/health HTTP/1.1" 200 -
2025-01-05 16:03:32,129 - INFO - 192.168.96.1 - - [05/Jan/2025 16:03:32] "OPTIONS /api/recommendations HTTP/1.1" 200 -
2025-01-05 16:03:32,176 - WARNING - Error encoding user ID: y contains previously unseen labels: '2@2.com'
2025-01-05 16:03:32,176 - WARNING - Using default encoding (0)
2025-01-05 16:03:32,203 - WARNING - Error in transform: y contains previously unseen labels: '0'
2025-01-05 16:03:32,204 - WARNING - Using default value 0 for 13421 items
2025-01-05 16:03:36,064 - INFO - 192.168.96.1 - - [05/Jan/2025 16:03:36] "POST /api/recommendations HTTP/1.1" 200 -
2025-01-05 16:03:44,736 - INFO - 192.168.96.1 - - [05/Jan/2025 16:03:44] "GET /api/health HTTP/1.1" 200 -
2025-01-05 16:24:03,406 - INFO - 192.168.96.1 - - [05/Jan/2025 16:24:03] "GET /api/health HTTP/1.1" 200 -
2025-01-05 16:24:03,428 - INFO - 192.168.96.1 - - [05/Jan/2025 16:24:03] "GET /api/health HTTP/1.1" 200 -
2025-01-05 16:24:03,614 - INFO - 192.168.96.1 - - [05/Jan/2025 16:24:03] "GET /api/health HTTP/1.1" 200 -
2025-01-05 16:24:58,416 - INFO - 192.168.96.1 - - [05/Jan/2025 16:24:58] "GET /api/health HTTP/1.1" 200 -
2025-01-05 16:25:03,231 - INFO - 192.168.96.1 - - [05/Jan/2025 16:25:03] "OPTIONS /api/recommendations HTTP/1.1" 200 -
2025-01-05 16:25:03,314 - WARNING - Error encoding user ID: y contains previously unseen labels: '2@2.com'
2025-01-05 16:25:03,315 - WARNING - Using default encoding (0)
2025-01-05 16:25:03,356 - WARNING - Error in transform: y contains previously unseen labels: '0'
2025-01-05 16:25:03,357 - WARNING - Using default value 0 for 13421 items
2025-01-05 16:25:08,116 - INFO - 192.168.96.1 - - [05/Jan/2025 16:25:08] "POST /api/recommendations HTTP/1.1" 200 -
2025-01-05 16:25:10,602 - INFO - 192.168.96.1 - - [05/Jan/2025 16:25:10] "GET /api/health HTTP/1.1" 200 -
2025-01-05 16:25:10,619 - INFO - 192.168.96.1 - - [05/Jan/2025 16:25:10] "GET /api/health HTTP/1.1" 200 -
2025-01-05 16:34:12,198 - INFO - 192.168.96.1 - - [05/Jan/2025 16:34:12] "GET /api/health HTTP/1.1" 200 -
2025-01-05 16:34:12,267 - INFO - 192.168.96.1 - - [05/Jan/2025 16:34:12] "GET /api/health HTTP/1.1" 200 -
2025-01-05 16:34:13,532 - INFO - 192.168.96.1 - - [05/Jan/2025 16:34:13] "GET /api/health HTTP/1.1" 200 -
2025-01-05 16:37:14,047 - INFO - 192.168.96.1 - - [05/Jan/2025 16:37:14] "GET /api/health HTTP/1.1" 200 -
2025-01-05 17:39:32,676 - INFO - 192.168.96.1 - - [05/Jan/2025 17:39:32] "GET /api/health HTTP/1.1" 200 -
2025-01-05 17:39:33,192 - INFO - 192.168.96.1 - - [05/Jan/2025 17:39:33] "GET /api/health HTTP/1.1" 200 -
2025-01-05 17:39:52,874 - INFO - 192.168.96.1 - - [05/Jan/2025 17:39:52] "GET /api/health HTTP/1.1" 200 -
2025-01-05 17:39:52,910 - INFO - 192.168.96.1 - - [05/Jan/2025 17:39:52] "GET /api/health HTTP/1.1" 200 -
2025-01-05 17:39:53,989 - INFO - 192.168.96.1 - - [05/Jan/2025 17:39:53] "GET /api/health HTTP/1.1" 200 -
2025-01-05 17:44:12,760 - INFO - 192.168.96.1 - - [05/Jan/2025 17:44:12] "GET /api/health HTTP/1.1" 200 -
2025-01-05 17:44:12,828 - INFO - 192.168.96.1 - - [05/Jan/2025 17:44:12] "GET /api/health HTTP/1.1" 200 -
2025-01-05 17:44:13,683 - INFO - 192.168.96.1 - - [05/Jan/2025 17:44:13] "GET /api/health HTTP/1.1" 200 -
2025-01-06 00:21:00,055 - INFO -  * Detected change in '/home/martinson/Lhydra_rs/data_engineered_v3/rs_main_v2_refactored/data_utils.py', reloading
2025-01-06 00:21:00,103 - INFO -  * Detected change in '/home/martinson/Lhydra_rs/data_engineered_v3/rs_main_v2_refactored/data_utils.py', reloading
2025-01-06 00:21:00,104 - INFO -  * Detected change in '/home/martinson/Lhydra_rs/data_engineered_v3/rs_main_v2_refactored/data_utils.py', reloading
2025-01-06 00:21:14,626 - INFO -  * Restarting with watchdog (inotify)
