{
    "play_count_mean": 1.4318108709586157,
    "play_count_std": 0.6899328085591402,
    "n_users": 7365,
    "n_items": 11429,
    "n_artists": 5059,
    "n_genres": 20
}