{"_runtime":24.936302099,"_step":50,"epoch":50,"train_loss":0.005508781436623799,"val_loss":0.0005472933989949524,"lr":0.0005,"_wandb":{"runtime":24},"_timestamp":1.7331477510843875e+09}